Features,NumFeatures,MeanAccuracy,MeanLogLoss,MeanBrier
EloDiff + AwayPointsLast5 + XGDDiffLast5,3,0.5355263157894736,0.9782675332091897,0.19431095453408442
EloDiff + HomeShotsOnTargetLast5 + XGDDiff,3,0.5263513513513514,0.9794967281216165,0.1948677155811196
EloDiff + AwayGoalsLast5 + XGDDiffLast5,3,0.5414473684210527,0.9795916432559697,0.19459534177672783
EloDiff + HomePointsLast5 + XGDDiff,3,0.5310810810810811,0.9796039206042875,0.1949161783308372
EloDiff + AwayPointsLast5 + XGDDiff,3,0.5297297297297298,0.9797333489462801,0.1949567682760475
EloDiff + HomePointsLast5 + XGDDiffLast5,3,0.5394736842105263,0.9798259611324188,0.19466713594908264
EloDiff + AwayElo + XGDDiffLast5,3,0.5407894736842106,0.9798412557904554,0.19450734585608587
HomeElo + AwayElo + XGDDiffLast5,3,0.5407894736842106,0.9798413167372035,0.19450735815019146
EloDiff + HomeElo + XGDDiffLast5,3,0.5407894736842106,0.9798413233779375,0.19450736004943742
EloDiff + HomeGDPerGame + XGDDiffLast5,3,0.5407894736842106,0.9800642048477122,0.194685025877845
EloDiff + HomeShotsOnTargetLast5 + XGDDiffLast5,3,0.5388157894736842,0.9800644149239046,0.19477334327445084
EloDiff + HomeShotsOnTargetLast5 + XGAgainstDiffLast5,3,0.5348684210526315,0.980198054259279,0.19481312638801662
EloDiff + ShotOTDiffLast5 + HomeShotsAgainstLast5,3,0.5447368421052632,0.9802223564527723,0.19474160327201478
EloDiff + HomePPG + XGDDiffLast5,3,0.5348684210526317,0.9802394828332665,0.19472127651691187
EloDiff + PPGDiff + XGDDiffLast5,3,0.5388157894736842,0.9802901387983045,0.19484738548308211
EloDiff + HomeElo + XGDDiff,3,0.5344594594594594,0.9803047877497141,0.19493299755081356
EloDiff + AwayElo + XGDDiff,3,0.5344594594594594,0.9803048403657166,0.1949330088368626
EloDiff + HomeShotsOnTargetAgainstLast5 + XGDDiff,3,0.5351351351351351,0.9803061870525254,0.1949672462414906
HomeElo + AwayElo + XGDDiff,3,0.5344594594594594,0.9803185390083501,0.19493476206381105
EloDiff + ShotDiffLast5 + HomeShotsAgainstLast5,3,0.5421052631578948,0.9803999322645232,0.19472786136168452
EloDiff + HomeShotsAgainstLast5 + XGDDiff,3,0.5324324324324323,0.9804008581719664,0.1950666097334589
EloDiff + HomeShotsOnTargetAgainstLast5 + XGDDiffLast5,3,0.5388157894736842,0.9804087657953345,0.19479991987420725
EloDiff + ShotDiffLast5 + XGAgainstDiffLast5,3,0.5381578947368422,0.980464231689758,0.1947915474280122
EloDiff + GoalDiffLast5 + XGDDiffLast5,3,0.5361842105263158,0.9805769542001799,0.19480346243107202
EloDiff + XGDDiffLast5,2,0.5381578947368421,0.9806607911864809,0.1948992495625949
EloDiff + AwayGoalsLast5 + XGDDiff,3,0.5304054054054055,0.9806986283429547,0.19515281898938966
EloDiff + ShotOTDiffLast5 + XGAgainstDiffLast5,3,0.5407894736842105,0.9807049638498739,0.1949105415910979
EloDiff + HomeShotsAgainstLast5 + HomeShotsOnTargetLast5,3,0.5388157894736842,0.9807102596940682,0.1948796937468269
EloDiff + HomeShotsAgainstLast5 + XGDDiffLast5,3,0.5401315789473684,0.9807525357725997,0.19490924012522448
EloDiff + HomeGoalsPerGame + XGDDiffLast5,3,0.5407894736842105,0.980767978474945,0.19480139849335124
EloDiff + XGDDiff + XGDDiffLast5,3,0.5378378378378379,0.9807916804793146,0.19509710018823062
EloDiff + GoalsPerGameDiff + XGDDiffLast5,3,0.5401315789473684,0.9807997008427668,0.19497136205918075
EloDiff + HomeGoalsLast5 + XGDDiffLast5,3,0.5407894736842106,0.9808052573627724,0.19490617196980756
EloDiff + ShotOTDiffLast5 + XGDDiffLast5,3,0.5355263157894737,0.9808214239152606,0.19493207467241883
EloDiff + ShotDiffLast5 + HomeShotsOnTargetAgainstLast5,3,0.5375000000000001,0.9808663504421777,0.19477383229436726
EloDiff + AwayShotsOnTargetLast5 + XGDDiffLast5,3,0.5401315789473684,0.9808665278517911,0.19494995947384006
EloDiff + ShotDiffLast5 + HomePointsLast5,3,0.5302631578947368,0.9808684406562268,0.19484484692793086
EloDiff + ShotOTDiffLast5 + HomeShotsOnTargetAgainstLast5,3,0.5434210526315789,0.9808691316046194,0.1948432502252078
EloDiff + HomeGoalsLast5 + XGDDiff,3,0.5297297297297296,0.9808924620537565,0.195231811859699
EloDiff + GDPerGameDiff + XGDDiffLast5,3,0.5375,0.9809091922615205,0.1949839095632045
EloDiff + HomePPG + XGDDiff,3,0.5304054054054054,0.9809351082483478,0.19514088588295517
EloDiff + XGDDiff + XGAgainstDiffLast5,3,0.5344594594594594,0.9809542022538,0.19514044191946647
EloDiff + AwayShotsOnTargetLast5 + XGDDiff,3,0.5324324324324324,0.9809950646503371,0.1952507884888717
EloDiff + XGDDiff,2,0.5310810810810811,0.9810321217747305,0.1952451702769538
EloDiff + ShotDiffLast5 + XGDDiffLast5,3,0.5394736842105263,0.9810449591408084,0.19495842527633006
EloDiff + AwayGDPerGame + XGDDiff,3,0.5283783783783783,0.9811076232915699,0.19522476086720192
EloDiff + ShotOTDiffLast5 + XGDDiff,3,0.5337837837837838,0.9811642803065526,0.19521849102421795
EloDiff + HomeGDPerGame + XGDDiff,3,0.5331081081081082,0.9811643782294655,0.19522729826881324
EloDiff + AwayPPG + XGDDiff,3,0.5304054054054054,0.9811713245750016,0.19520211460649928
EloDiff + HomeGoalsPerGame + XGDDiff,3,0.5283783783783784,0.9811997810271075,0.19520304200662605
EloDiff + HomeShotsOnTargetLast5 + XGAgainstDiffPg,3,0.527027027027027,0.9812041654365884,0.19522509216040582
EloDiff + HomeShotsOnTargetLast5 + HomeShotsOnTargetAgainstLast5,3,0.5361842105263158,0.9812085745589232,0.19496064657166412
EloDiff + HomeShotsAgainstLast5 + XGForDiffLast5,3,0.5414473684210526,0.9812396989091468,0.1949679552280122
EloDiff + ShotOTDiffLast5 + AwayPointsLast5,3,0.5368421052631579,0.9812601276598996,0.1950574329122869
EloDiff + AwayGDPerGame + XGDDiffLast5,3,0.5375,0.981274501887331,0.1950701003508117
EloDiff + AwayPPG + XGDDiffLast5,3,0.5368421052631579,0.9813359404675197,0.19502961287770926
EloDiff + ShotDiffLast5 + HomeGDPerGame,3,0.5375000000000001,0.9813435723095691,0.19487413032036766
EloDiff + AwayPointsLast5 + XGAgainstDiffLast5,3,0.5289473684210526,0.9813625880518457,0.1950246267745969
EloDiff + ShotOTDiffLast5 + HomePointsLast5,3,0.5368421052631579,0.9814163150287414,0.19507785539497768
EloDiff + AwayGoalsAgainstLast5 + XGDDiffLast5,3,0.5388157894736842,0.9814165882535351,0.19505827311702212
EloDiff + HomePointsLast5 + HomeShotsOnTargetLast5,3,0.5342105263157895,0.9814534968697376,0.19513774224412594
EloDiff + ShotDiffLast5 + HomeElo,3,0.5414473684210526,0.9814648978612796,0.19481615157129734
ShotDiffLast5 + HomeElo + AwayElo,3,0.5414473684210526,0.981465035780134,0.19481617572875973
EloDiff + ShotDiffLast5 + AwayElo,3,0.5414473684210526,0.9814804942700203,0.19481885936603696
EloDiff + ShotDiffLast5 + HomeShotsOnTargetLast5,3,0.5328947368421053,0.981497241432317,0.19501232150445771
EloDiff + HomeGoalsAgainstLast5 + XGDDiffLast5,3,0.5414473684210527,0.9814987464495768,0.19504347983400472
EloDiff + HomeShotsAgainstLast5 + AwayShotsOnTargetAgainstLast5,3,0.5361842105263157,0.9814992612946265,0.19513833557440627
EloDiff + XGForDiffLast5 + XGDDiffLast5,3,0.5375,0.9815481402991832,0.195082252457828
EloDiff + XGAgainstDiffLast5 + XGDDiffLast5,3,0.5381578947368422,0.9815500465589917,0.1950829161457375
EloDiff + XGForDiffLast5 + XGAgainstDiffLast5,3,0.5381578947368422,0.9815568018661468,0.1950844640471119
EloDiff + AwayGoalsAgainstPerGame + XGDDiffLast5,3,0.5394736842105263,0.9815592734320686,0.19508808591631538
EloDiff + ShotOTDiffLast5 + AwayGoalsLast5,3,0.5414473684210526,0.9815890544450828,0.1951033189786592
EloDiff + GoalsPerGameDiff + XGDDiff,3,0.5317567567567568,0.9815924723365181,0.1953856354144148
EloDiff + ShotDiffLast5 + XGDDiff,3,0.5270270270270271,0.9815932709169577,0.1953201765467722
EloDiff + HomeShotsOnTargetAgainstLast5 + XGForDiffLast5,3,0.5355263157894736,0.9815977397486753,0.19498298659242713
EloDiff + HomePointsLast5 + HomeShotsAgainstLast5,3,0.5361842105263157,0.9816027557846481,0.19513987643296668
EloDiff + ShotOTDiffLast5 + HomeGDPerGame,3,0.5401315789473684,0.9816192974350786,0.19504821884283316
EloDiff + PPGDiff + XGDDiff,3,0.5310810810810811,0.9816696451120266,0.1953598587630757
EloDiff + ShotDiffLast5 + AwayPointsLast5,3,0.5368421052631579,0.981680551404583,0.1950253386890338
EloDiff + HomePointsLast5 + XGAgainstDiffLast5,3,0.5375,0.9816963458182426,0.1950978744461866
EloDiff + HomeGDPerGame + XGAgainstDiffLast5,3,0.5328947368421053,0.9817114237659909,0.1950343541936062
EloDiff + ShotDiffLast5 + HomePPG,3,0.5342105263157895,0.9817199650939614,0.1949676360345114
EloDiff + ShotOTDiffLast5 + HomeElo,3,0.5388157894736842,0.9817950789201569,0.19501171216892485
ShotOTDiffLast5 + HomeElo + AwayElo,3,0.5388157894736842,0.9817950873569197,0.1950117124324171
EloDiff + ShotOTDiffLast5 + AwayElo,3,0.5388157894736842,0.9817950934162902,0.19501171884061744
EloDiff + ShotDiffLast5 + HomeGoalsLast5,3,0.5368421052631579,0.9818332508722525,0.19512166038940615
EloDiff + HomeGoalsLast5 + XGAgainstDiffLast5,3,0.5368421052631579,0.9818611227873522,0.19518874740162387
EloDiff + XGDDiff + XGForDiffLast5,3,0.529054054054054,0.9818666440478843,0.19540394622458482
EloDiff + HomeGoalsAgainstLast5 + XGDDiff,3,0.5358108108108108,0.9818827522282683,0.19535468374611104
EloDiff + HomePPG + HomeShotsAgainstLast5,3,0.5401315789473684,0.9818937509165426,0.19510360771632365
EloDiff + HomeElo + XGAgainstDiffLast5,3,0.5302631578947368,0.9819071524727793,0.1949911869277752
HomeElo + AwayElo + XGAgainstDiffLast5,3,0.5302631578947368,0.981907167675665,0.1949911940910654
EloDiff + AwayElo + XGAgainstDiffLast5,3,0.5302631578947368,0.9819071766817418,0.1949911911306273
EloDiff + GoalsAgainstPerGameDiff + XGDDiffLast5,3,0.5368421052631579,0.9819503857054293,0.19517935611002113
EloDiff + HomePointsLast5 + HomeShotsOnTargetAgainstLast5,3,0.5348684210526315,0.9819625777253309,0.1951593207247331
EloDiff + HomeGoalsLast5 + HomeShotsAgainstLast5,3,0.5355263157894737,0.9820191871628614,0.1952505070517977
EloDiff + HomePPG + XGAgainstDiffLast5,3,0.531578947368421,0.982019643247508,0.19510900846439086
EloDiff + ShotOTDiffLast5 + HomePPG,3,0.5401315789473684,0.9820432892720345,0.19515058439710892
EloDiff + ShotDiffLast5 + HomeGoalsPerGame,3,0.5375,0.9820972985567964,0.1950334191894521
EloDiff + HomeGoalsPerGame + XGAgainstDiffLast5,3,0.5342105263157895,0.9821250794189661,0.19507438674657823
EloDiff + AwayPointsLast5 + XGForDiffLast5,3,0.5375000000000001,0.9821395196898166,0.19518177844014953
EloDiff + AwayGoalsAgainstPerGame + XGDDiff,3,0.5317567567567567,0.9821438959921058,0.19546542356041946
EloDiff + GoalAgainstDiffLast5 + XGDDiffLast5,3,0.5407894736842106,0.9821577061841038,0.19520392040758414
EloDiff + HomePointsLast5 + XGForDiffLast5,3,0.5355263157894736,0.9821746813178722,0.19521421254866111
EloDiff + HomeShotsOnTargetLast5 + AwayShotsOnTargetAgainstLast5,3,0.5322368421052631,0.9822247843388874,0.19540741882281654
EloDiff + ShotOTDiffLast5 + HomeShotsOnTargetLast5,3,0.5361842105263157,0.9822282440372372,0.19530034167540147
EloDiff + HomeShotsOnTargetLast5 + AwayShotsOnTargetLast5,3,0.5361842105263157,0.9822288099466179,0.19530056647322377
EloDiff + ShotDiffLast5,2,0.5348684210526315,0.982230652270967,0.195173840001533
EloDiff + ShotOTDiffLast5 + AwayShotsOnTargetLast5,3,0.5361842105263157,0.9822356420236532,0.19530187685796185
EloDiff + AwayShotsOnTargetAgainstLast5 + XGDDiff,3,0.5277027027027027,0.9822513150022416,0.1955338045556676
EloDiff + PPGDiff + ShotDiffLast5,3,0.5361842105263158,0.9822604366131892,0.19519799313854563
EloDiff + HomeShotsAgainstLast5,2,0.5401315789473684,0.982283135401028,0.19526728312247812
EloDiff + AwayElo + HomeShotsAgainstLast5,3,0.5375,0.9822923063364719,0.19513178248440713
EloDiff + HomeElo + HomeShotsAgainstLast5,3,0.5375,0.982292327673816,0.19513178527413544
HomeElo + AwayElo + HomeShotsAgainstLast5,3,0.5375,0.9822923310969155,0.19513178711148046
EloDiff + ShotDiffLast5 + AwayGoalsLast5,3,0.5368421052631579,0.9823021542561763,0.19514886457526565
EloDiff + HomeGoalsPerGame + HomeShotsAgainstLast5,3,0.5381578947368421,0.9823041467897147,0.1951425400042061
EloDiff + HomeShotsOnTargetLast5,2,0.5335526315789474,0.9823043644424481,0.1953315682401425
EloDiff + AwayShotsOnTargetAgainstLast5 + XGDDiffLast5,3,0.5388157894736842,0.9823343645634379,0.19527236057069935
EloDiff + AwayGoalsAgainstLast5 + XGDDiff,3,0.5324324324324324,0.9823501929019773,0.19554000261874244
EloDiff + PPGDiff + HomeShotsAgainstLast5,3,0.5394736842105263,0.9823615514872646,0.19532589787026997
EloDiff + GoalDiffLast5 + XGDDiff,3,0.5310810810810811,0.982388078327334,0.19553036974939791
EloDiff + PPGDiff + HomeShotsOnTargetLast5,3,0.5361842105263158,0.9823882238951571,0.19536135401136653
EloDiff + HomeGDPerGame + HomeShotsAgainstLast5,3,0.5427631578947368,0.9823956493010079,0.1952164462146673
EloDiff + PPGDiff + XGAgainstDiffLast5,3,0.5335526315789474,0.982395902656231,0.19531337938663473
EloDiff + ShotOTDiffLast5 + PPGDiff,3,0.5355263157894737,0.982406780340763,0.19534631792677581
EloDiff + GoalsPerGameDiff + XGAgainstDiffLast5,3,0.5388157894736842,0.9824081785387213,0.19532579763860092
EloDiff + ShotOTDiffLast5 + GoalDiffLast5,3,0.5375,0.9824132995983081,0.19527893863621365
EloDiff + GoalsPerGameDiff + HomeShotsAgainstLast5,3,0.5355263157894736,0.9824181149165709,0.1953653247172816
EloDiff + HomePointsLast5 + XGAgainstDiffPg,3,0.525,0.9824434944880368,0.19550399311569164
EloDiff + AwayPointsLast5 + HomeShotsAgainstLast5,3,0.5381578947368421,0.9824767759581028,0.19529700884886952
EloDiff + GDPerGameDiff + XGDDiff,3,0.5297297297297298,0.982482316493672,0.19552982888156745
EloDiff + HomeShotsAgainstLast5 + AwayShotsOnTargetLast5,3,0.5375,0.9824848783770352,0.19529514087305483
EloDiff + AwayElo + XGForDiffLast5,3,0.5414473684210526,0.9824950264404162,0.19511426883623037
HomeElo + AwayElo + XGForDiffLast5,3,0.5414473684210526,0.9824950411444708,0.1951142734253273
EloDiff + HomeElo + XGForDiffLast5,3,0.5414473684210526,0.9824950772679892,0.19511428336706194
EloDiff + ShotOTDiffLast5,2,0.5381578947368422,0.9825053608140013,0.19535055421801095
EloDiff + AwayGoalsLast5 + XGForDiffLast5,3,0.5453947368421053,0.9825307034684192,0.19522787659964605
EloDiff + ShotOTDiffLast5 + HomeGoalsLast5,3,0.5355263157894736,0.9825457544847922,0.19536332159604988
EloDiff + XGForDiffPg + XGAgainstDiffLast5,3,0.5344594594594594,0.9825663458036742,0.19543932268585587
EloDiff + GoalsPerGameDiff + ShotDiffLast5,3,0.5361842105263158,0.9825769098747695,0.19532433450445005
EloDiff + HomeGDPerGame + XGForDiffLast5,3,0.5375,0.9825835112402318,0.19523664496249202
EloDiff + ShotOTDiffLast5 + HomeGoalsPerGame,3,0.5414473684210526,0.9825995259565024,0.19524627631592548
EloDiff + AwayShotsAgainstLast5 + XGDDiffLast5,3,0.5401315789473684,0.9826042349052122,0.19538249212726108
EloDiff + HomeShotsOnTargetAgainstLast5 + AwayShotsOnTargetAgainstLast5,3,0.5322368421052631,0.9826103175932428,0.19533101981107417
EloDiff + HomePPG + HomeShotsOnTargetLast5,3,0.5348684210526315,0.9826163891465399,0.19529403688645178
EloDiff + XGAgainstDiffLast5,2,0.5368421052631579,0.98263446039239,0.1953496614588628
EloDiff + HomeGDPerGame + HomeShotsOnTargetLast5,3,0.5342105263157895,0.9826493087689502,0.19530878617302727
EloDiff + HomeGoalsLast5 + HomeShotsOnTargetAgainstLast5,3,0.5348684210526315,0.9826554606142034,0.19533435577206318
EloDiff + GoalDiffLast5 + HomeShotsAgainstLast5,3,0.5401315789473684,0.9826666271515161,0.1953786552913294
EloDiff + HomeShotsAgainstLast5 + XGAgainstDiffLast5,3,0.530921052631579,0.982695249367388,0.19537697732674872
EloDiff + HomeGoalsLast5 + HomeShotsOnTargetLast5,3,0.531578947368421,0.9826954049245604,0.19541349643483708
EloDiff + ShotDiffLast5 + HomeGoalsAgainstLast5,3,0.5342105263157895,0.9827268836003105,0.19521538742515196
EloDiff + XGAgainstDiffPg + XGDDiff,3,0.5304054054054054,0.9827343676038998,0.19560401474059022
EloDiff + XGForDiffPg + XGDDiff,3,0.5310810810810811,0.9827446748616373,0.19560875770236902
EloDiff + GoalDiffLast5 + HomeShotsOnTargetLast5,3,0.5328947368421053,0.9827456238201759,0.19544219629742116
EloDiff + GoalsPerGameDiff + HomeShotsOnTargetLast5,3,0.5335526315789474,0.9827605865235076,0.19548491803968351
EloDiff + ShotDiffLast5 + AwayShotsOnTargetAgainstLast5,3,0.5401315789473684,0.9827720112279424,0.1953637489105919
EloDiff + HomeShotsOnTargetLast5 + XGForDiffLast5,3,0.5388157894736841,0.9827745306753376,0.19535779525378025
EloDiff + XGForDiffPg + XGAgainstDiffPg,3,0.5310810810810811,0.9827782450664952,0.1956141281473135
EloDiff + AwayGoalsLast5 + XGAgainstDiffLast5,3,0.5348684210526315,0.9827798395926037,0.19535315816725018
EloDiff + HomeShotsOnTargetAgainstLast5 + XGAgainstDiffLast5,3,0.5342105263157895,0.9827876963225628,0.19536013206924122
EloDiff + ShotOTDiffLast5 + HomeGoalsAgainstLast5,3,0.5388157894736842,0.9827934600348076,0.19532730742399526
EloDiff + ShotDiffLast5 + GoalDiffLast5,3,0.531578947368421,0.982796780033002,0.19532173970688288
EloDiff + GDPerGameDiff + XGAgainstDiffLast5,3,0.5302631578947369,0.982814345740937,0.19538352403832046
EloDiff + ShotOTDiffLast5 + ShotDiffLast5,3,0.5388157894736842,0.9828314132361646,0.19530638359363256
EloDiff + ShotOTDiffLast5 + XGAgainstDiffPg,3,0.5310810810810811,0.982855531721929,0.19555242806237635
EloDiff + ShotDiffLast5 + AwayShotsOnTargetLast5,3,0.5348684210526315,0.9828626718431008,0.19532206574600305
EloDiff + AwayGoalsLast5 + HomeShotsAgainstLast5,3,0.5388157894736842,0.982879236161988,0.1953832492140103
EloDiff + HomePPG + XGForDiffLast5,3,0.5361842105263158,0.9828795486911504,0.19530828949252305
EloDiff + GoalDiffLast5 + XGAgainstDiffLast5,3,0.5375,0.9828911765725712,0.19540984276036463
EloDiff + AwayPointsLast5 + HomeShotsOnTargetLast5,3,0.5328947368421053,0.9829050376582953,0.19545125325915466
EloDiff + HomePPG + HomeShotsOnTargetAgainstLast5,3,0.5394736842105263,0.9829065503171783,0.19526132452738276
EloDiff + HomeShotsAgainstLast5 + XGAgainstDiffPg,3,0.5310810810810811,0.9829814594524813,0.1955902038091983
EloDiff + PPGDiff + HomeShotsOnTargetAgainstLast5,3,0.5381578947368421,0.9829879418070908,0.19539899204854663
EloDiff + HomeElo + HomeShotsOnTargetLast5,3,0.5355263157894736,0.9829944810767057,0.19531099503953622
HomeElo + AwayElo + HomeShotsOnTargetLast5,3,0.5355263157894736,0.9829945017173034,0.1953109958862539
EloDiff + AwayElo + HomeShotsOnTargetLast5,3,0.5355263157894736,0.9829945359453789,0.19531100386899766
EloDiff + GDPerGameDiff + ShotDiffLast5,3,0.5342105263157895,0.9830135410088979,0.1954096985914736
EloDiff + AwayShotsOnTargetLast5 + XGAgainstDiffLast5,3,0.5375,0.9830385716348897,0.19544043132158864
EloDiff + ShotOTDiffLast5 + GoalsPerGameDiff,3,0.5368421052631579,0.9830487831375716,0.19552687927959697
EloDiff + AwayGoalsAgainstLast5 + XGAgainstDiffLast5,3,0.5361842105263158,0.9830643886893514,0.1954430797002381
EloDiff + ShotOTDiffLast5 + AwayShotsOnTargetAgainstLast5,3,0.5355263157894737,0.9830710981764302,0.1955517530307253
EloDiff + HomeGoalsPerGame + HomeShotsOnTargetAgainstLast5,3,0.5355263157894737,0.9830743556697301,0.1952523588225491
EloDiff + GoalsPerGameDiff + HomeShotsOnTargetAgainstLast5,3,0.5381578947368422,0.9830749760723316,0.19543636928856498
EloDiff + HomeShotsAgainstLast5 + XGForDiffPg,3,0.5331081081081082,0.9831023949697697,0.19558773285755937
EloDiff + AwayPointsLast5 + XGAgainstDiffPg,3,0.5236486486486487,0.9831024678973567,0.19568000780542633
EloDiff + HomeGoalsPerGame + XGAgainstDiffPg,3,0.5270270270270271,0.9831113162652991,0.19555579437142417
EloDiff + GDPerGameDiff + HomeShotsAgainstLast5,3,0.5355263157894736,0.983116310257814,0.19547755532865826
EloDiff + HomeGDPerGame + HomeShotsOnTargetAgainstLast5,3,0.5407894736842106,0.9831239130813311,0.1953054106601646
EloDiff + HomeShotsOnTargetAgainstLast5,2,0.5381578947368421,0.9831280316660788,0.195396612516147
EloDiff + HomeGoalsAgainstLast5 + HomeShotsOnTargetLast5,3,0.5388157894736842,0.983134293334387,0.19545254937415563
EloDiff + HomeShotsOnTargetAgainstLast5 + XGForDiffPg,3,0.5317567567567568,0.9831373921052842,0.19551231806695268
EloDiff + GDPerGameDiff + HomeShotsOnTargetLast5,3,0.5328947368421053,0.9831444510883454,0.19554015964656754
EloDiff + AwayPPG + HomeShotsAgainstLast5,3,0.5375,0.9831452938320371,0.19546221670784142
EloDiff + HomeShotsAgainstLast5 + AwayShotsAgainstLast5,3,0.5368421052631579,0.9831621168626794,0.1955145874462301
EloDiff + HomeGoalsLast5 + XGAgainstDiffPg,3,0.5243243243243243,0.9831780553614087,0.1957219145803987
EloDiff + PPGDiff + XGForDiffLast5,3,0.5348684210526315,0.983210456902181,0.19550781395490827
EloDiff + GoalsAgainstPerGameDiff + XGDDiff,3,0.5283783783783784,0.9832271208809361,0.19568530517934296
EloDiff + HomePointsLast5 + XGForDiffPg,3,0.527027027027027,0.9832314840872315,0.19567226330652593
EloDiff + ShotOTDiffLast5 + GDPerGameDiff,3,0.5368421052631579,0.9832425047970437,0.1955520388721945
EloDiff + AwayGoalsLast5 + HomeShotsOnTargetLast5,3,0.5381578947368422,0.9832925342903962,0.19554317757949555
EloDiff + ShotDiffLast5 + XGAgainstDiffPg,3,0.5324324324324324,0.9833026570154395,0.19558916414418306
EloDiff + AwayShotsAgainstLast5 + HomeShotsOnTargetLast5,3,0.5375,0.9833039929792533,0.19566126470289072
EloDiff + HomePointsLast5 + AwayShotsOnTargetAgainstLast5,3,0.5322368421052631,0.9833187878039825,0.19563402709224506
EloDiff + ShotDiffLast5 + AwayPPG,3,0.5348684210526315,0.983336067563399,0.19541394121695804
EloDiff + XGForDiffPg + XGDDiffLast5,3,0.5364864864864864,0.9833377063719231,0.19560240019929914
EloDiff + HomeGoalsPerGame + HomeShotsOnTargetLast5,3,0.5342105263157896,0.9833515444309925,0.19541997953591375
EloDiff + HomePPG + XGAgainstDiffPg,3,0.5317567567567568,0.9833546538272693,0.19562310322471427
EloDiff + AwayShotsOnTargetLast5 + HomeShotsOnTargetAgainstLast5,3,0.5342105263157895,0.9833865126198551,0.19543396018187728
HomeElo + AwayElo + HomeShotsOnTargetAgainstLast5,3,0.5407894736842105,0.9833904615815412,0.19531503959534416
EloDiff + AwayElo + HomeShotsOnTargetAgainstLast5,3,0.5407894736842105,0.9833904669511343,0.19531503981316328
EloDiff + HomeElo + HomeShotsOnTargetAgainstLast5,3,0.5407894736842105,0.9833904679501678,0.19531503883117446
EloDiff + HomeElo + XGAgainstDiffPg,3,0.5358108108108108,0.9834046573974096,0.19555189936951134
HomeElo + AwayElo + XGAgainstDiffPg,3,0.5358108108108108,0.9834046967888177,0.19555190642042194
EloDiff + AwayElo + XGAgainstDiffPg,3,0.5358108108108108,0.9834047392772851,0.1955519145191708
EloDiff + GoalDiffLast5 + HomeShotsOnTargetAgainstLast5,3,0.5394736842105263,0.9834214401608868,0.19548613057986494
EloDiff + XGForDiffLast5,2,0.5381578947368422,0.9834260446542264,0.19551464552043912
EloDiff + AwayPointsLast5 + HomeShotsOnTargetAgainstLast5,3,0.5368421052631579,0.9834331500377936,0.19544510910169752
EloDiff + ShotDiffLast5 + AwayGoalsAgainstPerGame,3,0.5361842105263158,0.9834693870142508,0.1954787611228045
EloDiff + HomeShotsOnTargetLast5 + XGForDiffPg,3,0.5277027027027026,0.9834845176651519,0.1956893764564298
EloDiff + ShotOTDiffLast5 + AwayPPG,3,0.5375,0.9834883797127867,0.19556773285918475
EloDiff + HomePointsLast5,2,0.5289473684210526,0.9834901708016646,0.1956042353134471
HomeElo + AwayPPG + XGDDiff,3,0.5358108108108108,0.9834985153766524,0.19560066893762743
EloDiff + ShotOTDiffLast5 + XGForDiffLast5,3,0.5401315789473684,0.9834992225966697,0.19551230874855435
EloDiff + AwayGoalsAgainstPerGame + HomeShotsOnTargetLast5,3,0.531578947368421,0.983502076629084,0.1956139493166241
EloDiff + AwayPPG + XGAgainstDiffLast5,3,0.5368421052631579,0.983519915438982,0.19552711610466597
EloDiff + XGAgainstDiffPg + XGDDiffLast5,3,0.5344594594594595,0.9835209634735671,0.19563466807822208
EloDiff + HomeGDPerGame + XGAgainstDiffPg,3,0.5324324324324324,0.9835254389301911,0.19567216073503943
EloDiff + AwayShotsAgainstLast5 + XGDDiff,3,0.5331081081081082,0.9835348388272396,0.1958350269817577
EloDiff + GoalAgainstDiffLast5 + XGDDiff,3,0.5344594594594595,0.9835381454128695,0.19575947003872696
EloDiff + AwayGDPerGame + HomeShotsAgainstLast5,3,0.5342105263157895,0.983547332077081,0.19563614202112775
EloDiff + AwayGoalsAgainstPerGame + XGAgainstDiffLast5,3,0.5328947368421053,0.9835506098974993,0.1955502687416415
EloDiff + ShotDiffLast5 + AwayGDPerGame,3,0.5355263157894736,0.9835952229507454,0.19555532558823147
EloDiff + GoalDiffLast5 + XGForDiffLast5,3,0.5368421052631579,0.9836035317101994,0.1955032745193525
EloDiff + HomeShotsOnTargetAgainstLast5 + XGAgainstDiffPg,3,0.5317567567567567,0.9836105153835055,0.1956880290815977
EloDiff + HomePointsLast5 + AwayShotsOnTargetLast5,3,0.531578947368421,0.9836105344868391,0.1956189581920478
EloDiff + HomeGoalsLast5 + XGForDiffLast5,3,0.5348684210526315,0.983619581245058,0.19556658205839553
EloDiff + AwayGDPerGame + HomeShotsOnTargetLast5,3,0.5335526315789474,0.9836242700029956,0.19571055241550978
EloDiff + AwayGDPerGame + XGAgainstDiffLast5,3,0.5361842105263158,0.9836242963123252,0.1956191129727468
EloDiff + AwayGoalsAgainstPerGame + HomeShotsAgainstLast5,3,0.5355263157894737,0.9836288079785278,0.1955606810728084
EloDiff + HomeGoalsPerGame + XGForDiffLast5,3,0.5361842105263158,0.9836296626900418,0.19545662816579468
EloDiff + HomeGoalsAgainstLast5 + XGForDiffLast5,3,0.5355263157894736,0.9836505645432747,0.19547678930240048
EloDiff + HomeGDPerGame + AwayShotsOnTargetAgainstLast5,3,0.5342105263157896,0.983677678959692,0.1955695735163101
EloDiff + AwayShotsOnTargetLast5 + XGForDiffLast5,3,0.5375000000000001,0.9836846354743287,0.19557955789796042
EloDiff + GDPerGameDiff + HomeShotsOnTargetAgainstLast5,3,0.5296052631578947,0.9837056136207217,0.19553901139624869
EloDiff + AwayGoalsLast5 + HomeShotsOnTargetAgainstLast5,3,0.5368421052631579,0.9837337733474338,0.1955116738025043
EloDiff + AwayPPG + HomeShotsOnTargetLast5,3,0.5361842105263158,0.9837358676084272,0.195653113572763
EloDiff + ShotOTDiffLast5 + AwayGoalsAgainstPerGame,3,0.5394736842105263,0.9837698418578515,0.1956492366615988
EloDiff + HomeShotsAgainstLast5 + HomeShotsOnTargetAgainstLast5,3,0.5407894736842105,0.9837726116110248,0.19556921514344208
EloDiff + GoalsPerGameDiff + HomePointsLast5,3,0.5335526315789474,0.9837891320942054,0.19573284102182534
EloDiff + GoalsPerGameDiff + XGForDiffLast5,3,0.5361842105263157,0.9838084918671687,0.1956732490809543
EloDiff + ShotOTDiffLast5 + AwayGDPerGame,3,0.5322368421052632,0.9838219567336857,0.1957210534129933
EloDiff + HomeGDPerGame,2,0.5388157894736841,0.9838763953768939,0.19557697334948376
EloDiff + ShotDiffLast5 + AwayShotsAgainstLast5,3,0.5355263157894736,0.9838864762320974,0.19563708817055656
EloDiff + ShotDiffLast5 + AwayGoalsAgainstLast5,3,0.5388157894736842,0.9839172508789731,0.19559148379666713
EloDiff + GoalsPerGameDiff + XGAgainstDiffPg,3,0.5317567567567567,0.9839462272674484,0.1959003594666014
EloDiff + HomeGoalsAgainstLast5 + XGAgainstDiffLast5,3,0.5368421052631579,0.983952004816381,0.19560107013356193
EloDiff + PPGDiff + HomePointsLast5,3,0.5335526315789474,0.9839691243325103,0.19573193282951656
EloDiff + HomeElo + AwayShotsOnTargetAgainstLast5,3,0.5348684210526315,0.9839777038428725,0.19560100496818186
HomeElo + AwayElo + AwayShotsOnTargetAgainstLast5,3,0.5348684210526315,0.9839777721875337,0.19560101311414718
EloDiff + AwayElo + AwayShotsOnTargetAgainstLast5,3,0.5348684210526315,0.9839778863134712,0.19560102222260525
EloDiff + ShotOTDiffLast5 + GoalsAgainstPerGameDiff,3,0.5355263157894737,0.9840006499236282,0.19567517821327324
EloDiff + AwayShotsOnTargetAgainstLast5 + XGForDiffLast5,3,0.5381578947368422,0.9840270956985229,0.1957277245675119
EloDiff + GDPerGameDiff + XGForDiffLast5,3,0.5335526315789473,0.9840287891280457,0.19570561768498781
EloDiff + HomePointsLast5 + HomeGoalsLast5,3,0.5296052631578947,0.9840306223249402,0.1957549641190758
EloDiff + ShotOTDiffLast5 + AwayShotsAgainstLast5,3,0.5381578947368422,0.9840312179726542,0.19578647280756953
EloDiff + HomeGDPerGame + AwayShotsOnTargetLast5,3,0.5361842105263158,0.9840356257133704,0.19556537637172647
EloDiff + XGAgainstDiffPg + XGAgainstDiffLast5,3,0.5324324324324324,0.9840404829071483,0.19577267096053966
EloDiff + GoalsAgainstPerGameDiff + XGAgainstDiffLast5,3,0.531578947368421,0.984055597048686,0.19565527349340042
EloDiff + GoalsAgainstPerGameDiff + ShotDiffLast5,3,0.5342105263157895,0.9840647316710136,0.19559527746129085
EloDiff + HomeGDPerGame + HomePointsLast5,3,0.5361842105263157,0.9840815245183275,0.19563176409157845
EloDiff + PPGDiff + AwayPointsLast5,3,0.5407894736842105,0.9840933912789653,0.19574425558127864
EloDiff + HomePointsLast5 + AwayGoalsLast5,3,0.5282894736842105,0.9841339996347273,0.19572896662197597
EloDiff + ShotDiffLast5 + XGForDiffLast5,3,0.5375,0.9841372822239798,0.19558511245348875
EloDiff + GoalsAgainstPerGameDiff + HomeShotsOnTargetLast5,3,0.5361842105263158,0.9841383508054015,0.19574043964261656
EloDiff + AwayShotsOnTargetAgainstLast5 + XGAgainstDiffLast5,3,0.5355263157894737,0.9841475811983407,0.1956891354027637
EloDiff + XGAgainstDiffPg,2,0.5283783783783784,0.984148338174183,0.1959261228457199
EloDiff + AwayGoalsLast5 + XGAgainstDiffPg,3,0.5256756756756757,0.984166483878504,0.19591921116915315
EloDiff + AwayGoalsAgainstLast5 + HomeShotsOnTargetLast5,3,0.5375,0.9841680341450931,0.19579559257887544
EloDiff + XGAgainstDiffPg + XGForDiffLast5,3,0.5310810810810811,0.9841814063320329,0.19581115134709906
HomeElo + AwayElo + HomePPG,3,0.5361842105263157,0.984195559932787,0.19560904116694608
EloDiff + AwayElo + HomePPG,3,0.5361842105263157,0.9841955774507404,0.19560904882486999
EloDiff + HomeElo + HomePPG,3,0.5361842105263157,0.9841955925214312,0.19560905102066092
EloDiff + PPGDiff + HomeGDPerGame,3,0.5401315789473684,0.9842032727902092,0.19569884996727327
EloDiff + AwayGoalsAgainstLast5 + HomeShotsAgainstLast5,3,0.5361842105263158,0.984212338529168,0.19571202780761907
PPGDiff + HomeElo + AwayElo,3,0.5421052631578948,0.9842239889362647,0.19565386599141257
EloDiff + PPGDiff + HomeElo,3,0.5421052631578948,0.9842240056442824,0.19565387666251816
EloDiff + PPGDiff + AwayElo,3,0.5421052631578948,0.9842240278566519,0.1956538780738124
EloDiff + GoalDiffLast5 + AwayPointsLast5,3,0.5289473684210526,0.984226968778408,0.19583799241797745
EloDiff + AwayPPG + XGForDiffLast5,3,0.5355263157894737,0.9842321764754224,0.1956908415104229
EloDiff + ShotOTDiffLast5 + AwayGoalsAgainstLast5,3,0.5394736842105263,0.9842483602105851,0.195777995704621
EloDiff + GoalsPerGameDiff + HomeElo,3,0.5401315789473684,0.984248942339351,0.1956980690902613
EloDiff + HomeGoalsLast5,2,0.5328947368421052,0.9842555538155869,0.19583626915365276
EloDiff + HomePPG + HomeGDPerGame,3,0.5368421052631579,0.9842802123021412,0.19563172790815775
EloDiff + HomePPG + AwayShotsOnTargetAgainstLast5,3,0.5355263157894737,0.9842859008759379,0.19577043461022514
GoalsPerGameDiff + HomeElo + AwayElo,3,0.5401315789473684,0.9842906053737488,0.19570789266460636
EloDiff + GoalsPerGameDiff + AwayElo,3,0.5401315789473684,0.9842906188317944,0.19570789913285536
EloDiff + HomePointsLast5 + AwayShotsAgainstLast5,3,0.5348684210526315,0.9842914979580009,0.19585755825107487
EloDiff + AwayShotsAgainstLast5 + HomeShotsOnTargetAgainstLast5,3,0.5355263157894737,0.9842972534574738,0.1956811458461859
EloDiff + GoalDiffLast5 + HomePointsLast5,3,0.5269736842105263,0.98430411016531,0.19581113998299404
EloDiff + AwayPPG + HomeShotsOnTargetAgainstLast5,3,0.5302631578947369,0.9843138108716439,0.1956492513038872
EloDiff + HomePointsLast5 + HomeGoalsAgainstLast5,3,0.5342105263157895,0.9843222095584847,0.19572348907502227
EloDiff + HomeGoalsPerGame + HomePointsLast5,3,0.5289473684210526,0.9843350395508881,0.1956750552861465
HomeElo + AwayElo,2,0.536842105263158,0.9843392709293048,0.1956393051916149
EloDiff + HomeElo + AwayElo,3,0.536842105263158,0.9843392755419742,0.19563930636089147
EloDiff + AwayElo,2,0.536842105263158,0.9843392767574405,0.19563930681211594
EloDiff + GDPerGameDiff + HomePointsLast5,3,0.5269736842105264,0.9843426330674203,0.19580246967820794
HomeElo + AwayGDPerGame + XGDDiff,3,0.5344594594594594,0.9843595839189456,0.195767385885778
EloDiff + HomePointsLast5 + AwayPointsLast5,3,0.5296052631578948,0.9843694598872934,0.19577650972309085
EloDiff + HomeElo,2,0.536842105263158,0.984378177591592,0.19564805007531297
EloDiff + HomePPG,2,0.5355263157894737,0.9843818737288408,0.19571852616891963
EloDiff + AwayGDPerGame + XGForDiffLast5,3,0.5355263157894737,0.9843900542924622,0.19579372825437422
EloDiff + GoalsPerGameDiff + HomeGDPerGame,3,0.5381578947368421,0.9843908236841175,0.19577633471342926
EloDiff + GoalAgainstDiffLast5 + ShotDiffLast5,3,0.5361842105263158,0.984394244434655,0.1956471611519023
HomeElo + AwayElo + XGForDiffPg,3,0.5324324324324324,0.9844037374045942,0.19580770414467552
EloDiff + HomeElo + XGForDiffPg,3,0.5324324324324324,0.984403745910587,0.1958077048377971
EloDiff + AwayElo + XGForDiffPg,3,0.5324324324324324,0.9844038272414728,0.19580771488394402
EloDiff + HomeGoalsLast5 + AwayShotsOnTargetAgainstLast5,3,0.5335526315789474,0.9844045019519829,0.1959420948973597
EloDiff + PPGDiff + HomeGoalsLast5,3,0.5335526315789474,0.9844139683264973,0.1958671198341753
EloDiff + HomeGoalsAgainstLast5 + HomeShotsAgainstLast5,3,0.5388157894736841,0.9844148858720492,0.19569703933166765
EloDiff + AwayShotsAgainstLast5 + XGAgainstDiffLast5,3,0.5328947368421053,0.9844207470220285,0.19581473783674816
EloDiff + AwayShotsOnTargetLast5 + XGAgainstDiffPg,3,0.5324324324324324,0.9844221133724327,0.19600957997483726
EloDiff + GoalDiffLast5 + HomeGDPerGame,3,0.530921052631579,0.9844450209437134,0.19575268369102566
EloDiff + AwayPointsLast5 + XGForDiffPg,3,0.5304054054054055,0.9844544256113259,0.19595624322114663
EloDiff + HomeGoalsAgainstLast5 + HomeShotsOnTargetAgainstLast5,3,0.5348684210526315,0.9844587997830351,0.1956586156144885
EloDiff + GDPerGameDiff + AwayPointsLast5,3,0.5296052631578947,0.984459805342974,0.19581186111522364
HomeElo + AwayElo + HomeGoalsPerGame,3,0.5335526315789474,0.9844781099507265,0.19566927379608914
EloDiff + HomeElo + HomeGoalsPerGame,3,0.5335526315789474,0.9844781257071193,0.19566927653312613
EloDiff + HomeGoalsLast5 + AwayShotsOnTargetLast5,3,0.5368421052631579,0.9844823221283744,0.19588616217261404
EloDiff + AwayElo + HomeGoalsPerGame,3,0.5335526315789474,0.9844826605537005,0.19566942960475686
HomeElo + AwayElo + HomeGDPerGame,3,0.5342105263157895,0.9844941749242762,0.1956665526498577
EloDiff + AwayElo + HomeGDPerGame,3,0.5342105263157895,0.9844941888797311,0.1956665567329752
EloDiff + HomeElo + HomeGDPerGame,3,0.5342105263157895,0.9844941986935105,0.19566655921196088
EloDiff + GoalAgainstDiffLast5 + HomeShotsOnTargetLast5,3,0.5368421052631579,0.9844960850457842,0.19582530914908247
EloDiff + AwayPointsLast5 + AwayShotsOnTargetAgainstLast5,3,0.531578947368421,0.9844966279497918,0.19594391927662796
EloDiff + GoalsAgainstPerGameDiff + HomeShotsAgainstLast5,3,0.5368421052631579,0.9844998589151842,0.19573879407400405
EloDiff + GoalAgainstDiffLast5 + XGAgainstDiffLast5,3,0.5355263157894737,0.984508032922806,0.19572350059410684
EloDiff + PPGDiff + XGAgainstDiffPg,3,0.527027027027027,0.9845098509254354,0.19597100598093684
EloDiff + ShotOTDiffLast5 + GoalAgainstDiffLast5,3,0.5434210526315789,0.9845194744289765,0.19577957005360339
EloDiff + HomeGDPerGame + AwayGoalsLast5,3,0.5328947368421053,0.9845207086942162,0.19569638968407116
EloDiff + HomeGDPerGame + AwayPointsLast5,3,0.5342105263157896,0.9845292415547742,0.19572047055193567
EloDiff + GDPerGameDiff + HomeElo,3,0.5361842105263158,0.9845586432451263,0.1957216948307285
EloDiff + GDPerGameDiff + AwayElo,3,0.5361842105263158,0.9845586604134402,0.19572169606012116
GDPerGameDiff + HomeElo + AwayElo,3,0.5361842105263158,0.9845586903943478,0.19572170184796014
EloDiff + GoalsPerGameDiff + AwayPointsLast5,3,0.5328947368421053,0.9846069158833681,0.1959219458847273
EloDiff + HomeGoalsPerGame,2,0.531578947368421,0.9846205454729412,0.1957555898195005
EloDiff + AwayGoalsAgainstPerGame + XGForDiffLast5,3,0.5322368421052632,0.9846429716779528,0.19579082236569198
EloDiff + AwayPointsLast5 + HomeGoalsLast5,3,0.5296052631578948,0.984675416407855,0.19591641648298216
EloDiff + AwayPointsLast5 + AwayShotsOnTargetLast5,3,0.5263157894736842,0.9847354156666344,0.1958624645595937
EloDiff + AwayGDPerGame + HomeShotsOnTargetAgainstLast5,3,0.5276315789473683,0.9847472157115593,0.19581101605398618
EloDiff + HomePPG + AwayShotsOnTargetLast5,3,0.5348684210526315,0.984751200976187,0.19577173631571892
EloDiff + AwayGoalsAgainstPerGame + HomeShotsOnTargetAgainstLast5,3,0.530921052631579,0.984760173624166,0.1957421142568146
EloDiff + GoalDiffLast5 + HomeElo,3,0.5355263157894737,0.9847616133827299,0.19578351034393057
GoalDiffLast5 + HomeElo + AwayElo,3,0.5355263157894737,0.9847616721721206,0.19578351991251866
EloDiff + GoalDiffLast5 + AwayElo,3,0.5355263157894737,0.9847617316509649,0.19578352992397566
EloDiff + HomeGoalsPerGame + AwayShotsOnTargetAgainstLast5,3,0.5342105263157895,0.9847618036609578,0.1958565990130828
EloDiff + GoalsPerGameDiff + HomeGoalsLast5,3,0.5322368421052631,0.9847709580067199,0.19598507539204346
EloDiff + HomeGDPerGame + HomeGoalsLast5,3,0.5335526315789474,0.9847986069845147,0.1958387150991523
EloDiff + GoalsPerGameDiff + HomePPG,3,0.5401315789473684,0.9848249527292234,0.19588985831479053
HomeElo + AwayElo + AwayShotsOnTargetLast5,3,0.5361842105263158,0.9848252232628172,0.1956269360520983
EloDiff + HomeElo + AwayShotsOnTargetLast5,3,0.5361842105263158,0.9848252461252437,0.19562693841588982
EloDiff + AwayPPG + XGAgainstDiffPg,3,0.5297297297297298,0.9848370152462244,0.19603877012636822
EloDiff + HomeGoalsLast5 + HomeGoalsAgainstLast5,3,0.5342105263157895,0.9848460815556039,0.19587474820513287
EloDiff + AwayElo + AwayShotsOnTargetLast5,3,0.5361842105263158,0.984852131341321,0.19563259206201805
PPGDiff + HomeElo + XGDDiff,3,0.5358108108108108,0.984852833692319,0.19581936611277267
EloDiff + HomeGDPerGame + AwayShotsAgainstLast5,3,0.5355263157894737,0.9848672736080786,0.19585946501284954
EloDiff + AwayGDPerGame + HomePointsLast5,3,0.5289473684210527,0.9848734031317753,0.19602444044958225
EloDiff + AwayGoalsAgainstPerGame + HomePointsLast5,3,0.5289473684210526,0.9848744056265867,0.19592485691546643
EloDiff + HomeGoalsLast5 + XGForDiffPg,3,0.5263513513513512,0.9848841952131866,0.19607584216132648
EloDiff + HomePPG + AwayPointsLast5,3,0.5335526315789474,0.9848856628212921,0.19583051490326892
EloDiff + HomePPG + AwayGoalsLast5,3,0.5361842105263158,0.9848983286791784,0.19580637789446023
EloDiff + HomeGoalsLast5 + AwayGoalsLast5,3,0.5328947368421052,0.9849120475304916,0.19597114647928046
EloDiff + AwayPointsLast5,2,0.5256578947368421,0.9849280336089581,0.19592851845177603
EloDiff + GoalDiffLast5 + HomeGoalsLast5,3,0.5335526315789474,0.9849313812086358,0.19597573266270438
EloDiff + HomeGoalsPerGame + AwayPointsLast5,3,0.5302631578947368,0.9849401275760306,0.1958242912417173
EloDiff + GoalDiffLast5 + AwayGoalsLast5,3,0.5328947368421052,0.9849408238736235,0.19597805980694322
EloDiff + ShotOTDiffLast5 + XGForDiffPg,3,0.5297297297297298,0.9849528656225335,0.19600227607795143
EloDiff + AwayElo + HomePointsLast5,3,0.5355263157894737,0.9849625912567341,0.1957901295731977
EloDiff + HomeElo + HomePointsLast5,3,0.5355263157894737,0.984962602371209,0.19579013637384826
HomeElo + AwayElo + HomePointsLast5,3,0.5355263157894737,0.9849626428165172,0.19579014127614527
EloDiff + HomePPG + XGForDiffPg,3,0.527027027027027,0.9849650371360212,0.19601381779971366
HomeElo + AwayElo + HomeGoalsLast5,3,0.5342105263157895,0.98496523980494,0.1958476358498345
EloDiff + AwayElo + HomeGoalsLast5,3,0.5342105263157895,0.9849652917639933,0.19584764817190534
EloDiff + HomeElo + HomeGoalsLast5,3,0.5342105263157895,0.9849653375672822,0.1958476581266371
EloDiff + PPGDiff,2,0.5394736842105263,0.984978300249288,0.19596031516043178
EloDiff + HomeGDPerGame + HomeGoalsPerGame,3,0.5348684210526315,0.9850025878028703,0.19578192111925463
EloDiff + GoalDiffLast5 + XGAgainstDiffPg,3,0.5256756756756756,0.9850187769402061,0.19612292544690255
EloDiff + GDPerGameDiff + HomeGoalsLast5,3,0.5328947368421053,0.9850328961303243,0.1959808129792394
EloDiff + GoalsAgainstPerGameDiff + XGForDiffLast5,3,0.530921052631579,0.9850390860486147,0.19586313703573238
EloDiff + AwayPPG + HomeGDPerGame,3,0.5368421052631579,0.98503913634744,0.19587338632451334
HomeElo + XGDDiff + XGDDiffLast5,3,0.5358108108108108,0.9850391741501736,0.19571613113238132
EloDiff + AwayElo + AwayPPG,3,0.5414473684210526,0.9850535418230867,0.19585381332826252
EloDiff + HomeElo + AwayPPG,3,0.5414473684210526,0.9850535498355415,0.19585381153898085
HomeElo + AwayElo + AwayPPG,3,0.5414473684210526,0.985053550556491,0.19585381445795738
EloDiff + HomeGDPerGame + XGForDiffPg,3,0.5297297297297296,0.9850549430542844,0.19602749811478332
EloDiff + GoalDiffLast5 + HomePPG,3,0.5282894736842105,0.9850699533732739,0.1959255240349165
EloDiff + PPGDiff + AwayGoalsLast5,3,0.5368421052631579,0.9850733665546388,0.19596072196877598
EloDiff + HomeElo + AwayGoalsLast5,3,0.5394736842105263,0.9850888454002215,0.19574128104318525
EloDiff + AwayElo + AwayGoalsLast5,3,0.5394736842105263,0.9850888561976674,0.19574128050570544
HomeElo + AwayElo + AwayGoalsLast5,3,0.5394736842105263,0.985088894716172,0.1957412878934798
EloDiff + PPGDiff + HomeGoalsPerGame,3,0.5348684210526315,0.9850996304782639,0.19588265776581548
EloDiff + AwayPointsLast5 + AwayGoalsLast5,3,0.5263157894736842,0.985105115999491,0.19597947508698157
EloDiff + HomePPG + AwayPPG,3,0.5381578947368422,0.9851059651217404,0.19591852468670592
EloDiff + AwayShotsAgainstLast5 + XGForDiffLast5,3,0.5355263157894737,0.9851126061442357,0.19598534045337865
EloDiff + PPGDiff + HomePPG,3,0.5381578947368422,0.985119226826564,0.19592155819318585
EloDiff + HomePPG + HomePointsLast5,3,0.5335526315789474,0.9851196354662778,0.19587147893594126
EloDiff + PPGDiff + AwayPPG,3,0.5375,0.9851311535643448,0.19592490013682373
EloDiff + GoalsPerGameDiff,2,0.5381578947368421,0.9851428074265046,0.19605516431195344
EloDiff,1,0.5322368421052632,0.9851444778739362,0.19598803149029817
EloDiff + AwayGoalsLast5 + XGForDiffPg,3,0.5371621621621622,0.9851454608472305,0.19605779305039311
EloDiff + AwayPPG + HomePointsLast5,3,0.5342105263157895,0.9851577169349983,0.19599751793399942
EloDiff + HomeElo + AwayShotsAgainstLast5,3,0.5414473684210526,0.9851611488875265,0.19585750751155315
HomeElo + AwayElo + AwayShotsAgainstLast5,3,0.5414473684210526,0.9851612780759547,0.19585753297346503
EloDiff + AwayElo + AwayShotsAgainstLast5,3,0.5414473684210526,0.9851615002657651,0.19585762426357636
EloDiff + GoalsPerGameDiff + AwayGoalsLast5,3,0.5381578947368421,0.9851618800747977,0.19602961576327824
EloDiff + AwayElo + AwayPointsLast5,3,0.5381578947368422,0.9851657031535869,0.19581703634412523
EloDiff + HomeElo + AwayPointsLast5,3,0.5381578947368422,0.9851657802501483,0.19581704972972253
HomeElo + AwayElo + AwayPointsLast5,3,0.5381578947368422,0.9851657873691297,0.19581705116257955
EloDiff + HomeGoalsPerGame + AwayGoalsLast5,3,0.5355263157894737,0.985177230637239,0.19585285390172077
EloDiff + AwayGoalsAgainstLast5 + XGForDiffLast5,3,0.5361842105263158,0.9851794234992703,0.1959424511757236
EloDiff + HomeGoalsPerGame + AwayShotsOnTargetLast5,3,0.5355263157894736,0.9851906730568305,0.1958460811744532
EloDiff + AwayGDPerGame + XGAgainstDiffPg,3,0.5297297297297298,0.9851949011174183,0.1961865593328964
EloDiff + XGForDiffPg,2,0.5283783783783784,0.9852016390633301,0.19612471267881407
EloDiff + HomeGDPerGame + AwayGDPerGame,3,0.5322368421052631,0.9852116328119511,0.19596367066654644
EloDiff + PPGDiff + HomeGoalsAgainstLast5,3,0.5348684210526315,0.9852154565367861,0.19594345238987862
EloDiff + HomeGoalsAgainstLast5 + XGForDiffPg,3,0.5304054054054054,0.9852164168654651,0.1960331159887435
EloDiff + HomeGoalsAgainstLast5 + XGAgainstDiffPg,3,0.5263513513513514,0.9852203695109732,0.19608532318837338
EloDiff + GDPerGameDiff + HomeGDPerGame,3,0.5322368421052631,0.9852206204070835,0.1959654246912904
EloDiff + GDPerGameDiff + AwayGDPerGame,3,0.5322368421052631,0.9852271680036704,0.1959677907075774
EloDiff + HomeElo + AwayGDPerGame,3,0.5368421052631579,0.9852429133128239,0.19589754790392122
EloDiff + AwayElo + AwayGDPerGame,3,0.5368421052631579,0.9852430675916636,0.19589757024836874
HomeElo + AwayElo + AwayGDPerGame,3,0.5368421052631579,0.9852584618928717,0.1958935877968657
EloDiff + GoalsPerGameDiff + HomeGoalsAgainstLast5,3,0.5335526315789474,0.9852612823368452,0.19599438996137666
EloDiff + HomeGoalsPerGame + HomeGoalsLast5,3,0.5348684210526315,0.9852709556099353,0.19593334949250993
EloDiff + PPGDiff + AwayShotsOnTargetLast5,3,0.5394736842105263,0.9852761203290373,0.19602541669100576
EloDiff + GDPerGameDiff + AwayGoalsLast5,3,0.5335526315789474,0.9852820321521678,0.19599552812980947
EloDiff + HomeGoalsAgainstLast5 + AwayShotsOnTargetAgainstLast5,3,0.530921052631579,0.9852874947458243,0.19598448542402847
EloDiff + AwayGoalsAgainstLast5 + HomeShotsOnTargetAgainstLast5,3,0.5302631578947369,0.9852964545411205,0.19590769775411113
EloDiff + HomePPG + AwayShotsAgainstLast5,3,0.5388157894736842,0.9853013496646634,0.19603206192345557
EloDiff + GoalsAgainstPerGameDiff + HomeShotsOnTargetAgainstLast5,3,0.5289473684210526,0.9853015317546712,0.1958610076496775
EloDiff + HomePPG + HomeGoalsLast5,3,0.530921052631579,0.9853133043224428,0.19598178351114823
EloDiff + AwayShotsOnTargetLast5 + XGForDiffPg,3,0.5304054054054054,0.9853210567193729,0.19615648248696613
HomeElo + AwayGDPerGame + XGDDiffLast5,3,0.5355263157894737,0.9853261132704001,0.1957091642521089
EloDiff + HomeGoalsPerGame + HomeGoalsAgainstLast5,3,0.5342105263157895,0.985345202435195,0.19582158759404508
EloDiff + PPGDiff + AwayShotsOnTargetAgainstLast5,3,0.5342105263157895,0.9853601095002749,0.19610318540257496
EloDiff + GoalAgainstDiffLast5 + HomeShotsAgainstLast5,3,0.5368421052631579,0.9853623677533427,0.19594749721898636
EloDiff + GoalAgainstDiffLast5 + XGForDiffLast5,3,0.5375,0.9853706425049462,0.1959386632992322
EloDiff + HomeGoalsLast5 + AwayShotsAgainstLast5,3,0.5361842105263158,0.985372588632213,0.19618042918488043
EloDiff + GDPerGameDiff,2,0.5322368421052631,0.9853840654995065,0.19603809086031773
EloDiff + HomePPG + AwayGDPerGame,3,0.5355263157894737,0.9853937353280706,0.19604594963860575
EloDiff + GoalsPerGameDiff + AwayShotsOnTargetAgainstLast5,3,0.5394736842105263,0.9853980929326848,0.1961635545143552
EloDiff + AwayGoalsAgainstLast5 + XGAgainstDiffPg,3,0.522972972972973,0.9854140060911944,0.1962158375117703
HomeElo + HomeGDPerGame + XGDDiff,3,0.5317567567567567,0.9854150493976361,0.19592113387338336
EloDiff + GDPerGameDiff + AwayPPG,3,0.5322368421052631,0.9854198474528064,0.19596031684582574
EloDiff + GoalsPerGameDiff + AwayPPG,3,0.5381578947368421,0.9854478632052397,0.19606049807263246
EloDiff + AwayShotsOnTargetAgainstLast5 + XGAgainstDiffPg,3,0.5283783783783783,0.985448374577651,0.1962366145408195
EloDiff + AwayPPG + XGForDiffPg,3,0.5283783783783784,0.985461766704729,0.1961433925481456
EloDiff + GDPerGameDiff + HomePPG,3,0.5361842105263157,0.9854921670104227,0.19599228429092963
EloDiff + AwayGoalsLast5 + AwayShotsOnTargetLast5,3,0.5342105263157895,0.9854924145088958,0.19598984941780792
EloDiff + GDPerGameDiff + XGAgainstDiffPg,3,0.5256756756756756,0.9854966759032115,0.19615549511487487
EloDiff + AwayShotsOnTargetAgainstLast5,2,0.531578947368421,0.9855015977087364,0.19615230741286005
EloDiff + PPGDiff + GoalDiffLast5,3,0.5328947368421052,0.9855068260014688,0.196104430163659
EloDiff + HomeGoalsAgainstLast5,2,0.5282894736842105,0.9855085403929027,0.1959725114755606
EloDiff + AwayShotsOnTargetLast5,2,0.5355263157894736,0.9855136819945468,0.19606390358269812
EloDiff + GoalsPerGameDiff + AwayShotsOnTargetLast5,3,0.5381578947368421,0.9855275790993778,0.19613506015182458
EloDiff + XGForDiffPg + XGForDiffLast5,3,0.529054054054054,0.9855473590128381,0.19617368980941696
EloDiff + GoalsAgainstPerGameDiff + HomePointsLast5,3,0.5276315789473685,0.9855561954614371,0.19603803401772527
EloDiff + AwayGoalsAgainstPerGame + HomeGoalsLast5,3,0.5355263157894736,0.9855593616481506,0.19613212944710653
EloDiff + HomeGoalsPerGame + XGForDiffPg,3,0.5297297297297296,0.9855632002263952,0.19612427259371226
EloDiff + GoalDiffLast5,2,0.5328947368421052,0.985566053977809,0.19613788679871574
EloDiff + AwayGoalsAgainstPerGame + XGAgainstDiffPg,3,0.5283783783783784,0.9855703678711918,0.1962275280514886
EloDiff + ShotDiffLast5 + XGForDiffPg,3,0.5290540540540539,0.9855867114765715,0.19614212754480054
EloDiff + HomePPG + HomeGoalsAgainstLast5,3,0.5335526315789473,0.9855898646692215,0.19588827659821445
EloDiff + AwayGoalsLast5,2,0.5335526315789474,0.9855903727609082,0.19607515380170892
EloDiff + GoalDiffLast5 + HomeGoalsPerGame,3,0.5289473684210526,0.9855912280218746,0.19601152781257816
EloDiff + HomeGDPerGame + AwayGoalsAgainstPerGame,3,0.5289473684210526,0.9856005781107637,0.19595780927461953
ShotOTDiffLast5 + HomeElo + XGDDiff,3,0.5344594594594595,0.9856029461126926,0.19588973478655777
EloDiff + HomeGDPerGame + HomeGoalsAgainstLast5,3,0.5361842105263158,0.9856073433551011,0.19588305697022715
EloDiff + GoalsPerGameDiff + HomeGoalsPerGame,3,0.5381578947368421,0.9856204435494239,0.19605953657836708
HomeElo + AwayShotsOnTargetAgainstLast5 + XGDDiff,3,0.5331081081081082,0.9856325972385205,0.19596874860799568
EloDiff + GoalAgainstDiffLast5 + HomePointsLast5,3,0.5263157894736842,0.9856456965405735,0.1960436963053953
HomeElo + XGDDiff + XGAgainstDiffLast5,3,0.5351351351351351,0.9856469680849566,0.19583974023949738
EloDiff + HomePointsLast5 + AwayGoalsAgainstLast5,3,0.5328947368421053,0.9856596397887888,0.19613279816299423
EloDiff + GoalDiffLast5 + HomeGoalsAgainstLast5,3,0.5328947368421053,0.9856719230538173,0.19604988695384853
EloDiff + GDPerGameDiff + AwayShotsOnTargetLast5,3,0.5342105263157894,0.9856741437180694,0.19610288326059028
EloDiff + PPGDiff + GoalsPerGameDiff,3,0.5388157894736842,0.9856765985983653,0.19614901988608935
EloDiff + GDPerGameDiff + PPGDiff,3,0.5269736842105263,0.9856792592373198,0.1961024772549615
EloDiff + PPGDiff + AwayGDPerGame,3,0.5388157894736841,0.985715409309938,0.19614914778660422
EloDiff + PPGDiff + XGForDiffPg,3,0.5222972972972973,0.9857356912544553,0.19622754056427708
EloDiff + HomeGoalsAgainstLast5 + AwayShotsOnTargetLast5,3,0.5328947368421052,0.9857367341585952,0.196005477283424
EloDiff + AwayShotsOnTargetAgainstLast5 + XGForDiffPg,3,0.527027027027027,0.9857612400974398,0.19630522146250282
EloDiff + AwayGoalsAgainstLast5 + AwayShotsOnTargetAgainstLast5,3,0.5328947368421053,0.9857636551999196,0.1962203984890637
EloDiff + AwayGDPerGame + XGForDiffPg,3,0.5283783783783783,0.985795206663149,0.19623605171446867
EloDiff + GDPerGameDiff + HomeGoalsAgainstLast5,3,0.5269736842105264,0.98580534131652,0.19607609936404827
EloDiff + HomeGoalsPerGame + AwayShotsAgainstLast5,3,0.5335526315789474,0.9858114312279211,0.19612901877252087
EloDiff + GDPerGameDiff + AwayShotsOnTargetAgainstLast5,3,0.5322368421052631,0.9858267793647523,0.19618131324369736
EloDiff + PPGDiff + AwayGoalsAgainstPerGame,3,0.5375,0.9858364266026363,0.19614191263584047
EloDiff + GoalsPerGameDiff + AwayGDPerGame,3,0.530921052631579,0.9858393094291302,0.19619740239926917
EloDiff + AwayPPG + HomeGoalsPerGame,3,0.5361842105263158,0.9858428987191206,0.19607307548441533
HomeElo + XGDDiff,2,0.5310810810810811,0.9858457816560302,0.1959855853411183
EloDiff + GoalsPerGameDiff + XGForDiffPg,3,0.5277027027027027,0.9858488973514608,0.19625101532137781
EloDiff + AwayGDPerGame + HomeGoalsLast5,3,0.5375,0.9858663099939995,0.19629019588406904
EloDiff + GDPerGameDiff + HomeGoalsPerGame,3,0.5289473684210526,0.9858694637613287,0.19604938799733776
EloDiff + HomePPG + AwayGoalsAgainstPerGame,3,0.530921052631579,0.9858702493354805,0.1960851243817413
EloDiff + HomePPG + HomeGoalsPerGame,3,0.5348684210526315,0.9858779311648482,0.19603307930792477
HomeElo + AwayElo + AwayGoalsAgainstPerGame,3,0.5302631578947368,0.9859071121243792,0.19596529217698538
EloDiff + AwayElo + AwayGoalsAgainstPerGame,3,0.5302631578947368,0.9859072038202288,0.19596530530981549
EloDiff + HomeElo + AwayGoalsAgainstPerGame,3,0.5302631578947368,0.985907239983962,0.1959653108410466
EloDiff + GDPerGameDiff + AwayGoalsAgainstPerGame,3,0.530921052631579,0.9859084821684045,0.1961354281648848
EloDiff + GDPerGameDiff + GoalDiffLast5,3,0.5322368421052631,0.9859154087178463,0.19615809278954988
EloDiff + GoalDiffLast5 + AwayShotsOnTargetAgainstLast5,3,0.5361842105263158,0.9859184991769709,0.19627558117321908
EloDiff + GoalsAgainstPerGameDiff + HomeGoalsLast5,3,0.5302631578947368,0.9859316796502656,0.19617620527156032
EloDiff + AwayPointsLast5 + HomeGoalsAgainstLast5,3,0.5289473684210526,0.9859347646490717,0.1960471504343407
EloDiff + AwayGDPerGame + AwayPointsLast5,3,0.5263157894736843,0.9859396126361035,0.19627209034438514
EloDiff + AwayPPG + HomeGoalsLast5,3,0.5328947368421052,0.9859492667293077,0.1962384575931984
EloDiff + AwayGoalsAgainstPerGame + AwayPointsLast5,3,0.5269736842105263,0.9859556327822624,0.1961849285036899
EloDiff + AwayGoalsLast5 + AwayShotsOnTargetAgainstLast5,3,0.530921052631579,0.9859605936307962,0.19623608357224578
EloDiff + AwayPointsLast5 + AwayShotsAgainstLast5,3,0.5322368421052631,0.9859625670350975,0.19627464247734033
EloDiff + GoalAgainstDiffLast5 + HomeShotsOnTargetAgainstLast5,3,0.5322368421052631,0.9859728501006152,0.19606032541601687
EloDiff + HomeGoalsPerGame + AwayGoalsAgainstPerGame,3,0.5282894736842105,0.9860012932618086,0.19610066518648311
HomeElo + AwayElo + HomeGoalsAgainstLast5,3,0.5394736842105263,0.9860411359326317,0.19593878731137537
EloDiff + HomeElo + HomeGoalsAgainstLast5,3,0.5394736842105263,0.9860411535615392,0.19593879345845988
EloDiff + AwayElo + HomeGoalsAgainstLast5,3,0.5394736842105263,0.9860411865225849,0.19593879621397942
HomeElo + AwayPointsLast5 + XGDDiff,3,0.5358108108108107,0.9860556452088205,0.1960252534284466
EloDiff + AwayGDPerGame + HomeGoalsPerGame,3,0.5348684210526315,0.9860607908555123,0.19618584935637137
HomeElo + AwayGoalsLast5 + XGDDiff,3,0.5344594594594594,0.986066482863441,0.1959876016312157
EloDiff + AwayPPG + AwayPointsLast5,3,0.5289473684210526,0.9860696716081458,0.19622307100532946
EloDiff + GoalsPerGameDiff + GoalDiffLast5,3,0.5361842105263157,0.9860710706574108,0.19626415186705745
EloDiff + GoalsAgainstPerGameDiff + HomeGDPerGame,3,0.5355263157894737,0.9860736675965915,0.19606007491008043
EloDiff + GoalDiffLast5 + AwayShotsOnTargetLast5,3,0.531578947368421,0.9860782561945101,0.19623638362433204
EloDiff + AwayShotsOnTargetLast5 + AwayShotsOnTargetAgainstLast5,3,0.5355263157894736,0.9860841165662841,0.1962662738939331
EloDiff + AwayGoalsLast5 + HomeGoalsAgainstLast5,3,0.530921052631579,0.9861411310321531,0.19609912444568767
ShotDiffLast5 + HomeElo + XGDDiff,3,0.5364864864864864,0.9861560072459641,0.19599808465240715
EloDiff + GoalAgainstDiffLast5 + HomeGDPerGame,3,0.5342105263157895,0.9862102805270841,0.19608289126118159
EloDiff + GoalAgainstDiffLast5 + HomeGoalsLast5,3,0.5328947368421052,0.9862251655316239,0.19622345628771026
PPGDiff + HomeElo + XGDDiffLast5,3,0.5388157894736842,0.9862327671312763,0.19596950981725958
EloDiff + AwayPPG,2,0.5342105263157895,0.9862613233908948,0.19622947892154166
HomeElo + HomePPG + XGDDiff,3,0.5358108108108108,0.9862740616868158,0.19608245023890922
EloDiff + GoalsAgainstPerGameDiff + AwayElo,3,0.5375000000000001,0.9862791261726392,0.19606360083157165
GoalsAgainstPerGameDiff + HomeElo + AwayElo,3,0.5375000000000001,0.9862791900338846,0.19606361594816726
EloDiff + HomeGDPerGame + AwayGoalsAgainstLast5,3,0.5342105263157895,0.9862821946048881,0.1961445393489893
EloDiff + HomeGoalsLast5 + AwayGoalsAgainstLast5,3,0.5355263157894737,0.9862930476262319,0.1963221206968534
EloDiff + GoalAgainstDiffLast5 + AwayPointsLast5,3,0.5296052631578948,0.9862936914763599,0.1962306942633678
EloDiff + AwayGoalsAgainstPerGame + AwayShotsOnTargetAgainstLast5,3,0.530921052631579,0.9862996854669748,0.1963090532380403
EloDiff + GoalsPerGameDiff + AwayGoalsAgainstPerGame,3,0.5322368421052631,0.9863071676463151,0.19630503590575074
EloDiff + GoalDiffLast5 + AwayPPG,3,0.5328947368421053,0.9863110376039792,0.19628199299900834
EloDiff + GoalsAgainstPerGameDiff + HomeElo,3,0.5375000000000001,0.9863118904505115,0.19607047960624094
EloDiff + PPGDiff + GoalsAgainstPerGameDiff,3,0.5361842105263158,0.9863221176074157,0.1962130418026165
GoalsPerGameDiff + HomeElo + XGDDiff,3,0.5324324324324324,0.9863501984204851,0.19615507426249815
HomeElo + HomeShotsOnTargetAgainstLast5 + XGDDiff,3,0.5337837837837838,0.9863564997073231,0.19603037072254945
HomeElo + AwayShotsOnTargetLast5 + XGDDiff,3,0.5358108108108108,0.9863860073304165,0.19608680861318195
EloDiff + PPGDiff + AwayShotsAgainstLast5,3,0.5361842105263158,0.986397702716852,0.19637104594211463
EloDiff + GDPerGameDiff + AwayGoalsAgainstLast5,3,0.5302631578947369,0.9863987955914669,0.19626984616505852
HomeElo + XGDDiff + XGForDiffLast5,3,0.5351351351351351,0.9864063465113693,0.19606685933493748
EloDiff + PPGDiff + AwayGoalsAgainstLast5,3,0.5342105263157895,0.986431439384533,0.19630954591235075
EloDiff + GoalsAgainstPerGameDiff + HomeGoalsPerGame,3,0.5296052631578947,0.986432849971007,0.19610461342960236
EloDiff + GoalsPerGameDiff + AwayShotsAgainstLast5,3,0.5348684210526317,0.9864501116696651,0.19642840077943582
EloDiff + GoalsAgainstPerGameDiff + HomePPG,3,0.5348684210526315,0.9864615151725,0.19614761118293492
EloDiff + AwayGoalsAgainstPerGame,2,0.5348684210526315,0.9864687412976201,0.1962972715440602
EloDiff + AwayPPG + AwayShotsOnTargetLast5,3,0.5355263157894736,0.9864690223857023,0.1962407547269968
EloDiff + GoalDiffLast5 + XGForDiffPg,3,0.529054054054054,0.9864744333832413,0.19639210078278876
EloDiff + HomePPG + AwayGoalsAgainstLast5,3,0.5355263157894736,0.9864805724904473,0.19623384875805047
EloDiff + AwayPPG + AwayGoalsLast5,3,0.5328947368421053,0.9864988090032134,0.19625429708102032
EloDiff + GoalsPerGameDiff + GoalsAgainstPerGameDiff,3,0.5289473684210526,0.9865152271764083,0.1962807111872362
EloDiff + GDPerGameDiff + GoalsPerGameDiff,3,0.5289473684210526,0.9865170196149122,0.19628115884609
EloDiff + GoalsAgainstPerGameDiff + AwayPointsLast5,3,0.530921052631579,0.9865310367952973,0.1962486257442145
EloDiff + GDPerGameDiff + GoalsAgainstPerGameDiff,3,0.5296052631578948,0.9865368830769379,0.19628546895076415
EloDiff + AwayShotsAgainstLast5 + AwayShotsOnTargetAgainstLast5,3,0.5296052631578948,0.9865726425349042,0.19645156974333589
HomeElo + AwayGoalsAgainstPerGame + XGDDiff,3,0.5337837837837838,0.9865759944751966,0.196171316946353
EloDiff + GoalsAgainstPerGameDiff + XGAgainstDiffPg,3,0.529054054054054,0.9865779754329719,0.19639322894808672
HomeElo + HomeGoalsPerGame + XGDDiff,3,0.5304054054054055,0.9865887298151911,0.1961558588066563
EloDiff + AwayGDPerGame,2,0.5342105263157895,0.9866004553590688,0.19638658753808075
EloDiff + GoalDiffLast5 + AwayGDPerGame,3,0.531578947368421,0.9866130928808496,0.19641103173932714
EloDiff + GoalAgainstDiffLast5 + AwayElo,3,0.5414473684210526,0.9866316892423165,0.19612888996299027
EloDiff + GoalAgainstDiffLast5 + HomeElo,3,0.5414473684210526,0.9866317472791772,0.19612889759767235
EloDiff + AwayShotsAgainstLast5,2,0.5302631578947368,0.9866362760572014,0.19642849322987913
EloDiff + AwayPPG + AwayShotsOnTargetAgainstLast5,3,0.530921052631579,0.9866416065266759,0.19637061735425834
EloDiff + GoalAgainstDiffLast5 + PPGDiff,3,0.531578947368421,0.9866425530090961,0.19629938729940388
EloDiff + HomeGoalsPerGame + AwayGoalsAgainstLast5,3,0.530921052631579,0.9866600814296455,0.19625096239717305
GoalAgainstDiffLast5 + HomeElo + AwayElo,3,0.5414473684210526,0.9866646941355837,0.19613593792167766
EloDiff + GoalAgainstDiffLast5 + GDPerGameDiff,3,0.5276315789473685,0.9866838589934775,0.19628182067777608
HomeElo + HomeShotsAgainstLast5 + XGDDiff,3,0.5317567567567567,0.9866946157855687,0.19618318004289426
EloDiff + GoalAgainstDiffLast5 + HomePPG,3,0.530921052631579,0.9866968098963292,0.1962061038642674
EloDiff + AwayElo + AwayGoalsAgainstLast5,3,0.5348684210526315,0.9867088116406924,0.19619064883791
EloDiff + HomeElo + AwayGoalsAgainstLast5,3,0.5348684210526315,0.9867088315337964,0.19619065343715267
HomeElo + AwayElo + AwayGoalsAgainstLast5,3,0.5348684210526315,0.986708845652351,0.19619065617748457
EloDiff + GDPerGameDiff + AwayShotsAgainstLast5,3,0.5296052631578947,0.9867227129330564,0.1964156025265603
EloDiff + GoalAgainstDiffLast5 + HomeGoalsPerGame,3,0.5302631578947368,0.9867253167905402,0.19617982227407396
EloDiff + GoalDiffLast5 + AwayGoalsAgainstPerGame,3,0.5302631578947368,0.9867693480320208,0.1964000150940099
EloDiff + AwayPointsLast5 + AwayGoalsAgainstLast5,3,0.5289473684210526,0.9867700586176726,0.1964259205354505
EloDiff + AwayGoalsAgainstPerGame + XGForDiffPg,3,0.5236486486486487,0.9867730816985439,0.19647412168747685
EloDiff + AwayShotsAgainstLast5 + XGAgainstDiffPg,3,0.5283783783783784,0.9868114937818397,0.19657463887554333
EloDiff + HomeGoalsAgainstLast5 + AwayShotsAgainstLast5,3,0.5328947368421053,0.986824953541749,0.19632406374089748
EloDiff + AwayGoalsAgainstPerGame + AwayShotsOnTargetLast5,3,0.530921052631579,0.9868491291678505,0.19637354914370825
HomeElo + AwayPPG + XGDDiffLast5,3,0.5381578947368422,0.9868509975723636,0.19610454169501199
HomeElo + AwayShotsAgainstLast5 + XGDDiff,3,0.5364864864864864,0.9868870352204162,0.19625888685582984
EloDiff + AwayGoalsAgainstPerGame + AwayGoalsLast5,3,0.5355263157894736,0.9869048003663856,0.1963840904464503
EloDiff + GoalsPerGameDiff + AwayGoalsAgainstLast5,3,0.5342105263157895,0.9869134782876275,0.1964727385687471
EloDiff + AwayPPG + HomeGoalsAgainstLast5,3,0.5302631578947368,0.9869352799401974,0.1962789517048335
EloDiff + GoalAgainstDiffLast5 + GoalsPerGameDiff,3,0.5342105263157895,0.9869610856004365,0.19641215147890945
EloDiff + GoalsAgainstPerGameDiff + GoalDiffLast5,3,0.5282894736842105,0.9869686812883547,0.19640092384694993
EloDiff + GoalDiffLast5 + AwayShotsAgainstLast5,3,0.5296052631578947,0.9869751447805715,0.19653410314941286
EloDiff + GoalAgainstDiffLast5 + XGAgainstDiffPg,3,0.5216216216216216,0.9869977706972002,0.1965098648778675
EloDiff + AwayGDPerGame + AwayGoalsLast5,3,0.5328947368421053,0.9870019515386398,0.19647644220133015
EloDiff + GDPerGameDiff + XGForDiffPg,3,0.5324324324324324,0.9870181225663264,0.19647259675466583
EloDiff + AwayGDPerGame + AwayShotsOnTargetLast5,3,0.5322368421052631,0.9870201035067461,0.19645599560122276
EloDiff + AwayGoalsAgainstLast5,2,0.5302631578947369,0.9870206493923692,0.19645522867327947
EloDiff + AwayGDPerGame + AwayShotsOnTargetAgainstLast5,3,0.530921052631579,0.9870401497147783,0.19651664447521305
EloDiff + GoalsAgainstPerGameDiff,2,0.530921052631579,0.9870622263023698,0.1963743205544012
HomeElo + HomeShotsOnTargetLast5 + XGDDiff,3,0.5358108108108108,0.9870677943075216,0.19612353670225333
GoalDiffLast5 + HomeElo + XGDDiff,3,0.5331081081081082,0.9870946392621697,0.19626233779277014
EloDiff + AwayPPG + AwayGDPerGame,3,0.531578947368421,0.9870971999374221,0.19646679829185898
EloDiff + AwayGoalsAgainstLast5 + XGForDiffPg,3,0.5236486486486487,0.9871155824437514,0.19657504512056465
EloDiff + GoalAgainstDiffLast5 + XGForDiffPg,3,0.527027027027027,0.9871967242965163,0.19653462706467606
GDPerGameDiff + HomeElo + XGDDiff,3,0.5364864864864864,0.9872031898954632,0.19628434450803212
EloDiff + AwayGoalsLast5 + AwayShotsAgainstLast5,3,0.531578947368421,0.9872063015531969,0.1965365155033588
EloDiff + AwayShotsAgainstLast5 + AwayShotsOnTargetLast5,3,0.5335526315789474,0.9872101038386764,0.19654153480353878
EloDiff + GoalDiffLast5 + AwayGoalsAgainstLast5,3,0.5335526315789474,0.9872411080449912,0.19653251779263883
EloDiff + GoalsAgainstPerGameDiff + AwayShotsOnTargetLast5,3,0.5296052631578947,0.987253899993747,0.19641389790396152
EloDiff + AwayGoalsAgainstPerGame + AwayGoalsAgainstLast5,3,0.531578947368421,0.9872551810361032,0.19649284706823117
EloDiff + GoalAgainstDiffLast5 + GoalDiffLast5,3,0.5322368421052631,0.9872876409150917,0.19645359855646374
EloDiff + GoalsAgainstPerGameDiff + XGForDiffPg,3,0.5263513513513514,0.9873277444301798,0.19654970507999134
EloDiff + AwayGoalsAgainstLast5 + AwayShotsOnTargetLast5,3,0.5322368421052631,0.9873491040692874,0.19651531183520035
EloDiff + GoalsAgainstPerGameDiff + HomeGoalsAgainstLast5,3,0.5315789473684209,0.9873531513954821,0.1963894434554986
HomeElo + AwayGoalsAgainstLast5 + XGDDiff,3,0.5351351351351351,0.9873699576415669,0.19636925287462118
EloDiff + GoalsAgainstPerGameDiff + AwayGoalsLast5,3,0.5296052631578948,0.9873892567701754,0.19643852698014283
EloDiff + GoalAgainstDiffLast5,2,0.5282894736842105,0.9873946015294006,0.19647036984700605
EloDiff + AwayGoalsLast5 + AwayGoalsAgainstLast5,3,0.5302631578947368,0.9874176516872382,0.1965300318122378
EloDiff + AwayGoalsAgainstPerGame + HomeGoalsAgainstLast5,3,0.5289473684210526,0.98743951209966,0.1964118848669058
EloDiff + AwayShotsAgainstLast5 + XGForDiffPg,3,0.5297297297297298,0.9874435933241135,0.1966891204057359
EloDiff + AwayGoalsAgainstLast5 + AwayShotsAgainstLast5,3,0.5276315789473685,0.9874474360015326,0.19660626880463322
EloDiff + AwayGDPerGame + HomeGoalsAgainstLast5,3,0.5282894736842105,0.9874572689726691,0.19647975490640418
EloDiff + AwayPPG + AwayGoalsAgainstPerGame,3,0.5335526315789474,0.9875252067843321,0.19649901445314122
EloDiff + AwayGoalsAgainstPerGame + AwayShotsAgainstLast5,3,0.5302631578947368,0.9875299796889735,0.1966052512374776
EloDiff + GoalsAgainstPerGameDiff + AwayShotsOnTargetAgainstLast5,3,0.5302631578947369,0.987548441750975,0.1965505229294772
EloDiff + GoalsAgainstPerGameDiff + AwayGoalsAgainstPerGame,3,0.5296052631578948,0.9875638750873038,0.19648732856412768
HomeElo + HomePointsLast5 + XGDDiff,3,0.5317567567567567,0.987644682024429,0.19632167953912288
EloDiff + GoalAgainstDiffLast5 + AwayShotsOnTargetLast5,3,0.5296052631578947,0.9876543194283111,0.19651514354152932
EloDiff + GoalAgainstDiffLast5 + AwayGoalsLast5,3,0.5276315789473683,0.9876780085029092,0.19651477807630824
EloDiff + AwayPPG + AwayShotsAgainstLast5,3,0.5296052631578947,0.987688202665568,0.19661966575462378
ShotDiffLast5 + HomeElo + AwayGDPerGame,3,0.5342105263157895,0.9877302592933953,0.19620850028135361
EloDiff + AwayGDPerGame + AwayGoalsAgainstPerGame,3,0.5328947368421053,0.9877565357438192,0.1966069001044256
GoalAgainstDiffLast5 + HomeElo + XGDDiff,3,0.533108108108108,0.9877783941131041,0.19641049765144777
EloDiff + GoalsAgainstPerGameDiff + AwayGDPerGame,3,0.5282894736842105,0.9877936082848342,0.19659353346855285
HomeElo + AwayPPG + XGForDiffPg,3,0.5297297297297296,0.9878008763838815,0.19657844076084766
GDPerGameDiff + HomeElo + XGDDiffLast5,3,0.5263157894736842,0.9878333877404626,0.19628730399884992
HomeElo + HomeGoalsLast5 + XGDDiff,3,0.5331081081081082,0.987868076248529,0.19638827161976005
EloDiff + HomeGoalsAgainstLast5 + AwayGoalsAgainstLast5,3,0.5289473684210526,0.9878935753458353,0.19655846491094936
EloDiff + GoalAgainstDiffLast5 + AwayGoalsAgainstLast5,3,0.5289473684210526,0.9879027961135036,0.19656147269962915
EloDiff + GoalAgainstDiffLast5 + HomeGoalsAgainstLast5,3,0.5289473684210526,0.9879041649134674,0.19656054426560388
EloDiff + GoalsAgainstPerGameDiff + AwayPPG,3,0.5335526315789474,0.9879097447091052,0.1965471829467221
EloDiff + GoalsAgainstPerGameDiff + AwayGoalsAgainstLast5,3,0.5289473684210526,0.988023199129303,0.1966175613318514
EloDiff + GoalAgainstDiffLast5 + AwayGoalsAgainstPerGame,3,0.5263157894736843,0.9880245935328344,0.196611215971339
EloDiff + AwayGDPerGame + AwayGoalsAgainstLast5,3,0.5328947368421053,0.9880446445401876,0.19671608330306037
HomeElo + XGAgainstDiffPg + XGDDiff,3,0.5310810810810811,0.9880964776597407,0.1964737556840618
GoalsAgainstPerGameDiff + HomeElo + XGDDiff,3,0.5317567567567568,0.9881000568333226,0.19645635652007706
HomeElo + XGForDiffPg + XGDDiff,3,0.529054054054054,0.9881283180271849,0.19648626193028643
EloDiff + AwayPPG + AwayGoalsAgainstLast5,3,0.5296052631578948,0.9881530775240626,0.19668007262379983
EloDiff + GoalAgainstDiffLast5 + AwayPPG,3,0.5289473684210526,0.9881688795265707,0.19663045153096806
EloDiff + GoalAgainstDiffLast5 + AwayGDPerGame,3,0.5282894736842105,0.9882085876144441,0.1967064229480191
EloDiff + AwayGDPerGame + AwayShotsAgainstLast5,3,0.5302631578947369,0.9882098928428522,0.19678251256814838
EloDiff + GoalAgainstDiffLast5 + AwayShotsOnTargetAgainstLast5,3,0.5282894736842105,0.9882208986724926,0.19668943151353452
EloDiff + GoalAgainstDiffLast5 + GoalsAgainstPerGameDiff,3,0.5282894736842105,0.9882226410467145,0.19663351283999184
HomeElo + HomeGoalsAgainstLast5 + XGDDiff,3,0.5324324324324324,0.9882370793245567,0.19642057586153663
HomeElo + XGForDiffPg + XGAgainstDiffLast5,3,0.5351351351351352,0.988248873885909,0.1964487866084858
HomeElo + XGForDiffPg + XGAgainstDiffPg,3,0.5297297297297298,0.9882729389276673,0.1965126114734846
EloDiff + GoalsAgainstPerGameDiff + AwayShotsAgainstLast5,3,0.5296052631578947,0.9884820417190356,0.19679043368181237
AwayElo + HomePointsLast5 + XGDDiff,3,0.5310810810810811,0.9885885965987822,0.1967813147009804
PPGDiff + HomePointsLast5 + XGDDiff,3,0.5364864864864864,0.9886463354878334,0.1967244734329962
HomeElo + AwayGDPerGame + XGAgainstDiffPg,3,0.5317567567567567,0.9887592795136603,0.1965668997117285
EloDiff + GoalAgainstDiffLast5 + AwayShotsAgainstLast5,3,0.5322368421052632,0.9887913430370059,0.19685116072260717
PPGDiff + HomeShotsOnTargetLast5 + XGDDiff,3,0.5256756756756756,0.9888612076265877,0.19672872220525275
HomeElo + AwayPPG + XGAgainstDiffPg,3,0.531081081081081,0.98888444552408,0.1966159075006281
ShotOTDiffLast5 + HomeElo + AwayGDPerGame,3,0.5302631578947369,0.988975733368384,0.19663836589714304
HomeElo + AwayGDPerGame + XGForDiffLast5,3,0.5348684210526315,0.989064007538967,0.19659160667985695
HomeElo + AwayGDPerGame + XGAgainstDiffLast5,3,0.5335526315789474,0.9891431716293702,0.19655446683286676
AwayElo + HomePPG + XGDDiff,3,0.5297297297297298,0.9892123359081715,0.19668710788860422
PPGDiff + ShotDiffLast5 + HomeElo,3,0.5414473684210526,0.9892250756377017,0.19656217707215368
PPGDiff + HomeShotsAgainstLast5 + XGDDiff,3,0.5304054054054055,0.9892466415603685,0.19681353406951965
HomePointsLast5 + HomeShotsOnTargetLast5 + XGDDiff,3,0.5304054054054054,0.9892770221335538,0.1968061861025176
HomeElo + AwayGDPerGame + XGForDiffPg,3,0.527027027027027,0.9893748824485001,0.19686052686921504
HomeElo + XGForDiffPg + XGDDiffLast5,3,0.529054054054054,0.9893751713710004,0.19670091010826427
HomePointsLast5 + XGDDiff + XGDDiffLast5,3,0.5310810810810811,0.9894990980358804,0.19682531571303735
ShotDiffLast5 + HomeElo + AwayPPG,3,0.5414473684210527,0.9895343272993397,0.196596601650907
PPGDiff + HomeShotsOnTargetAgainstLast5 + XGDDiff,3,0.5304054054054054,0.9896141561147385,0.19679858337625314
GoalsPerGameDiff + HomeElo + XGDDiffLast5,3,0.530921052631579,0.9897578888018483,0.1967283116379199
HomeElo + AwayShotsOnTargetAgainstLast5 + XGForDiffPg,3,0.5324324324324323,0.9898095746651685,0.1969700015003614
HomePointsLast5 + HomeShotsOnTargetAgainstLast5 + XGDDiff,3,0.5297297297297298,0.9898994169277293,0.19689759957519917
PPGDiff + HomeElo + XGAgainstDiffPg,3,0.5324324324324324,0.9899000921748107,0.19684891944416044
PPGDiff + XGDDiff + XGDDiffLast5,3,0.529054054054054,0.9899205766791409,0.19697670198547007
ShotOTDiffLast5 + HomePointsLast5 + XGDDiff,3,0.5277027027027027,0.9900415744509454,0.19694196703061226
HomeElo + AwayGoalsAgainstPerGame + XGDDiffLast5,3,0.5342105263157895,0.9900626937878574,0.196565008594568
PPGDiff + AwayPointsLast5 + XGDDiff,3,0.520945945945946,0.9901104835880787,0.196958675853393
PPGDiff + HomeElo + XGForDiffLast5,3,0.5210526315789474,0.990168115422075,0.1969358743183216
ShotOTDiffLast5 + PPGDiff + HomeElo,3,0.5296052631578947,0.9902436369353816,0.19698985433960967
ShotOTDiffLast5 + PPGDiff + XGDDiff,3,0.5243243243243243,0.9902523452074257,0.1970499686462224
PPGDiff + HomeElo + XGForDiffPg,3,0.5283783783783784,0.9902572668047169,0.19711210883739808
HomePointsLast5 + XGDDiff,2,0.5297297297297298,0.9903982138068241,0.19701046186221288
HomePointsLast5 + XGDDiff + XGAgainstDiffLast5,3,0.5256756756756756,0.9904912752651109,0.19699405747477838
PPGDiff + HomeGoalsLast5 + XGDDiff,3,0.5277027027027027,0.9905379932645496,0.1971755272373512
ShotDiffLast5 + HomePointsLast5 + XGDDiff,3,0.5310810810810811,0.9905467867099051,0.19702597318176887
GDPerGameDiff + ShotDiffLast5 + HomeElo,3,0.5355263157894737,0.9905489695152006,0.1968482051451825
PPGDiff + AwayGDPerGame + XGDDiff,3,0.5263513513513514,0.9905743896536747,0.19710143175600894
AwayPPG + HomePointsLast5 + XGDDiff,3,0.5283783783783784,0.9905788898956289,0.19716525040040003
HomePointsLast5 + AwayShotsOnTargetLast5 + XGDDiff,3,0.5310810810810811,0.9906093939327707,0.19709945578610075
HomePointsLast5 + XGDDiff + XGForDiffLast5,3,0.5310810810810811,0.9906249535923801,0.19707280708798472
HomeElo + AwayPPG + XGForDiffLast5,3,0.5296052631578947,0.9906361410105857,0.19703809422373064
HomePointsLast5 + HomeShotsAgainstLast5 + XGDDiff,3,0.5283783783783784,0.9906843671423868,0.19711230690657924
PPGDiff + HomePPG + XGDDiff,3,0.5277027027027027,0.9907283484877241,0.19705012325877075
HomePPG + AwayPPG + XGDDiff,3,0.5277027027027027,0.9907487259303138,0.19705221232748554
PPGDiff + AwayGoalsLast5 + XGDDiff,3,0.5222972972972972,0.9907612798115966,0.19713568595643338
PPGDiff + AwayPPG + XGDDiff,3,0.5277027027027027,0.9907727537239583,0.19705995286095856
PPGDiff + XGDDiff + XGAgainstDiffLast5,3,0.5277027027027027,0.9907748627868986,0.19710765948357087
HomePPG + XGDDiff + XGDDiffLast5,3,0.527027027027027,0.9907846452333188,0.19690250455067618
PPGDiff + HomeGDPerGame + XGDDiff,3,0.5277027027027027,0.9908137567026267,0.19715318131289516
GoalsPerGameDiff + HomePointsLast5 + XGDDiff,3,0.5310810810810811,0.9908418707096358,0.19717340726061686
HomeGDPerGame + HomePointsLast5 + XGDDiff,3,0.5317567567567567,0.9908827363453369,0.19713074784143503
ShotOTDiffLast5 + HomeElo + AwayPPG,3,0.531578947368421,0.9909081497360691,0.1971511013404631
HomePointsLast5 + AwayGoalsLast5 + XGDDiff,3,0.5283783783783784,0.9909250702115586,0.19708580029708642
PPGDiff + ShotDiffLast5 + XGDDiff,3,0.5222972972972972,0.9909453629872782,0.19717065841576234
HomePointsLast5 + AwayPointsLast5 + XGDDiff,3,0.5317567567567567,0.9909878074580263,0.19713025127136213
PPGDiff + XGDDiff,2,0.5222972972972972,0.9909986953048714,0.19722474153044403
GDPerGameDiff + HomePointsLast5 + XGDDiff,3,0.5344594594594595,0.9910236359961084,0.19716983733073884
ShotOTDiffLast5 + HomePPG + XGDDiff,3,0.5317567567567567,0.9911083093356832,0.1969697152555843
HomePointsLast5 + AwayShotsOnTargetAgainstLast5 + XGDDiff,3,0.5317567567567568,0.9911437232819444,0.1972369204264294
HomeElo + AwayGDPerGame + HomeShotsAgainstLast5,3,0.5368421052631579,0.9911501819045284,0.19707899722648234
PPGDiff + HomeGoalsPerGame + XGDDiff,3,0.527027027027027,0.9911850887283609,0.19722456118423554
AwayGDPerGame + HomePointsLast5 + XGDDiff,3,0.5324324324324324,0.9911864244616158,0.19728630917435622
PPGDiff + AwayShotsOnTargetLast5 + XGDDiff,3,0.522972972972973,0.9911865969971492,0.19727437839410344
PPGDiff + HomeElo + XGAgainstDiffLast5,3,0.5263157894736842,0.9912144334694827,0.19708944749844665
GoalsPerGameDiff + HomeElo + XGAgainstDiffPg,3,0.5310810810810811,0.9912196593156564,0.19713084114030507
HomeElo + AwayGDPerGame + AwayShotsAgainstLast5,3,0.5355263157894736,0.991222817562524,0.19718698093557602
PPGDiff + HomeGoalsAgainstLast5 + XGDDiff,3,0.525,0.9912275374365516,0.1971898158480742
HomeElo + AwayGoalsAgainstPerGame + XGForDiffPg,3,0.529054054054054,0.9912407423048055,0.19728463484289305
AwayElo + HomeShotsOnTargetLast5 + XGDDiff,3,0.5297297297297296,0.9912666748434067,0.1971982115529528
PPGDiff + HomeElo + AwayShotsAgainstLast5,3,0.5276315789473685,0.9912863322375467,0.1972548076222506
HomePPG + HomeShotsOnTargetLast5 + XGDDiff,3,0.5263513513513514,0.9913004530499117,0.19698675298284907
HomePointsLast5 + HomeGoalsLast5 + XGDDiff,3,0.5317567567567568,0.991301293600001,0.19720427574398047
HomeElo + AwayShotsAgainstLast5 + XGForDiffPg,3,0.5344594594594594,0.9913035536708636,0.1972885497524908
HomeElo + AwayGDPerGame + HomeShotsOnTargetLast5,3,0.5302631578947368,0.9913045382339587,0.19709772592359684
HomePPG + HomeShotsAgainstLast5 + XGDDiff,3,0.5317567567567567,0.9913062750216255,0.19703551858663654
HomeElo + AwayGDPerGame + AwayShotsOnTargetAgainstLast5,3,0.5276315789473685,0.9913064391357478,0.19721367685091962
HomePPG + HomeShotsOnTargetAgainstLast5 + XGDDiff,3,0.5277027027027026,0.9913191341962677,0.19693150539825074
PPGDiff + XGDDiff + XGForDiffLast5,3,0.5236486486486487,0.991358190106012,0.19731625852170606
PPGDiff + HomeElo + AwayShotsOnTargetAgainstLast5,3,0.5263157894736842,0.9914017763926898,0.19726811505001438
AwayElo + HomeShotsAgainstLast5 + XGDDiff,3,0.5283783783783783,0.9914265218575355,0.19721971001532995
ShotOTDiffLast5 + GDPerGameDiff + HomeElo,3,0.5249999999999999,0.9914416399164299,0.19720784185054088
ShotOTDiffLast5 + HomeElo + XGAgainstDiffPg,3,0.5297297297297298,0.9914740319431099,0.19698354724779593
HomePPG + HomePointsLast5 + XGDDiff,3,0.5324324324324324,0.9914800851073793,0.19714398724319213
HomeElo + XGAgainstDiffPg + XGForDiffLast5,3,0.5297297297297298,0.9914853334558846,0.19694235713803096
HomeElo + AwayGoalsLast5 + XGDDiffLast5,3,0.5342105263157895,0.9915422768578839,0.19693628940994484
PPGDiff + AwayGoalsAgainstPerGame + XGDDiff,3,0.522972972972973,0.9915424153159936,0.19733572360206014
HomeGoalsPerGame + HomePointsLast5 + XGDDiff,3,0.5310810810810811,0.9915599970403393,0.19722216392780328
HomePPG + HomeGDPerGame + XGDDiff,3,0.5249999999999999,0.9915818229480093,0.1970999105566041
AwayElo + HomeGDPerGame + XGDDiff,3,0.5283783783783784,0.991604766065403,0.1972302024045969
HomePointsLast5 + HomeGoalsAgainstLast5 + XGDDiff,3,0.5297297297297298,0.9916307450583851,0.197257870557161
ShotDiffLast5 + HomeElo + XGAgainstDiffPg,3,0.5331081081081082,0.991635239243408,0.1968805866005866
HomePPG + AwayGDPerGame + XGDDiff,3,0.5277027027027027,0.9916411143699266,0.19716753561076944
HomePPG + XGDDiff + XGAgainstDiffLast5,3,0.5277027027027027,0.9916504255403334,0.19703700150255002
GoalDiffLast5 + HomePointsLast5 + XGDDiff,3,0.5277027027027027,0.991655275373475,0.19724513544699496
HomeElo + XGAgainstDiffPg + XGDDiffLast5,3,0.5337837837837838,0.9917640256849771,0.19698520391152505
GDPerGameDiff + HomeElo + XGForDiffLast5,3,0.5230263157894737,0.9917920149434312,0.1972432095829192
GDPerGameDiff + PPGDiff + XGDDiff,3,0.5209459459459459,0.9918157994571242,0.19742597803147507
HomePPG + XGDDiff,2,0.5263513513513514,0.9918286590079315,0.1971131354111947
GDPerGameDiff + HomeElo + AwayShotsAgainstLast5,3,0.5296052631578947,0.9918632001376209,0.19730191121095686
HomeElo + AwayPointsLast5 + XGDDiffLast5,3,0.5322368421052632,0.9918892174787006,0.19699369488951354
ShotDiffLast5 + HomePPG + XGDDiff,3,0.5304054054054054,0.9919033248408051,0.19710885566884423
PPGDiff + AwayPointsLast5 + XGDDiffLast5,3,0.5230263157894737,0.9919040620172199,0.1973697325374049
HomeElo + AwayShotsAgainstLast5 + XGDDiffLast5,3,0.5401315789473684,0.9919253416618692,0.19698087961295063
GoalsAgainstPerGameDiff + HomeElo + XGDDiffLast5,3,0.5269736842105263,0.9919740623516617,0.19708067995940673
PPGDiff + HomeElo + AwayGDPerGame,3,0.5269736842105263,0.9919971560282848,0.1973878445520747
PPGDiff + AwayElo + XGDDiff,3,0.5243243243243243,0.9920246936853219,0.1974400814395351
HomeShotsOnTargetLast5 + HomeShotsOnTargetAgainstLast5 + XGDDiff,3,0.529054054054054,0.9920291179718511,0.19714668444457895
PPGDiff + AwayShotsOnTargetAgainstLast5 + XGDDiff,3,0.5277027027027026,0.9920329875746495,0.19747889889655101
GDPerGameDiff + HomeElo + XGAgainstDiffLast5,3,0.5276315789473685,0.9920723097046444,0.19719600594158257
GDPerGameDiff + HomeElo + XGAgainstDiffPg,3,0.5283783783783784,0.9920834671351535,0.19723057546495587
ShotDiffLast5 + HomeElo + XGDDiffLast5,3,0.5348684210526315,0.9920864708836918,0.19704046913888265
HomeElo + AwayShotsOnTargetLast5 + XGDDiffLast5,3,0.5335526315789474,0.9921154178398484,0.19703454209896032
HomeElo + AwayGDPerGame + HomeShotsOnTargetAgainstLast5,3,0.531578947368421,0.9921275349414472,0.19723983596968056
PPGDiff + GoalDiffLast5 + XGDDiff,3,0.522972972972973,0.9921362018784499,0.19746730100447266
HomePPG + XGDDiff + XGForDiffLast5,3,0.5249999999999999,0.9921414716760323,0.19719511555653754
PPGDiff + GoalsPerGameDiff + XGDDiff,3,0.525,0.9921477287873472,0.19746955447828346
HomePPG + AwayShotsOnTargetLast5 + XGDDiff,3,0.5263513513513514,0.9921513140986504,0.19722160415120712
PPGDiff + XGForDiffPg + XGAgainstDiffLast5,3,0.5216216216216216,0.9921614713005251,0.1974813082922759
HomeShotsOnTargetLast5 + XGDDiff + XGAgainstDiffLast5,3,0.5297297297297296,0.9921644163920837,0.19730619631342275
PPGDiff + AwayGoalsAgainstLast5 + XGDDiff,3,0.522972972972973,0.9922097515841244,0.19750275095577005
HomeShotsOnTargetLast5 + XGDDiff + XGDDiffLast5,3,0.5324324324324325,0.9922111274467043,0.1973407431832247
HomePPG + AwayPointsLast5 + XGDDiff,3,0.5277027027027026,0.9922294269920063,0.19720427085607567
GoalAgainstDiffLast5 + HomePointsLast5 + XGDDiff,3,0.5297297297297298,0.9922675877842662,0.19742080589292205
HomePointsLast5 + AwayShotsAgainstLast5 + XGDDiff,3,0.5364864864864864,0.9922730002708517,0.19748612994380565
ShotOTDiffLast5 + HomeElo + XGDDiffLast5,3,0.5328947368421053,0.9923055885080947,0.1971641386705489
HomeElo + AwayShotsOnTargetAgainstLast5 + XGDDiffLast5,3,0.5394736842105263,0.9923074503079468,0.19702009314545593
HomePPG + AwayGoalsLast5 + XGDDiff,3,0.5263513513513514,0.9923326159438879,0.1971888102229105
GDPerGameDiff + HomeElo + AwayShotsOnTargetAgainstLast5,3,0.5223684210526316,0.9923392672092013,0.19737968710527434
AwayGoalsAgainstPerGame + HomePointsLast5 + XGDDiff,3,0.5297297297297296,0.9923393076858458,0.1974624119208664
HomePointsLast5 + AwayGoalsAgainstLast5 + XGDDiff,3,0.5317567567567568,0.9923536005010083,0.19752544927273002
HomeElo + AwayPPG + XGAgainstDiffLast5,3,0.5302631578947369,0.992363037333662,0.19728504238385552
GDPerGameDiff + HomeShotsOnTargetLast5 + XGDDiff,3,0.5277027027027027,0.9923905846423339,0.19741009980143334
HomePointsLast5 + XGAgainstDiffPg + XGDDiff,3,0.5297297297297298,0.992399050165453,0.19747060123646326
GoalsAgainstPerGameDiff + HomePointsLast5 + XGDDiff,3,0.5283783783783784,0.9924107321397841,0.19741426098162887
HomePointsLast5 + XGForDiffPg + XGDDiff,3,0.529054054054054,0.9924109092618644,0.19747799595808493
HomeShotsOnTargetLast5 + XGDDiff,2,0.5304054054054054,0.9924595456451794,0.1973311188811715
HomePointsLast5 + XGForDiffPg + XGAgainstDiffPg,3,0.529054054054054,0.992471987704385,0.1974892723164051
HomeGDPerGame + XGDDiff + XGDDiffLast5,3,0.527027027027027,0.9924776040180214,0.1973414072907633
HomeElo + HomePPG + AwayGDPerGame,3,0.530921052631579,0.9924949270720844,0.19744636293859907
AwayElo + HomeShotsOnTargetAgainstLast5 + XGDDiff,3,0.5283783783783783,0.9925066781066113,0.19731185251627917
HomeElo + AwayShotsOnTargetAgainstLast5 + XGForDiffLast5,3,0.5361842105263158,0.9925676168265616,0.1972065875558862
HomePPG + AwayShotsOnTargetAgainstLast5 + XGDDiff,3,0.529054054054054,0.9926063172538024,0.19731792092324688
PPGDiff + GoalsAgainstPerGameDiff + XGDDiff,3,0.5222972972972972,0.9926362014838214,0.197598887980693
HomeElo + HomePPG + XGDDiffLast5,3,0.5328947368421052,0.9926686943428404,0.19724257171294562
GoalDiffLast5 + HomeElo + XGDDiffLast5,3,0.5328947368421052,0.9926816958680567,0.19721645413562727
GoalsPerGameDiff + HomePPG + XGDDiff,3,0.5297297297297298,0.9926888394796294,0.19736656272007094
GoalAgainstDiffLast5 + PPGDiff + XGDDiff,3,0.5304054054054054,0.9926928469261249,0.19757391290389972
GoalsPerGameDiff + HomeShotsOnTargetLast5 + XGDDiff,3,0.5304054054054054,0.9927006111488561,0.19748513728031344
HomeElo + XGDDiffLast5,2,0.5328947368421053,0.9927038529697734,0.19723023951362448
HomeGoalsLast5 + HomeShotsOnTargetLast5 + XGDDiff,3,0.5331081081081082,0.9927091520824878,0.19746086452792166
HomeGDPerGame + HomeShotsOnTargetLast5 + XGDDiff,3,0.5297297297297298,0.9927395631345971,0.1973423998896997
GDPerGameDiff + HomeElo + HomeGDPerGame,3,0.5276315789473685,0.9927471730187878,0.1975359553910087
ShotOTDiffLast5 + HomeGDPerGame + XGDDiff,3,0.529054054054054,0.9927533658075662,0.19738929027980792
GDPerGameDiff + HomeElo + AwayGDPerGame,3,0.5276315789473685,0.992756819069871,0.19753788750936563
HomeElo + HomeGDPerGame + AwayGDPerGame,3,0.5276315789473685,0.9927617018329578,0.1975382173486575
GDPerGameDiff + HomeElo + XGForDiffPg,3,0.5236486486486487,0.9927794213917087,0.1975652303141434
HomeGoalsAgainstLast5 + HomeShotsOnTargetLast5 + XGDDiff,3,0.5277027027027027,0.9928003950716002,0.19736558500782447
ShotOTDiffLast5 + HomeShotsAgainstLast5 + XGDDiff,3,0.5297297297297298,0.992804700398183,0.19744062725278744
HomeShotsAgainstLast5 + HomeShotsOnTargetLast5 + XGDDiff,3,0.5304054054054055,0.9928104055694298,0.1973967274176426
ShotDiffLast5 + HomeElo + AwayShotsOnTargetAgainstLast5,3,0.5348684210526315,0.9928349969410124,0.197057252001174
HomeElo + HomeShotsOnTargetAgainstLast5 + XGDDiffLast5,3,0.5361842105263157,0.9928384124433716,0.1972657268566342
HomeElo + AwayShotsAgainstLast5 + XGForDiffLast5,3,0.5296052631578947,0.9928709040442296,0.19727299400949916
ShotOTDiffLast5 + HomeShotsOnTargetLast5 + XGDDiff,3,0.5304054054054054,0.9928860100420467,0.19745658963297488
HomeShotsOnTargetLast5 + AwayShotsOnTargetLast5 + XGDDiff,3,0.5304054054054054,0.9928914202983459,0.1974573812508556
ShotOTDiffLast5 + AwayShotsOnTargetLast5 + XGDDiff,3,0.5304054054054054,0.9928970470579266,0.19745874708568784
PPGDiff + HomeElo + AwayShotsOnTargetLast5,3,0.5342105263157895,0.9929022378382005,0.19750854971158285
PPGDiff + XGForDiffPg + XGDDiffLast5,3,0.527027027027027,0.992918343842559,0.197700561670101
HomeGoalsLast5 + HomeShotsOnTargetAgainstLast5 + XGDDiff,3,0.522972972972973,0.9929272932938337,0.19745121912501737
PPGDiff + HomeShotsAgainstLast5 + XGForDiffPg,3,0.5202702702702703,0.9929294093752863,0.19772924496301444
GoalDiffLast5 + HomePPG + XGDDiff,3,0.529054054054054,0.9929452161539181,0.19738287997425796
GoalsPerGameDiff + HomeShotsAgainstLast5 + XGDDiff,3,0.5297297297297298,0.9929457681285955,0.1975763941625306
HomeGoalsPerGame + XGDDiff + XGDDiffLast5,3,0.529054054054054,0.9929492786708414,0.19752071620503553
ShotOTDiffLast5 + HomeShotsOnTargetAgainstLast5 + XGDDiff,3,0.5277027027027027,0.9929544661652793,0.1973617654720881
GoalDiffLast5 + HomeShotsOnTargetLast5 + XGDDiff,3,0.5317567567567567,0.9929860306789087,0.19745114582426143
HomeElo + AwayGDPerGame + AwayShotsOnTargetLast5,3,0.5296052631578947,0.9930026373302492,0.19754427622257137
HomeElo + HomeGDPerGame + XGDDiffLast5,3,0.5335526315789474,0.9930463897403237,0.19729091030175186
HomeElo + AwayPPG + AwayShotsAgainstLast5,3,0.531578947368421,0.9930473751317104,0.1976331579799161
GDPerGameDiff + HomePPG + XGDDiff,3,0.5304054054054054,0.9930600717658008,0.1974218800511545
PPGDiff + AwayGoalsLast5 + XGDDiffLast5,3,0.5302631578947368,0.9930652963482436,0.1976624546895532
HomeGoalsLast5 + XGDDiff + XGDDiffLast5,3,0.5263513513513514,0.9930708013583104,0.19761967622191862
AwayElo + HomeGoalsLast5 + XGDDiff,3,0.5283783783783784,0.9930871033005835,0.19774841105932553
ShotOTDiffLast5 + HomeElo + XGForDiffPg,3,0.5216216216216216,0.9930904346249307,0.19759004649239356
HomeGDPerGame + HomeShotsOnTargetAgainstLast5 + XGDDiff,3,0.525,0.9931113360066846,0.19734104909943773
GDPerGameDiff + HomeShotsAgainstLast5 + XGDDiff,3,0.5283783783783784,0.9931151136300358,0.19754374658971333
HomeElo + AwayGDPerGame + HomeGoalsPerGame,3,0.5289473684210526,0.9931153917194012,0.1976215171964304
AwayPointsLast5 + HomeShotsOnTargetLast5 + XGDDiff,3,0.5297297297297298,0.9931226426987063,0.19746303028299497
HomeShotsOnTargetAgainstLast5 + XGDDiff + XGDDiffLast5,3,0.527027027027027,0.9931313558446171,0.19745249680376548
AwayElo + HomeGoalsPerGame + XGDDiff,3,0.527027027027027,0.9931337963865351,0.19762795296068086
AwayPPG + HomeShotsAgainstLast5 + XGDDiff,3,0.527027027027027,0.9931558315351212,0.19755740507712785
AwayPPG + HomeShotsOnTargetLast5 + XGDDiff,3,0.5297297297297296,0.9931566412775582,0.19757955713468156
HomeElo + AwayGDPerGame + AwayPointsLast5,3,0.525,0.9931636967449062,0.19761182757833487
HomeElo + AwayGDPerGame,2,0.5276315789473685,0.9931706769820052,0.19758263722216604
HomeGDPerGame + HomeShotsAgainstLast5 + XGDDiff,3,0.529054054054054,0.9931849865390836,0.19748454086150627
HomeElo + AwayPointsLast5 + XGForDiffPg,3,0.533108108108108,0.9931971493252718,0.19766817053860836
HomeShotsOnTargetLast5 + XGDDiff + XGForDiffLast5,3,0.5297297297297298,0.9932271310341431,0.19748317892638287
HomeElo + AwayPPG + AwayShotsOnTargetAgainstLast5,3,0.531578947368421,0.9932423118410796,0.1976582315460646
HomePPG + HomeGoalsAgainstLast5 + XGDDiff,3,0.5283783783783784,0.9932459332183459,0.19736494579735345
PPGDiff + ShotDiffLast5 + XGDDiffLast5,3,0.5276315789473683,0.9932530406586546,0.19771079266381986
AwayPointsLast5 + XGDDiff + XGDDiffLast5,3,0.5243243243243243,0.993254634412486,0.19749669671353876
PPGDiff + AwayShotsAgainstLast5 + XGDDiff,3,0.527027027027027,0.9932616166089825,0.1977870585635493
GoalsPerGameDiff + HomeShotsOnTargetAgainstLast5 + XGDDiff,3,0.5256756756756756,0.9932637596324284,0.19752370641621417
GoalDiffLast5 + HomeElo + AwayGDPerGame,3,0.5269736842105264,0.9932655996164417,0.19762726712311823
HomePPG + HomeGoalsLast5 + XGDDiff,3,0.5236486486486486,0.9932779845646403,0.19747647822904124
ShotOTDiffLast5 + AwayGoalsLast5 + XGDDiff,3,0.5310810810810811,0.9932782961264615,0.19747359670791673
PPGDiff + HomeShotsOnTargetLast5 + XGDDiffLast5,3,0.5269736842105263,0.9932875877020741,0.19777993798315396
HomeGoalsLast5 + HomeShotsAgainstLast5 + XGDDiff,3,0.527027027027027,0.9932960786705117,0.19763545473207056
HomeGoalsPerGame + HomeShotsOnTargetAgainstLast5 + XGDDiff,3,0.5256756756756756,0.9932973625997044,0.1974175582107741
HomeShotsOnTargetLast5 + AwayShotsOnTargetAgainstLast5 + XGDDiff,3,0.5277027027027027,0.9933048717165327,0.19762013566373818
AwayGoalsLast5 + XGDDiff + XGDDiffLast5,3,0.5243243243243243,0.993323160734606,0.19752834731007463
HomeGDPerGame + XGDDiff + XGAgainstDiffLast5,3,0.529054054054054,0.9933499736102758,0.19746440126450843
ShotOTDiffLast5 + HomeGoalsPerGame + XGDDiff,3,0.5310810810810811,0.9933613033624984,0.19757588988986738
ShotOTDiffLast5 + HomeGoalsLast5 + XGDDiff,3,0.5304054054054054,0.9933628277110144,0.19767122743457957
HomeShotsAgainstLast5 + XGDDiff,2,0.5283783783783783,0.9933628423148244,0.1975231374805719
PPGDiff + XGAgainstDiffPg + XGDDiff,3,0.5256756756756757,0.9933682809946808,0.19774305547538681
AwayElo + HomeGDPerGame + XGDDiffLast5,3,0.5289473684210526,0.9933752173133772,0.1976606749508976
ShotOTDiffLast5 + HomeElo + AwayShotsAgainstLast5,3,0.5269736842105264,0.9933783334352557,0.19743358651621756
PPGDiff + XGForDiffPg + XGDDiff,3,0.525,0.9933832523625233,0.19775068900854223
HomeElo + AwayPPG + AwayGDPerGame,3,0.5289473684210526,0.993392020055756,0.19762142686048062
PPGDiff + HomeShotsOnTargetLast5 + XGAgainstDiffPg,3,0.522972972972973,0.9933975230395418,0.19769912279517082
HomeElo + XGForDiffLast5 + XGDDiffLast5,3,0.5322368421052631,0.9934020516018434,0.19734359584126474
HomeElo + XGForDiffLast5 + XGAgainstDiffLast5,3,0.5322368421052631,0.9934143203715309,0.19734574922572082
ShotDiffLast5 + HomeElo + AwayShotsAgainstLast5,3,0.5302631578947368,0.9934246575539223,0.19727221752855081
HomeElo + XGAgainstDiffLast5 + XGDDiffLast5,3,0.5328947368421052,0.9934309368519432,0.19734916064820804
GoalAgainstDiffLast5 + HomeElo + XGForDiffPg,3,0.5371621621621622,0.993446183272773,0.19777528601329605
PPGDiff + HomeGDPerGame + XGDDiffLast5,3,0.5263157894736843,0.9934557445180054,0.1977585280534826
PPGDiff + XGForDiffPg + XGAgainstDiffPg,3,0.5256756756756757,0.9934580468922103,0.19776507234284063
GDPerGameDiff + HomeShotsOnTargetAgainstLast5 + XGDDiff,3,0.5283783783783784,0.9934880933968667,0.1975137212851445
HomeGoalsPerGame + HomeShotsAgainstLast5 + XGDDiff,3,0.5236486486486487,0.9935022537729856,0.1975821936236583
HomeElo + HomeGoalsPerGame + XGDDiffLast5,3,0.5328947368421052,0.9935055132946367,0.19745003341170497
ShotDiffLast5 + HomeShotsOnTargetLast5 + XGDDiff,3,0.5337837837837838,0.9935063528717856,0.197531311381483
AwayPPG + HomeGDPerGame + XGDDiff,3,0.5277027027027027,0.9935233361800297,0.1976535315604343
GoalAgainstDiffLast5 + HomePPG + XGDDiff,3,0.5310810810810811,0.9935303639224936,0.19753283356458035
PPGDiff + HomeShotsOnTargetAgainstLast5 + XGForDiffPg,3,0.5195945945945946,0.9935349011626142,0.1977803737806564
GoalsPerGameDiff + HomeElo + AwayGDPerGame,3,0.5302631578947369,0.9935400194283025,0.19771210342385992
HomeShotsAgainstLast5 + XGDDiff + XGDDiffLast5,3,0.5277027027027027,0.9935549210462346,0.19762915114237814
HomeGDPerGame + XGDDiff,2,0.5263513513513514,0.9935588169739231,0.1975394155594575
HomeGoalsLast5 + XGDDiff + XGAgainstDiffLast5,3,0.5256756756756757,0.9935622574405072,0.19770451834193126
GDPerGameDiff + HomeElo + AwayShotsOnTargetLast5,3,0.5289473684210526,0.9935673399439149,0.19764394282773595
HomeGoalsPerGame + XGDDiff + XGAgainstDiffLast5,3,0.5283783783783784,0.9935784760871779,0.19756934628848938
HomeShotsOnTargetAgainstLast5 + XGDDiff,2,0.525,0.9935817715013162,0.19745299432439478
AwayGoalsLast5 + HomeShotsOnTargetLast5 + XGDDiff,3,0.5304054054054054,0.9935982708481225,0.19754155820521863
ShotDiffLast5 + HomeGDPerGame + XGDDiff,3,0.5344594594594594,0.9936012176723277,0.19753555308032003
GDPerGameDiff + HomeElo + AwayPPG,3,0.5256578947368421,0.9936061576726107,0.19779059783439265
HomeShotsAgainstLast5 + AwayShotsOnTargetAgainstLast5 + XGDDiff,3,0.5324324324324324,0.9936198659470328,0.19760679494952954
PPGDiff + ShotDiffLast5 + XGAgainstDiffLast5,3,0.5401315789473684,0.9936393680988245,0.19769739902794975
HomeGoalsAgainstLast5 + XGDDiff + XGDDiffLast5,3,0.522972972972973,0.9936448992681621,0.19758957074171635
HomeElo + HomeShotsAgainstLast5 + XGForDiffPg,3,0.527027027027027,0.9936613174698069,0.1977350540183928
GDPerGameDiff + XGDDiff + XGDDiffLast5,3,0.525,0.9936715067820953,0.19771900558119399
HomeElo + HomeShotsOnTargetAgainstLast5 + XGForDiffPg,3,0.5249999999999999,0.993679034700186,0.19767272524120394
GoalAgainstDiffLast5 + HomeShotsOnTargetLast5 + XGDDiff,3,0.5317567567567567,0.9936945114827234,0.1977006733002511
PPGDiff + HomePointsLast5 + XGDDiffLast5,3,0.5256578947368421,0.993703609528691,0.19785475867862887
HomeShotsAgainstLast5 + AwayShotsOnTargetLast5 + XGDDiff,3,0.5277027027027027,0.9937086235660119,0.19761753486638334
HomeShotsAgainstLast5 + XGDDiff + XGForDiffLast5,3,0.529054054054054,0.9937219817334424,0.1976340788315641
HomePPG + HomeGoalsPerGame + XGDDiff,3,0.5263513513513514,0.9937275404950914,0.1974792528284332
ShotOTDiffLast5 + PPGDiff + XGDDiffLast5,3,0.5289473684210526,0.9937285786239596,0.19789530307643308
ShotOTDiffLast5 + AwayPointsLast5 + XGDDiff,3,0.5297297297297298,0.9937340829337291,0.19758071266943367
HomePPG + AwayGoalsAgainstLast5 + XGDDiff,3,0.529054054054054,0.9937427385385253,0.19759658328473537
HomeElo + AwayGDPerGame + AwayGoalsLast5,3,0.5276315789473685,0.9937453289874367,0.19769437163916487
ShotOTDiffLast5 + HomeElo + AwayShotsOnTargetAgainstLast5,3,0.5276315789473683,0.9937475959571482,0.19750388640516742
PPGDiff + HomeShotsOnTargetAgainstLast5 + XGDDiffLast5,3,0.5282894736842105,0.9937539541763493,0.19787149062697357
HomePPG + AwayGoalsAgainstPerGame + XGDDiff,3,0.529054054054054,0.9937580865733039,0.197534320758652
PPGDiff + HomeShotsAgainstLast5 + XGDDiffLast5,3,0.5263157894736842,0.993768286713937,0.19789522498041912
ShotOTDiffLast5 + XGDDiff + XGAgainstDiffLast5,3,0.5277027027027027,0.9937693214362997,0.1976781794599254
AwayElo + HomePPG + XGDDiffLast5,3,0.5289473684210526,0.993779331853734,0.19787354392046605
ShotOTDiffLast5 + HomeGoalsAgainstLast5 + XGDDiff,3,0.5270270270270271,0.9937808832965113,0.19759390743184974
AwayElo + HomeGoalsAgainstLast5 + XGDDiff,3,0.5243243243243243,0.9937889171709742,0.19769597490565607
XGDDiff + XGDDiffLast5,2,0.5310810810810811,0.9937946082795345,0.19769004989646793
GoalsPerGameDiff + XGDDiff + XGDDiffLast5,3,0.5324324324324323,0.9937950403148663,0.1978344694820954
ShotOTDiffLast5 + GDPerGameDiff + XGDDiff,3,0.5256756756756756,0.9937961709092038,0.19773597406500357
HomeElo + HomeShotsAgainstLast5 + XGDDiffLast5,3,0.5322368421052631,0.9937967317158876,0.1975013161417421
HomeElo + AwayGDPerGame + HomeGoalsLast5,3,0.5282894736842105,0.9937977673725531,0.19773858733783198
HomeElo + HomePointsLast5 + XGDDiffLast5,3,0.5328947368421052,0.993804365892524,0.1973362489242324
HomeGoalsLast5 + XGDDiff,2,0.5283783783783784,0.9938057025253784,0.19776257232890143
HomeGDPerGame + XGDDiff + XGForDiffLast5,3,0.5283783783783783,0.9938261915466142,0.19762033169976964
HomePPG + AwayShotsAgainstLast5 + XGDDiff,3,0.5283783783783784,0.9938370978706021,0.1976405736887285
AwayPointsLast5 + HomeShotsAgainstLast5 + XGDDiff,3,0.5277027027027027,0.9938384761805769,0.19760674304693124
HomeElo + AwayGDPerGame + HomePointsLast5,3,0.5342105263157895,0.9938463928830754,0.19770669885220063
AwayGDPerGame + HomeShotsOnTargetLast5 + XGDDiff,3,0.5310810810810811,0.9938486869809411,0.197706686849589
HomeGoalsPerGame + HomeShotsOnTargetLast5 + XGDDiff,3,0.5317567567567567,0.993888013066826,0.19763334421325696
HomeShotsOnTargetAgainstLast5 + XGDDiff + XGForDiffLast5,3,0.5277027027027027,0.9938933492601287,0.19754441635214118
GoalDiffLast5 + HomeShotsAgainstLast5 + XGDDiff,3,0.5297297297297296,0.9938977046881525,0.19771748390864663
HomeElo + AwayGoalsAgainstLast5 + XGForDiffPg,3,0.5324324324324324,0.9939001285354643,0.19786820468960817
ShotOTDiffLast5 + XGDDiff + XGDDiffLast5,3,0.5310810810810811,0.9939035526446716,0.19772674032236426
AwayGDPerGame + HomeShotsAgainstLast5 + XGDDiff,3,0.5283783783783784,0.9939070481307648,0.19768870891346332
ShotDiffLast5 + HomeGoalsLast5 + XGDDiff,3,0.5344594594594595,0.9939305166901283,0.19778617172682555
AwayGoalsLast5 + HomeShotsAgainstLast5 + XGDDiff,3,0.5256756756756756,0.9939348142076594,0.19759457180044496
ShotDiffLast5 + HomeElo + XGForDiffPg,3,0.525,0.9939481985958477,0.19776239080213415
AwayShotsOnTargetLast5 + XGDDiff + XGDDiffLast5,3,0.5283783783783784,0.9939528368629695,0.19773499538268094
ShotDiffLast5 + HomeElo + XGAgainstDiffLast5,3,0.5348684210526315,0.9939631576439487,0.19732220487844734
PPGDiff + ShotDiffLast5 + XGAgainstDiffPg,3,0.5324324324324324,0.9939654111049822,0.19774756504956167
ShotOTDiffLast5 + PPGDiff + XGAgainstDiffPg,3,0.5263513513513512,0.9939686095855762,0.19786794095642748
HomeGoalsPerGame + XGDDiff,2,0.5270270270270271,0.9939687835300933,0.19768296387036466
HomeGoalsLast5 + HomeGoalsAgainstLast5 + XGDDiff,3,0.5310810810810811,0.9939709405522157,0.19771395267391417
PPGDiff + ShotDiffLast5 + HomeShotsAgainstLast5,3,0.5322368421052631,0.9939726009352012,0.19780137547056814
AwayShotsOnTargetLast5 + HomeShotsOnTargetAgainstLast5 + XGDDiff,3,0.5256756756756756,0.9939806363913037,0.19755846315697329
ShotOTDiffLast5 + XGDDiff,2,0.5317567567567568,0.9939867194736904,0.19770744396704956
GoalsAgainstPerGameDiff + HomePPG + XGDDiff,3,0.529054054054054,0.9939979290246355,0.19756575789977954
GDPerGameDiff + HomeGoalsLast5 + XGDDiff,3,0.5243243243243243,0.9940036320835868,0.1978385645084783
ShotDiffLast5 + HomeShotsOnTargetAgainstLast5 + XGDDiff,3,0.5351351351351351,0.9940112653665392,0.19757195561144847
PPGDiff + XGAgainstDiffPg + XGDDiffLast5,3,0.5236486486486487,0.9940462864169268,0.1979127756624707
HomeElo + HomeShotsOnTargetLast5 + XGDDiffLast5,3,0.531578947368421,0.9940564026063814,0.1974660460087116
GoalsPerGameDiff + HomeGDPerGame + XGDDiff,3,0.5263513513513514,0.9940568579786846,0.19775905379848752
ShotDiffLast5 + HomeGoalsPerGame + XGDDiff,3,0.5398648648648648,0.994078701292856,0.19770065179297935
AwayElo + XGDDiff + XGDDiffLast5,3,0.527027027027027,0.9940827912298882,0.19780872288146606
ShotDiffLast5 + HomeShotsAgainstLast5 + XGDDiff,3,0.5317567567567568,0.9940844565638717,0.19769889800796508
HomeElo + XGForDiffPg,2,0.527027027027027,0.9940922369832517,0.19789205071281957
PPGDiff + XGDDiffLast5,2,0.5269736842105264,0.994093609949639,0.1979671122527372
HomeShotsOnTargetAgainstLast5 + AwayShotsOnTargetAgainstLast5 + XGDDiff,3,0.525,0.9941185917225597,0.19758620523542253
GoalAgainstDiffLast5 + HomeElo + AwayGDPerGame,3,0.5230263157894737,0.9941225402554752,0.19777172520292524
HomeShotsOnTargetAgainstLast5 + XGDDiff + XGAgainstDiffLast5,3,0.5256756756756756,0.9941293367303989,0.1975981529043364
ShotOTDiffLast5 + GoalsPerGameDiff + XGDDiff,3,0.5263513513513514,0.9941304351889007,0.19783111658327818
GoalsAgainstPerGameDiff + HomeElo + AwayGDPerGame,3,0.5230263157894737,0.9941327056503533,0.19778760803966033
GoalDiffLast5 + XGDDiff + XGDDiffLast5,3,0.5310810810810811,0.9941327480752336,0.19779048068261706
AwayPPG + HomeShotsOnTargetAgainstLast5 + XGDDiff,3,0.5277027027027028,0.9941338217531047,0.1976146233745674
HomeElo + AwayShotsOnTargetLast5 + XGForDiffPg,3,0.5243243243243243,0.9941452082518238,0.19784108066296613
AwayPointsLast5 + HomeShotsOnTargetAgainstLast5 + XGDDiff,3,0.525,0.9941482058922403,0.19755221326936837
HomeElo + AwayGDPerGame + AwayGoalsAgainstLast5,3,0.525,0.9941497576269887,0.19780258607063092
PPGDiff + HomePPG + XGDDiffLast5,3,0.5269736842105263,0.9941506537505898,0.19793539458143505
HomeGDPerGame + AwayShotsOnTargetLast5 + XGDDiff,3,0.5249999999999999,0.9941560834228459,0.1977059538467349
AwayGoalsAgainstLast5 + HomeShotsOnTargetLast5 + XGDDiff,3,0.5263513513513514,0.9941586802452034,0.1977825173673514
HomeElo + AwayGDPerGame + AwayGoalsAgainstPerGame,3,0.530921052631579,0.9941641284415599,0.19773578046530085
HomePPG + AwayPPG + XGDDiffLast5,3,0.5263157894736842,0.9941683569339705,0.19794003764942808
AwayGoalsLast5 + HomeShotsOnTargetAgainstLast5 + XGDDiff,3,0.525,0.9941696646612347,0.1975310178974058
HomeElo + AwayGoalsAgainstLast5 + XGDDiffLast5,3,0.5335526315789474,0.9941724210269511,0.19750566883683662
HomeElo + HomeGDPerGame + XGForDiffPg,3,0.5277027027027028,0.9941739015595028,0.19791527362939132
HomeElo + XGForDiffPg + XGForDiffLast5,3,0.5256756756756757,0.9941743157499748,0.19783354042701964
PPGDiff + AwayPPG + XGDDiffLast5,3,0.5269736842105263,0.9941764090855958,0.197942668546414
GoalsPerGameDiff + ShotDiffLast5 + HomeElo,3,0.5328947368421052,0.9941773989678879,0.19764942696926655
GoalsPerGameDiff + HomeGoalsLast5 + XGDDiff,3,0.5310810810810811,0.9941795529758505,0.19791347452736746
HomeGDPerGame + AwayPointsLast5 + XGDDiff,3,0.529054054054054,0.9941799890563171,0.19767592490388994
GoalsPerGameDiff + HomeGoalsAgainstLast5 + XGDDiff,3,0.522972972972973,0.9941869106477819,0.19781530343566572
HomeElo + HomeGoalsAgainstLast5 + XGDDiffLast5,3,0.5322368421052632,0.994187641373026,0.19748273312419237
HomePointsLast5 + XGForDiffPg + XGAgainstDiffLast5,3,0.5304054054054055,0.994192931317138,0.19791029198895163
HomeElo + AwayGoalsLast5 + XGAgainstDiffPg,3,0.5351351351351351,0.9942000351782161,0.1975476682806248
GoalsPerGameDiff + HomeElo + XGAgainstDiffLast5,3,0.5302631578947369,0.9942061526805004,0.19767944955633995
GoalsPerGameDiff + XGDDiff + XGAgainstDiffLast5,3,0.5297297297297296,0.9942090310584875,0.19787439142251426
HomeGoalsLast5 + XGDDiff + XGForDiffLast5,3,0.529054054054054,0.9942129861985983,0.19784882862628272
GoalsAgainstPerGameDiff + HomeElo + XGForDiffPg,3,0.5236486486486486,0.9942131769910296,0.1978673914475035
GoalDiffLast5 + HomeShotsOnTargetAgainstLast5 + XGDDiff,3,0.5297297297297298,0.9942292519617615,0.19766346158394368
ShotOTDiffLast5 + GoalDiffLast5 + XGDDiff,3,0.5304054054054054,0.9942424276296042,0.19775476553040128
ShotOTDiffLast5 + AwayElo + XGDDiff,3,0.5317567567567568,0.9942458903885396,0.19780612133401812
AwayGoalsAgainstPerGame + HomeShotsOnTargetLast5 + XGDDiff,3,0.5236486486486486,0.9942659252277508,0.1977530349215138
HomeGDPerGame + HomeGoalsLast5 + XGDDiff,3,0.5263513513513512,0.9942722475759448,0.1978085709244697
HomeElo + HomeGoalsPerGame + XGForDiffPg,3,0.529054054054054,0.9942908465070959,0.1979310418234089
ShotOTDiffLast5 + PPGDiff + HomeShotsAgainstLast5,3,0.5394736842105263,0.9943031567641121,0.19797865825832606
GoalsPerGameDiff + HomeElo + XGForDiffPg,3,0.5263513513513514,0.9943063387529685,0.19795994897939792
HomeElo + AwayGoalsLast5 + XGForDiffPg,3,0.5297297297297298,0.9943072533218578,0.1978765966968309
HomeElo + AwayShotsOnTargetLast5 + XGAgainstDiffPg,3,0.5344594594594595,0.9943080732249074,0.19752606940689613
HomePPG + XGAgainstDiffPg + XGDDiff,3,0.5270270270270271,0.9943151950605902,0.19767498609964354
HomePPG + XGForDiffPg + XGDDiff,3,0.5263513513513514,0.9943179748862655,0.1976804812546076
GoalsAgainstPerGameDiff + HomeShotsOnTargetLast5 + XGDDiff,3,0.5270270270270271,0.9943225303717372,0.19770074162286122
HomeElo + AwayGoalsAgainstPerGame + XGForDiffLast5,3,0.5309210526315791,0.9943329449824432,0.19758786217165406
HomeGDPerGame + AwayGoalsLast5 + XGDDiff,3,0.5263513513513514,0.9943386798289547,0.19767978549672607
HomeShotsAgainstLast5 + XGDDiff + XGAgainstDiffLast5,3,0.5277027027027027,0.9943497925200971,0.19773237006476693
GoalsPerGameDiff + HomeElo + AwayShotsOnTargetAgainstLast5,3,0.5296052631578947,0.9943515162807919,0.19789077667843716
PPGDiff + HomeElo + HomePPG,3,0.530921052631579,0.9943517240015483,0.19798602558021658
HomeElo + HomePPG + AwayPPG,3,0.531578947368421,0.9943560051268239,0.1979867204983523
HomeGoalsLast5 + AwayShotsOnTargetLast5 + XGDDiff,3,0.5277027027027027,0.9943656769449247,0.19792775460482853
PPGDiff + HomeElo + AwayPPG,3,0.531578947368421,0.9943701109039591,0.19799118559188572
GoalDiffLast5 + HomeGDPerGame + XGDDiff,3,0.527027027027027,0.994374069873815,0.19776750396427867
HomeGDPerGame + AwayGDPerGame + XGDDiff,3,0.5277027027027027,0.9943798759339444,0.1978022579584584
GDPerGameDiff + HomeGDPerGame + XGDDiff,3,0.5277027027027027,0.9943931098909857,0.19780563512926316
HomePPG + XGForDiffPg + XGAgainstDiffPg,3,0.527027027027027,0.9943990341551663,0.19769464798110092
GDPerGameDiff + AwayGDPerGame + XGDDiff,3,0.5277027027027027,0.9944069444158612,0.1978085513968228
HomeElo + AwayGoalsAgainstPerGame + XGAgainstDiffPg,3,0.5304054054054054,0.9944082032658991,0.19769890415552657
HomeGoalsAgainstLast5 + HomeShotsOnTargetAgainstLast5 + XGDDiff,3,0.5243243243243243,0.9944205528588559,0.19767687151587693
PPGDiff + HomeGoalsPerGame + XGDDiffLast5,3,0.5276315789473685,0.9944262675473837,0.19798196265638102
PPGDiff + HomeElo + HomeShotsAgainstLast5,3,0.5164473684210527,0.9944358867459983,0.197957929731325
AwayPointsLast5 + HomeGoalsLast5 + XGDDiff,3,0.529054054054054,0.9944397476435661,0.19787054198171777
PPGDiff + HomeGoalsLast5 + XGDDiffLast5,3,0.5263157894736843,0.9944445716903192,0.19804012494720283
PPGDiff + GoalDiffLast5 + XGDDiffLast5,3,0.5263157894736843,0.9944469643548153,0.19797063584360441
HomeGoalsPerGame + HomeGoalsAgainstLast5 + XGDDiff,3,0.5277027027027027,0.9944498988237684,0.1977172694756829
HomeGoalsPerGame + XGDDiff + XGForDiffLast5,3,0.5283783783783783,0.9944517802611449,0.19781427212385727
AwayShotsAgainstLast5 + HomeShotsOnTargetLast5 + XGDDiff,3,0.5337837837837838,0.9944597696988436,0.19787261092835418
GoalsPerGameDiff + HomeElo + AwayShotsAgainstLast5,3,0.5296052631578948,0.9944605400992079,0.19793951500476895
GoalAgainstDiffLast5 + HomeElo + XGDDiffLast5,3,0.5342105263157895,0.9944823616077544,0.19759498842320572
GoalDiffLast5 + HomeGoalsLast5 + XGDDiff,3,0.5277027027027027,0.9944970803021329,0.19786222873201081
GoalDiffLast5 + AwayGoalsLast5 + XGDDiff,3,0.5277027027027027,0.9945060073620753,0.19786294114436515
HomeGoalsLast5 + AwayGoalsLast5 + XGDDiff,3,0.5277027027027027,0.9945084555608816,0.19786408078484707
HomeElo + HomePPG + XGForDiffPg,3,0.5263513513513514,0.9945093685529787,0.1979836101040023
AwayElo + HomePointsLast5 + XGForDiffPg,3,0.5256756756756757,0.9945121888501937,0.1981919052180217
PPGDiff + AwayGDPerGame + XGDDiffLast5,3,0.5263157894736842,0.9945135637962622,0.1980710637961498
AwayGDPerGame + XGDDiff + XGDDiffLast5,3,0.529054054054054,0.994518014181011,0.19787162965206886
HomeElo + HomeGoalsLast5 + XGDDiffLast5,3,0.530921052631579,0.9945187884255271,0.1975619837166979
ShotDiffLast5 + HomeElo + AwayGoalsAgainstPerGame,3,0.5276315789473685,0.9945267556004453,0.1975395860493838
PPGDiff + AwayShotsOnTargetLast5 + XGDDiffLast5,3,0.5256578947368421,0.9945313434966646,0.19808169978073106
PPGDiff + AwayElo + XGDDiffLast5,3,0.5276315789473685,0.9945371980859932,0.19809890530286423
GDPerGameDiff + AwayPointsLast5 + XGDDiff,3,0.529054054054054,0.994554321039402,0.19781122203577728
ShotDiffLast5 + XGDDiff + XGAgainstDiffLast5,3,0.5331081081081082,0.9945860169305507,0.19781389029062849
AwayPPG + XGDDiff + XGDDiffLast5,3,0.5297297297297298,0.9945897097461218,0.1978935139219579
HomeShotsAgainstLast5 + HomeShotsOnTargetAgainstLast5 + XGDDiff,3,0.527027027027027,0.9945928330905738,0.19772560252933902
PPGDiff + HomePointsLast5 + XGForDiffPg,3,0.527027027027027,0.9945929600713128,0.1982093266169691
HomePPG + XGForDiffPg + XGAgainstDiffLast5,3,0.5331081081081082,0.9946001512199378,0.1978582347817845
HomeElo + AwayPointsLast5 + XGAgainstDiffPg,3,0.5331081081081082,0.9946075344835118,0.1977021630764952
GDPerGameDiff + XGDDiff + XGAgainstDiffLast5,3,0.5304054054054054,0.9946101903020585,0.1978315675107841
HomeGDPerGame + AwayShotsOnTargetAgainstLast5 + XGDDiff,3,0.5297297297297296,0.9946155137452287,0.19780005818948673
AwayPointsLast5 + XGDDiff + XGAgainstDiffLast5,3,0.5216216216216216,0.9946285923790374,0.1977416991010466
AwayElo + AwayPointsLast5 + XGDDiff,3,0.5263513513513514,0.9946590052253865,0.19787014850656098
ShotOTDiffLast5 + AwayGDPerGame + XGDDiff,3,0.5324324324324324,0.9946593314909796,0.19787269826617906
PPGDiff + HomeShotsAgainstLast5 + XGForDiffLast5,3,0.5276315789473685,0.9946612940728534,0.19810880131744216
HomeGoalsAgainstLast5 + XGDDiff,2,0.525,0.994671469136631,0.19775726602492083
ShotOTDiffLast5 + HomeElo + XGAgainstDiffLast5,3,0.5276315789473685,0.994686064996007,0.19765313769258186
GoalsPerGameDiff + HomeGoalsPerGame + XGDDiff,3,0.527027027027027,0.9946890661471894,0.19789969365977547
XGDDiff + XGAgainstDiffLast5,2,0.5222972972972973,0.9946977302464791,0.19782152569057054
AwayGDPerGame + HomeShotsOnTargetAgainstLast5 + XGDDiff,3,0.527027027027027,0.994700300750355,0.1977089667431181
GDPerGameDiff + AwayGoalsLast5 + XGDDiff,3,0.5243243243243243,0.9947013086653301,0.19786472525158758
GDPerGameDiff + PPGDiff + XGDDiffLast5,3,0.525657894736842,0.9947013778845525,0.19802756886709721
XGDDiff + XGForDiffLast5 + XGDDiffLast5,3,0.5263513513513514,0.9947097977796477,0.19786351668656024
AwayGoalsAgainstLast5 + HomeShotsAgainstLast5 + XGDDiff,3,0.5310810810810811,0.994717528687124,0.1978597651431239
XGDDiff + XGAgainstDiffLast5 + XGDDiffLast5,3,0.5263513513513514,0.9947219673263227,0.19786553669755577
XGDDiff + XGForDiffLast5 + XGAgainstDiffLast5,3,0.5263513513513514,0.9947302744529519,0.19786727047569644
HomeGoalsPerGame + AwayPointsLast5 + XGDDiff,3,0.5243243243243243,0.9947333435489719,0.19783210743901605
ShotOTDiffLast5 + AwayPPG + XGDDiff,3,0.5324324324324324,0.9947354242707867,0.19788863202581328
HomeGoalsPerGame + AwayGoalsLast5 + XGDDiff,3,0.5256756756756756,0.9947374068598251,0.19780154269651962
GDPerGameDiff + HomeGoalsPerGame + XGDDiff,3,0.525,0.994739757093805,0.19789586771552883
GoalsPerGameDiff + AwayGoalsLast5 + XGDDiff,3,0.5236486486486486,0.9947473741472386,0.19795059375075613
PPGDiff + HomeShotsAgainstLast5 + XGAgainstDiffPg,3,0.5216216216216216,0.9947603424983976,0.19801577948267304
PPGDiff + AwayGoalsAgainstLast5 + XGDDiffLast5,3,0.5276315789473685,0.9947608026037301,0.19810912828902907
GDPerGameDiff + ShotDiffLast5 + XGDDiff,3,0.5304054054054054,0.9947669229708189,0.19791441434813015
HomeElo + AwayShotsOnTargetAgainstLast5 + XGAgainstDiffPg,3,0.5243243243243243,0.994769239611959,0.19776105554356133
GoalDiffLast5 + HomeElo + XGAgainstDiffPg,3,0.5283783783783783,0.9947750356629418,0.19779326284171836
PPGDiff + XGAgainstDiffPg + XGForDiffLast5,3,0.5277027027027027,0.9947771173331421,0.19805717180016583
GDPerGameDiff + HomeElo + AwayPointsLast5,3,0.5210526315789473,0.9947789451204794,0.19798157448431067
AwayElo + XGDDiff + XGAgainstDiffLast5,3,0.525,0.994790926868279,0.19792661654753882
PPGDiff + AwayGoalsAgainstPerGame + XGDDiffLast5,3,0.525,0.9947955574477145,0.1981029776064428
HomeGoalsAgainstLast5 + XGDDiff + XGForDiffLast5,3,0.529054054054054,0.9947976956773255,0.19780404327943654
GDPerGameDiff + HomeGoalsAgainstLast5 + XGDDiff,3,0.5256756756756756,0.9948174462651709,0.1978585850746051
AwayGoalsAgainstPerGame + HomeShotsAgainstLast5 + XGDDiff,3,0.5317567567567567,0.9948178238910159,0.19780055018392417
AwayPPG + HomeGoalsPerGame + XGDDiff,3,0.529054054054054,0.9948323063261914,0.19799034365501716
ShotDiffLast5 + HomeGoalsAgainstLast5 + XGDDiff,3,0.529054054054054,0.9948343949875755,0.19779226305714556
HomeGoalsAgainstLast5 + XGDDiff + XGAgainstDiffLast5,3,0.5236486486486487,0.9948419658565344,0.19778914531619812
GDPerGameDiff + XGDDiff,2,0.5283783783783784,0.9948497352945115,0.1979429468809897
AwayPPG + HomeGoalsLast5 + XGDDiff,3,0.529054054054054,0.9948668179531448,0.1980895958965572
ShotOTDiffLast5 + PPGDiff + XGAgainstDiffLast5,3,0.5289473684210526,0.9948728134876788,0.19812079742797858
HomeElo + AwayGDPerGame + HomeGoalsAgainstLast5,3,0.5263157894736842,0.9948805421007434,0.19790863046700616
GoalAgainstDiffLast5 + XGDDiff + XGDDiffLast5,3,0.525,0.9948828587518304,0.19795682489881503
PPGDiff + HomeElo + AwayGoalsLast5,3,0.5263157894736842,0.9948850668330069,0.19802897392062344
GoalsPerGameDiff + XGDDiff,2,0.5256756756756756,0.994901721889385,0.19802311353088614
HomeShotsAgainstLast5 + AwayShotsAgainstLast5 + XGDDiff,3,0.5304054054054054,0.9949095836831818,0.19790037755129677
GoalDiffLast5 + HomeElo + XGForDiffPg,3,0.5249999999999999,0.9949155806349468,0.19809687355701688
HomeGoalsPerGame + AwayShotsOnTargetLast5 + XGDDiff,3,0.5256756756756756,0.994916981426293,0.1979229954022006
ShotDiffLast5 + XGDDiff + XGDDiffLast5,3,0.5317567567567568,0.9949232649472162,0.19791422569764403
PPGDiff + ShotDiffLast5 + HomeShotsOnTargetAgainstLast5,3,0.5355263157894736,0.9949296421825662,0.19798185533996143
GoalAgainstDiffLast5 + HomeGoalsLast5 + XGDDiff,3,0.529054054054054,0.9949393583453549,0.1980498471656298
GoalsPerGameDiff + AwayPointsLast5 + XGDDiff,3,0.5209459459459459,0.9949444224653483,0.19797611524236022
AwayElo + HomePPG + XGAgainstDiffPg,3,0.522972972972973,0.9949469075507986,0.19793584621512067
HomeShotsOnTargetLast5 + XGAgainstDiffPg + XGDDiff,3,0.5310810810810811,0.994947165843326,0.19791707937156722
HomeGoalsAgainstLast5 + HomeShotsAgainstLast5 + XGDDiff,3,0.5263513513513514,0.9949551232370513,0.19784334053247343
HomeGoalsPerGame + HomeGoalsLast5 + XGDDiff,3,0.525,0.9949564530220245,0.19794697772828082
HomeShotsOnTargetLast5 + XGForDiffPg + XGDDiff,3,0.5310810810810811,0.9949603460169403,0.1979220153882841
HomeGDPerGame + HomeGoalsAgainstLast5 + XGDDiff,3,0.525,0.9949641217125524,0.19778671717888321
HomeGoalsAgainstLast5 + AwayShotsOnTargetLast5 + XGDDiff,3,0.5236486486486487,0.994966018809998,0.19784673472282216
PPGDiff + XGForDiffLast5 + XGDDiffLast5,3,0.5269736842105264,0.994967436368535,0.19814470545736215
PPGDiff + XGAgainstDiffLast5 + XGDDiffLast5,3,0.5269736842105264,0.9949816851895796,0.1981479263313264
ShotOTDiffLast5 + XGDDiff + XGForDiffLast5,3,0.5283783783783784,0.9949823580410309,0.19786981319130809
AwayGoalsLast5 + XGDDiff + XGAgainstDiffLast5,3,0.5195945945945946,0.9949899984943563,0.19782565758500487
GoalsPerGameDiff + ShotDiffLast5 + XGDDiff,3,0.5331081081081082,0.9949928197737811,0.19803010129833132
XGDDiff,1,0.5263513513513514,0.9950154274265355,0.19788577023837572
PPGDiff + XGForDiffLast5 + XGAgainstDiffLast5,3,0.5269736842105264,0.9950157949159566,0.19815429088781392
ShotDiffLast5 + XGDDiff,2,0.5351351351351351,0.9950179398878842,0.1978935458473325
PPGDiff + GoalsPerGameDiff + XGDDiffLast5,3,0.5263157894736842,0.9950282181031198,0.1981894568650391
HomeShotsOnTargetLast5 + XGForDiffPg + XGAgainstDiffPg,3,0.5310810810810811,0.9950397635884156,0.19793855901547958
HomeElo + AwayPPG + AwayGoalsAgainstPerGame,3,0.5296052631578947,0.9950458824802895,0.19793136166849642
GoalsPerGameDiff + AwayShotsOnTargetLast5 + XGDDiff,3,0.522972972972973,0.9950465190874175,0.1980570503088072
AwayShotsOnTargetLast5 + XGDDiff + XGAgainstDiffLast5,3,0.520945945945946,0.9950485433972491,0.19791284340725784
GDPerGameDiff + HomeElo + AwayGoalsLast5,3,0.5171052631578947,0.9950491917057194,0.19799281322635218
AwayGoalsLast5 + XGDDiff + XGForDiffLast5,3,0.5283783783783784,0.9950512812688286,0.19785637924506908
GoalDiffLast5 + HomeGoalsPerGame + XGDDiff,3,0.5270270270270271,0.9950542825945735,0.19793928636607264
GDPerGameDiff + XGDDiff + XGForDiffLast5,3,0.5310810810810811,0.9950574948521728,0.19801906168855915
AwayGoalsAgainstLast5 + XGDDiff + XGDDiffLast5,3,0.5283783783783783,0.9950769061335231,0.19797744385340035
HomeElo + AwayShotsAgainstLast5 + XGAgainstDiffPg,3,0.5182432432432432,0.995084231901304,0.19789137689907968
AwayElo + AwayGDPerGame + XGDDiff,3,0.5277027027027027,0.9950889095847683,0.19793545878357544
PPGDiff + HomeGoalsAgainstLast5 + XGDDiffLast5,3,0.5276315789473685,0.9950921004701111,0.19815112718703148
GoalsPerGameDiff + AwayElo + XGDDiff,3,0.527027027027027,0.9950988444838671,0.19810198387182593
HomeGoalsLast5 + AwayShotsOnTargetAgainstLast5 + XGDDiff,3,0.5263513513513514,0.9950996168677169,0.1981292670056762
GDPerGameDiff + AwayShotsOnTargetLast5 + XGDDiff,3,0.5256756756756756,0.9950997858618673,0.19800606938602738
PPGDiff + HomeElo + AwayPointsLast5,3,0.5289473684210526,0.9951101762699026,0.19813155512395123
ShotOTDiffLast5 + HomeElo + AwayGoalsAgainstPerGame,3,0.5282894736842105,0.9951167406784949,0.19784725986099075
GoalsPerGameDiff + AwayGDPerGame + XGDDiff,3,0.5270270270270271,0.9951199205158872,0.1980388058457579
GDPerGameDiff + PPGDiff + HomeElo,3,0.5223684210526316,0.9951217497391571,0.19806473638036676
AwayElo + AwayGoalsLast5 + XGDDiff,3,0.5249999999999999,0.9951309402777373,0.19794693806915553
ShotDiffLast5 + AwayPointsLast5 + XGDDiff,3,0.5351351351351352,0.995134447447838,0.1978675370017384
PPGDiff + HomeElo + HomeGDPerGame,3,0.5263157894736843,0.9951355195256621,0.19818884932150915
AwayElo + XGDDiff,2,0.525,0.9951447654032076,0.19799258789994204
AwayElo + AwayShotsOnTargetLast5 + XGDDiff,3,0.5277027027027027,0.9951506018946914,0.19799323953724296
PPGDiff + GoalsAgainstPerGameDiff + XGDDiffLast5,3,0.5243421052631579,0.9951526212194564,0.1981524612675397
GoalAgainstDiffLast5 + HomeGoalsPerGame + XGDDiff,3,0.5277027027027027,0.995163363455521,0.1980027490623515
GoalDiffLast5 + HomeGoalsAgainstLast5 + XGDDiff,3,0.5243243243243243,0.9951648684107379,0.1979336482453302
HomeGDPerGame + HomeGoalsPerGame + XGDDiff,3,0.5243243243243243,0.9951737197965544,0.19793167758379102
AwayPointsLast5 + HomeGoalsAgainstLast5 + XGDDiff,3,0.525,0.9951928945294233,0.19785210049366883
GoalDiffLast5 + AwayPointsLast5 + XGDDiff,3,0.527027027027027,0.9951946191517529,0.19796324863992185
ShotOTDiffLast5 + AwayShotsOnTargetAgainstLast5 + XGDDiff,3,0.5317567567567567,0.9952039622567326,0.19801564023268534
ShotDiffLast5 + AwayGoalsLast5 + XGDDiff,3,0.5337837837837838,0.9952127511595066,0.19786643465120982
PPGDiff + HomeShotsOnTargetLast5 + XGForDiffPg,3,0.5263513513513514,0.9952153964407772,0.19824558377985488
GDPerGameDiff + HomeElo + HomeShotsAgainstLast5,3,0.5236842105263158,0.9952211832526903,0.19800859309341257
AwayGDPerGame + HomeGoalsLast5 + XGDDiff,3,0.5283783783783783,0.9952224402260665,0.19816540256121087
AwayGoalsLast5 + HomeGoalsAgainstLast5 + XGDDiff,3,0.5243243243243243,0.9952285361602202,0.19783330897822204
AwayPointsLast5 + XGDDiff,2,0.529054054054054,0.9952311824310378,0.19788473948040902
HomeShotsAgainstLast5 + XGForDiffPg + XGDDiff,3,0.5304054054054055,0.9952454207691703,0.19797752802675198
ShotOTDiffLast5 + GoalAgainstDiffLast5 + XGDDiff,3,0.5277027027027027,0.9952454748487638,0.19803886799304937
ShotDiffLast5 + AwayElo + XGDDiff,3,0.5337837837837838,0.9952490915577892,0.197997371693602
AwayGDPerGame + HomeGoalsPerGame + XGDDiff,3,0.5310810810810811,0.9952533521743726,0.1980637068345843
AwayPointsLast5 + XGDDiff + XGForDiffLast5,3,0.5290540540540541,0.9952583747517472,0.19791200752924282
XGDDiff + XGForDiffLast5,2,0.531081081081081,0.9952585372747635,0.19796896742709671
AwayGoalsAgainstLast5 + HomeShotsOnTargetAgainstLast5 + XGDDiff,3,0.5243243243243243,0.9952639918920398,0.19786280753432398
GoalAgainstDiffLast5 + HomeGDPerGame + XGDDiff,3,0.5236486486486486,0.9952647496665824,0.19796842375922516
AwayGoalsAgainstPerGame + XGDDiff + XGDDiffLast5,3,0.5304054054054055,0.9952784012237896,0.1980200037626475
HomeShotsAgainstLast5 + XGAgainstDiffPg + XGDDiff,3,0.5317567567567568,0.9952879170059699,0.1979813367404348
PPGDiff + HomeElo + HomeShotsOnTargetAgainstLast5,3,0.5177631578947369,0.9953078169965432,0.19812977333086418
GoalAgainstDiffLast5 + HomeShotsAgainstLast5 + XGDDiff,3,0.5243243243243243,0.9953079943156582,0.198018277710636
GoalDiffLast5 + XGDDiff + XGAgainstDiffLast5,3,0.5317567567567567,0.9953130103672856,0.19803846338073777
AwayGoalsLast5 + XGDDiff,2,0.525,0.9953266949777577,0.1978910275972435
HomeShotsAgainstLast5 + XGForDiffPg + XGAgainstDiffPg,3,0.5304054054054055,0.9953333200283783,0.19799390794210023
ShotDiffLast5 + AwayShotsOnTargetLast5 + XGDDiff,3,0.5364864864864864,0.9953346093170405,0.19795389351846468
HomeGoalsAgainstLast5 + AwayShotsOnTargetAgainstLast5 + XGDDiff,3,0.5236486486486487,0.9953388151368999,0.19794291574064768
ShotDiffLast5 + HomeElo + AwayPointsLast5,3,0.5328947368421053,0.9953452989941927,0.19758551775022754
HomeElo + AwayPPG + AwayShotsOnTargetLast5,3,0.5282894736842105,0.9953512251082384,0.19803155691449179
AwayShotsOnTargetLast5 + XGDDiff,2,0.5243243243243243,0.9953569005425329,0.19797185302962564
GoalsPerGameDiff + AwayPPG + XGDDiff,3,0.5277027027027027,0.995360175321182,0.19809866254560693
HomeElo + HomeShotsOnTargetLast5 + XGForDiffPg,3,0.5256756756756757,0.9953614171901117,0.19798683908592052
AwayPPG + HomeGoalsAgainstLast5 + XGDDiff,3,0.5263513513513514,0.9953682765639,0.1979853464609306
GoalsPerGameDiff + XGDDiff + XGForDiffLast5,3,0.5277027027027027,0.9953690365532577,0.19812070674627527
GDPerGameDiff + AwayGoalsAgainstPerGame + XGDDiff,3,0.5290540540540541,0.9953815509155726,0.1980447271960059
HomeElo + HomePointsLast5 + XGForDiffPg,3,0.5249999999999999,0.99538442876326,0.1981488425361795
GDPerGameDiff + AwayPPG + XGDDiff,3,0.5283783783783784,0.9953942300106378,0.19800372809442857
PPGDiff + HomeElo + AwayGoalsAgainstPerGame,3,0.5256578947368421,0.9954065790377666,0.19811837866525367
AwayElo + AwayPPG + XGDDiff,3,0.5283783783783784,0.9954076807413157,0.19798733663660262
HomeElo + AwayPPG + HomeShotsOnTargetLast5,3,0.5296052631578948,0.9954078532122734,0.19806047086988748
HomeGoalsPerGame + AwayShotsOnTargetAgainstLast5 + XGDDiff,3,0.5297297297297296,0.9954287265789714,0.19804437215040888
GDPerGameDiff + GoalDiffLast5 + XGDDiff,3,0.529054054054054,0.9954306540689664,0.19807653387463123
GoalAgainstDiffLast5 + HomeShotsOnTargetAgainstLast5 + XGDDiff,3,0.5236486486486487,0.99544349246391,0.19798873891819707
AwayGDPerGame + XGDDiff + XGAgainstDiffLast5,3,0.5222972972972972,0.9954522713189267,0.19800821964240678
PPGDiff + GoalDiffLast5 + HomeElo,3,0.5171052631578947,0.9954541468350965,0.19825813951435148
AwayElo + XGDDiff + XGForDiffLast5,3,0.5331081081081082,0.9954651042578593,0.19806340543263218
GDPerGameDiff + AwayElo + XGDDiff,3,0.5270270270270271,0.9954690413284002,0.1980979617936774
AwayShotsAgainstLast5 + HomeShotsOnTargetAgainstLast5 + XGDDiff,3,0.527027027027027,0.9954726910021621,0.19788068088464345
GoalsAgainstPerGameDiff + HomeShotsAgainstLast5 + XGDDiff,3,0.5283783783783783,0.9954852559378444,0.19793398358921124
ShotOTDiffLast5 + AwayGoalsAgainstPerGame + XGDDiff,3,0.5317567567567567,0.9954877711553287,0.1980490377677126
AwayShotsOnTargetAgainstLast5 + XGDDiff + XGDDiffLast5,3,0.5310810810810811,0.9954961251158108,0.19803762595058594
GoalAgainstDiffLast5 + PPGDiff + XGDDiffLast5,3,0.5243421052631579,0.9955026674168574,0.19824824618880438
AwayPPG + XGDDiff + XGAgainstDiffLast5,3,0.5222972972972973,0.9955293944986575,0.1980311971953012
HomeElo + AwayPPG + HomeGoalsPerGame,3,0.525,0.9955417446107455,0.1982990096020444
ShotOTDiffLast5 + AwayGoalsAgainstLast5 + XGDDiff,3,0.5297297297297296,0.9955457552128194,0.19809344336451376
HomeGDPerGame + AwayGoalsAgainstLast5 + XGDDiff,3,0.5283783783783784,0.995555936894091,0.1980343604025777
AwayGoalsAgainstPerGame + HomeShotsOnTargetAgainstLast5 + XGDDiff,3,0.5277027027027027,0.9955580112084952,0.19783351374983424
AwayShotsOnTargetLast5 + XGDDiff + XGForDiffLast5,3,0.5317567567567567,0.9955683190830966,0.1980416498026441
GDPerGameDiff + HomeElo + HomePPG,3,0.5243421052631578,0.995587839901314,0.19820922550361217
GoalsPerGameDiff + HomeElo + AwayPPG,3,0.5230263157894738,0.9955981510183647,0.19833832208993699
GoalsAgainstPerGameDiff + HomeShotsOnTargetAgainstLast5 + XGDDiff,3,0.525,0.995608670676212,0.19785584324145122
GoalDiffLast5 + XGDDiff + XGForDiffLast5,3,0.5310810810810811,0.9956192575525056,0.1980843735264116
PPGDiff + AwayShotsOnTargetAgainstLast5 + XGDDiffLast5,3,0.5263157894736842,0.9956251959720482,0.19827797286761253
HomeShotsOnTargetAgainstLast5 + XGForDiffPg + XGDDiff,3,0.5256756756756756,0.9956375892463163,0.1979452174855584
GoalDiffLast5 + XGDDiff,2,0.5324324324324324,0.995644514209054,0.19811494877835345
ShotDiffLast5 + GoalDiffLast5 + XGDDiff,3,0.5331081081081082,0.9956457318582729,0.19810286443591366
HomeShotsOnTargetAgainstLast5 + XGAgainstDiffPg + XGDDiff,3,0.5263513513513514,0.9956672876428079,0.1979458270046181
AwayPointsLast5 + AwayShotsOnTargetLast5 + XGDDiff,3,0.525,0.9956824924187861,0.19800623760598998
HomePointsLast5 + XGForDiffPg + XGDDiffLast5,3,0.522972972972973,0.9956851415429369,0.19830336882758273
AwayGDPerGame + XGDDiff,2,0.5263513513513514,0.9957059986964797,0.19805580884651955
PPGDiff + HomeShotsOnTargetAgainstLast5 + XGForDiffLast5,3,0.5243421052631578,0.9957076213121037,0.19828778592207963
GoalsAgainstPerGameDiff + XGDDiff + XGDDiffLast5,3,0.5283783783783784,0.9957236647466887,0.19802441546344318
AwayPPG + AwayPointsLast5 + XGDDiff,3,0.527027027027027,0.9957264744806813,0.19805993113521103
GDPerGameDiff + HomePointsLast5 + XGDDiffLast5,3,0.5243421052631579,0.9957327576912041,0.19819103659868592
PPGDiff + AwayShotsAgainstLast5 + XGDDiffLast5,3,0.525,0.9957369228519567,0.19836649988679336
PPGDiff + HomePointsLast5 + XGAgainstDiffPg,3,0.5222972972972973,0.995742970972696,0.19825507908920323
ShotDiffLast5 + AwayElo + HomeGDPerGame,3,0.5282894736842105,0.9957434369723936,0.1979009332101489
ShotOTDiffLast5 + ShotDiffLast5 + XGDDiff,3,0.5317567567567567,0.9957498268196272,0.19804123599064943
PPGDiff + HomeElo + HomeShotsOnTargetLast5,3,0.5177631578947368,0.9957503839109573,0.19821226382499882
HomeElo + AwayPPG + HomeShotsAgainstLast5,3,0.5276315789473683,0.9957540422955573,0.1981172142423879
HomeShotsOnTargetAgainstLast5 + XGForDiffPg + XGAgainstDiffPg,3,0.5263513513513514,0.9957587880406287,0.19796844727259
GoalsAgainstPerGameDiff + HomeGoalsLast5 + XGDDiff,3,0.5277027027027027,0.9957610037780642,0.19813486418368884
PPGDiff + HomeElo,2,0.518421052631579,0.995769714446471,0.19829989738960885
AwayGoalsAgainstLast5 + XGDDiff + XGAgainstDiffLast5,3,0.5222972972972972,0.9957805850568549,0.19807684486502816
ShotDiffLast5 + AwayGDPerGame + XGDDiff,3,0.533108108108108,0.9957807224211181,0.19807804650039043
ShotOTDiffLast5 + GoalsAgainstPerGameDiff + XGDDiff,3,0.533108108108108,0.9957858648903852,0.1980284728522808
HomeGoalsLast5 + AwayGoalsAgainstLast5 + XGDDiff,3,0.5256756756756756,0.9957880562035973,0.19826372045429544
GoalDiffLast5 + HomeElo + AwayPPG,3,0.5282894736842105,0.9958010290497586,0.19834110449783096
AwayPointsLast5 + AwayGoalsLast5 + XGDDiff,3,0.5243243243243243,0.9958109168005461,0.1979895438138354
ShotDiffLast5 + AwayPPG + XGDDiff,3,0.5337837837837838,0.9958340794669231,0.19809378466418834
GoalDiffLast5 + AwayElo + XGDDiff,3,0.5310810810810811,0.9958352760739635,0.19821071726585585
GDPerGameDiff + AwayPointsLast5 + XGDDiffLast5,3,0.5236842105263158,0.9958372553173338,0.1981526826026257
AwayPPG + XGDDiff,2,0.527027027027027,0.9958379392245249,0.1980928049066696
GoalDiffLast5 + AwayShotsOnTargetLast5 + XGDDiff,3,0.5304054054054055,0.9958394823651545,0.19816599976173024
ShotOTDiffLast5 + PPGDiff + HomeShotsOnTargetAgainstLast5,3,0.5381578947368422,0.995842693099912,0.19830623772274472
AwayGoalsAgainstPerGame + HomeGoalsLast5 + XGDDiff,3,0.5304054054054054,0.9958547962837115,0.19824484111477114
GDPerGameDiff + XGForDiffPg + XGAgainstDiffLast5,3,0.531081081081081,0.9958589222132403,0.1982114738858867
HomeElo + HomeGoalsLast5 + XGForDiffPg,3,0.5263513513513514,0.9958630216574373,0.19824044783654848
XGForDiffPg + XGDDiff + XGAgainstDiffLast5,3,0.5310810810810811,0.9958632723562151,0.19819440155589255
HomeElo + HomeGoalsAgainstLast5 + XGForDiffPg,3,0.5297297297297298,0.9958751929065869,0.1981948176046016
GoalAgainstDiffLast5 + GoalsPerGameDiff + XGDDiff,3,0.5263513513513514,0.9958869883550998,0.19830302207387396
HomeShotsOnTargetLast5 + XGForDiffPg + XGAgainstDiffLast5,3,0.533108108108108,0.995888104349214,0.19824107363274515
XGAgainstDiffPg + XGDDiff + XGAgainstDiffLast5,3,0.5304054054054055,0.9958937867279883,0.19819647776952665
HomeGDPerGame + XGAgainstDiffPg + XGDDiff,3,0.525,0.9958938685098542,0.1980907365749223
GoalsPerGameDiff + GoalDiffLast5 + XGDDiff,3,0.5277027027027027,0.9958962453943229,0.19823776122567227
AwayGDPerGame + XGDDiff + XGForDiffLast5,3,0.529054054054054,0.9959072401624364,0.1981301756871338
AwayGDPerGame + AwayPointsLast5 + XGDDiff,3,0.5256756756756757,0.9959085495069271,0.1980798566549238
GDPerGameDiff + AwayShotsOnTargetAgainstLast5 + XGDDiff,3,0.5256756756756756,0.995909276229832,0.19819840272226646
GDPerGameDiff + AwayGoalsAgainstLast5 + XGDDiff,3,0.5283783783783784,0.9959143364629176,0.198182635157447
GoalAgainstDiffLast5 + AwayPointsLast5 + XGDDiff,3,0.522972972972973,0.9959145154834972,0.19808338436014578
GDPerGameDiff + GoalDiffLast5 + HomeElo,3,0.5217105263157895,0.9959200944926381,0.1982181498786049
GoalsAgainstPerGameDiff + HomeGDPerGame + XGDDiff,3,0.5304054054054054,0.9959201977537686,0.1980133942850206
HomeGDPerGame + XGForDiffPg + XGDDiff,3,0.525,0.9959411834051091,0.19810926296403564
GoalsPerGameDiff + HomeElo + XGForDiffLast5,3,0.5217105263157895,0.9959467504522853,0.1982285914045733
GoalAgainstDiffLast5 + GDPerGameDiff + XGDDiff,3,0.5249999999999999,0.9959488945340657,0.19817439104575063
GDPerGameDiff + HomeElo,2,0.5203947368421052,0.995963729470122,0.19821611798939498
GDPerGameDiff + HomeElo + HomeShotsOnTargetAgainstLast5,3,0.5217105263157895,0.995973808888524,0.19814444854417446
PPGDiff + ShotDiffLast5 + HomePointsLast5,3,0.5355263157894736,0.9959854602220933,0.1982411856517342
HomePPG + XGForDiffPg + XGDDiffLast5,3,0.5317567567567567,0.9959861462289261,0.1982043797583046
XGAgainstDiffPg + XGDDiff + XGDDiffLast5,3,0.531081081081081,0.9959912408916172,0.19820488874988337
HomeGDPerGame + XGForDiffPg + XGAgainstDiffPg,3,0.525,0.995991927561183,0.19811508723948737
AwayGoalsLast5 + AwayShotsOnTargetLast5 + XGDDiff,3,0.5256756756756756,0.9959978749247471,0.19806485516817723
GoalsPerGameDiff + AwayShotsOnTargetAgainstLast5 + XGDDiff,3,0.525,0.9960008620464327,0.19830345446684416
GoalsAgainstPerGameDiff + HomeGoalsPerGame + XGDDiff,3,0.5243243243243243,0.9960011165403952,0.1980629200059749
HomeGDPerGame + AwayGoalsAgainstPerGame + XGDDiff,3,0.5283783783783784,0.9960025217120642,0.19805817908124249
GDPerGameDiff + HomePPG + XGDDiffLast5,3,0.5256578947368421,0.996003719981213,0.1981908801231237
GDPerGameDiff + HomeElo + HomeGoalsPerGame,3,0.5171052631578947,0.9960091004782445,0.19829261456743322
XGForDiffPg + XGAgainstDiffPg + XGAgainstDiffLast5,3,0.5310810810810811,0.9960142454760958,0.19822841731277965
HomeElo + XGAgainstDiffPg + XGAgainstDiffLast5,3,0.5256756756756757,0.9960163443848874,0.19793214183047317
AwayPPG + XGDDiff + XGForDiffLast5,3,0.529054054054054,0.9960282645884291,0.19816492749614265
XGForDiffPg + XGDDiff + XGDDiffLast5,3,0.531081081081081,0.9960296193093888,0.1982161933550738
GoalDiffLast5 + AwayGDPerGame + XGDDiff,3,0.5337837837837838,0.9960307499325054,0.1982016072836769
HomeGoalsLast5 + XGAgainstDiffPg + XGDDiff,3,0.5256756756756757,0.9960459859884613,0.19828584229776441
AwayPPG + AwayShotsOnTargetLast5 + XGDDiff,3,0.5283783783783784,0.9960461429743759,0.19815498563345912
GDPerGameDiff + HomeElo + AwayGoalsAgainstPerGame,3,0.5256578947368421,0.99605260851916,0.19818013328411688
HomeGDPerGame + XGForDiffPg + XGAgainstDiffLast5,3,0.5351351351351351,0.9960537950926347,0.19822223226417343
HomeGoalsPerGame + AwayGoalsAgainstLast5 + XGDDiff,3,0.5277027027027027,0.9960633339701807,0.198209584946648
GoalsAgainstPerGameDiff + HomeElo + XGForDiffLast5,3,0.5236842105263158,0.9960675398700135,0.19802029935778798
GoalAgainstDiffLast5 + XGDDiff + XGAgainstDiffLast5,3,0.5216216216216216,0.9960749154911008,0.19817122332681594
HomeGoalsLast5 + XGForDiffPg + XGDDiff,3,0.5256756756756757,0.9960810919630259,0.19829491213212233
PPGDiff + HomeGoalsAgainstLast5 + XGForDiffPg,3,0.5236486486486487,0.9960824236039365,0.19841498582188785
ShotOTDiffLast5 + PPGDiff + XGForDiffPg,3,0.5202702702702703,0.9960863660260328,0.1984498645581861
XGForDiffPg + XGAgainstDiffPg + XGDDiffLast5,3,0.5317567567567567,0.9960962418623698,0.19823224215303648
AwayPointsLast5 + AwayShotsOnTargetAgainstLast5 + XGDDiff,3,0.5263513513513514,0.9960971523899718,0.1981170022564913
AwayGDPerGame + HomeGoalsAgainstLast5 + XGDDiff,3,0.522972972972973,0.9960993926519459,0.1981277482974221
AwayGoalsAgainstPerGame + XGDDiff + XGAgainstDiffLast5,3,0.5222972972972972,0.9961066611364704,0.1981360267799576
ShotDiffLast5 + AwayShotsOnTargetAgainstLast5 + XGDDiff,3,0.5310810810810811,0.9961415660426691,0.198164774405938
HomeGoalsLast5 + XGForDiffPg + XGAgainstDiffPg,3,0.5256756756756757,0.9961462733142372,0.19830812053769067
AwayElo + HomePPG + XGForDiffPg,3,0.5256756756756757,0.9961473151312326,0.19836798693991572
PPGDiff + GoalsPerGameDiff + HomeElo,3,0.5210526315789473,0.9961481097951952,0.1984169284101297
GDPerGameDiff + AwayGoalsLast5 + XGDDiffLast5,3,0.5243421052631579,0.9961592859488602,0.1982358149799775
PPGDiff + HomeElo + HomeGoalsPerGame,3,0.518421052631579,0.9961814977313355,0.19840572410362756
AwayPPG + AwayGoalsLast5 + XGDDiff,3,0.527027027027027,0.9961852015837178,0.19815454449945563
HomeGoalsPerGame + AwayGoalsAgainstPerGame + XGDDiff,3,0.5283783783783783,0.9961917229567856,0.19818818159973012
AwayShotsOnTargetAgainstLast5 + XGDDiff,2,0.5297297297297296,0.9962023429686315,0.19818097463470954
HomeGDPerGame + AwayShotsAgainstLast5 + XGDDiff,3,0.5277027027027027,0.9962165151111968,0.19816693178899017
ShotOTDiffLast5 + AwayShotsAgainstLast5 + XGDDiff,3,0.5324324324324324,0.9962172572249319,0.1982467445176058
GoalAgainstDiffLast5 + ShotDiffLast5 + XGDDiff,3,0.529054054054054,0.99622638188465,0.19820397279836707
GoalDiffLast5 + AwayPPG + XGDDiff,3,0.5344594594594594,0.9962289616619028,0.1982516901183012
AwayShotsOnTargetAgainstLast5 + XGDDiff + XGAgainstDiffLast5,3,0.5243243243243243,0.9962392291611776,0.1981451191257878
AwayGDPerGame + AwayGoalsLast5 + XGDDiff,3,0.5263513513513514,0.9962413951873784,0.19816809098372018
ShotOTDiffLast5 + AwayElo + HomeGDPerGame,3,0.5302631578947368,0.9962705134645493,0.19817480384087177
GoalAgainstDiffLast5 + XGDDiff,2,0.522972972972973,0.9962835752391017,0.19824178135730403
GDPerGameDiff + ShotDiffLast5 + XGDDiffLast5,3,0.5249999999999999,0.9963009747078981,0.19829310244140408
GoalsAgainstPerGameDiff + HomeGoalsAgainstLast5 + XGDDiff,3,0.5243243243243244,0.9963175586833548,0.19810470177561756
GDPerGameDiff + ShotDiffLast5 + XGAgainstDiffLast5,3,0.5249999999999999,0.9963192825907456,0.19818920684493874
AwayGDPerGame + AwayShotsOnTargetLast5 + XGDDiff,3,0.527027027027027,0.9963214847537332,0.1982120739939238
AwayElo + HomeShotsAgainstLast5 + XGForDiffPg,3,0.5283783783783784,0.9963329256177231,0.198395447944362
GDPerGameDiff + HomeShotsOnTargetLast5 + XGDDiffLast5,3,0.5236842105263158,0.9963410260491323,0.19835685397366284
PPGDiff + ShotDiffLast5 + HomeGDPerGame,3,0.5368421052631578,0.9963518598459731,0.19825859697706275
GoalAgainstDiffLast5 + XGDDiff + XGForDiffLast5,3,0.525,0.9963658620515612,0.1982872257955893
PPGDiff + HomeShotsOnTargetAgainstLast5 + XGAgainstDiffPg,3,0.522972972972973,0.9963751361552327,0.19830951300661112
PPGDiff + HomeGoalsLast5 + XGAgainstDiffPg,3,0.5216216216216216,0.9963810864547197,0.1984316230913025
AwayShotsOnTargetAgainstLast5 + XGDDiff + XGForDiffLast5,3,0.5310810810810811,0.9963870655760068,0.1982560888064991
GoalsPerGameDiff + AwayGoalsAgainstPerGame + XGDDiff,3,0.527027027027027,0.9963939002874871,0.19834700482726406
AwayPPG + AwayGDPerGame + XGDDiff,3,0.5277027027027027,0.9963981659599123,0.1982278922809741
ShotOTDiffLast5 + XGAgainstDiffPg + XGDDiff,3,0.529054054054054,0.996398578656318,0.1982500608885238
PPGDiff + HomeShotsOnTargetLast5 + XGAgainstDiffLast5,3,0.5276315789473685,0.996423149146554,0.19840736786487423
PPGDiff + HomeElo + AwayGoalsAgainstLast5,3,0.5282894736842105,0.9964276174944555,0.19843756085400627
ShotOTDiffLast5 + XGForDiffPg + XGDDiff,3,0.529054054054054,0.9964318293267402,0.19826165085989259
HomeGoalsLast5 + AwayShotsAgainstLast5 + XGDDiff,3,0.5277027027027027,0.9964436567304292,0.19844781009171641
AwayPPG + HomePointsLast5 + XGForDiffPg,3,0.5310810810810811,0.9964533802627642,0.19867207346910912
GoalsPerGameDiff + GoalsAgainstPerGameDiff + XGDDiff,3,0.529054054054054,0.9964552835627472,0.19829318296847698
AwayGoalsLast5 + AwayShotsOnTargetAgainstLast5 + XGDDiff,3,0.5277027027027027,0.9964723547984733,0.1981861989695702
AwayShotsOnTargetLast5 + AwayShotsOnTargetAgainstLast5 + XGDDiff,3,0.5297297297297296,0.9964749567194168,0.19825080224561892
GDPerGameDiff + GoalsPerGameDiff + XGDDiff,3,0.5283783783783784,0.99647783141365,0.19829817418580054
AwayShotsAgainstLast5 + XGDDiff + XGDDiffLast5,3,0.5263513513513514,0.996487033617574,0.198275480774401
GDPerGameDiff + GoalsAgainstPerGameDiff + XGDDiff,3,0.5283783783783784,0.9964980501235031,0.1983005547065428
GoalsAgainstPerGameDiff + XGDDiff + XGAgainstDiffLast5,3,0.5243243243243243,0.9965059578572875,0.19815462914068105
HomePPG + AwayGDPerGame + XGDDiffLast5,3,0.5289473684210526,0.9965067802648294,0.19842087836333505
HomeElo + AwayPPG + HomeShotsOnTargetAgainstLast5,3,0.5296052631578948,0.9965106124670962,0.1982614293008944
ShotOTDiffLast5 + GoalsAgainstPerGameDiff + HomeElo,3,0.519736842105263,0.9965161961536126,0.19821870788572651
ShotDiffLast5 + AwayGoalsAgainstLast5 + XGDDiff,3,0.5304054054054055,0.9965171032282314,0.19825715163912802
ShotOTDiffLast5 + XGForDiffPg + XGAgainstDiffPg,3,0.5297297297297298,0.9965225620736731,0.19828068881065913
AwayGoalsAgainstPerGame + XGDDiff,2,0.5243243243243243,0.9965237570206784,0.19821807285791332
GoalAgainstDiffLast5 + AwayGoalsLast5 + XGDDiff,3,0.5182432432432432,0.9965258362319411,0.19824778151057232
GDPerGameDiff + HomeElo + HomeShotsOnTargetLast5,3,0.5177631578947368,0.9965288664904428,0.1982494095561042
GoalsPerGameDiff + AwayGoalsAgainstLast5 + XGDDiff,3,0.5243243243243243,0.9965309360550259,0.19842101333553513
HomeGoalsAgainstLast5 + AwayGoalsAgainstLast5 + XGDDiff,3,0.5243243243243243,0.9965358820070647,0.19824531275030083
GoalAgainstDiffLast5 + HomeGoalsAgainstLast5 + XGDDiff,3,0.5243243243243243,0.9965383550411504,0.19824633323298396
ShotOTDiffLast5 + GoalsPerGameDiff + HomeElo,3,0.5210526315789474,0.9965417837230615,0.19836350859596327
GoalAgainstDiffLast5 + AwayGoalsAgainstLast5 + XGDDiff,3,0.5236486486486487,0.9965499946982732,0.19824999814612737
HomeElo + XGAgainstDiffPg,2,0.5304054054054055,0.9965522535773866,0.19811978646946762
GDPerGameDiff + HomeElo + AwayGoalsAgainstLast5,3,0.5236842105263158,0.9965670399568234,0.19834341822784776
HomeElo + HomeShotsOnTargetLast5 + XGAgainstDiffPg,3,0.5297297297297298,0.9965670932468087,0.19800384330175344
AwayGoalsAgainstLast5 + XGDDiff,2,0.5249999999999999,0.9965748285734363,0.19827616615404464
ShotDiffLast5 + AwayGoalsAgainstPerGame + XGDDiff,3,0.5304054054054055,0.9965898609462758,0.1982416574922108
HomeGoalsPerGame + XGAgainstDiffPg + XGDDiff,3,0.5277027027027027,0.9965920734542087,0.19827375492167848
AwayElo + AwayGoalsAgainstPerGame + XGDDiff,3,0.5256756756756757,0.9965921252320085,0.1982723379659246
GoalsPerGameDiff + HomeElo + AwayGoalsAgainstPerGame,3,0.5263157894736842,0.9965933601322724,0.19837131318027856
GoalAgainstDiffLast5 + AwayShotsOnTargetLast5 + XGDDiff,3,0.522972972972973,0.9966102767072983,0.19832627507947673
AwayElo + AwayShotsOnTargetAgainstLast5 + XGDDiff,3,0.5256756756756756,0.9966108688196663,0.19833081260485627
HomeGoalsPerGame + XGForDiffPg + XGDDiff,3,0.5263513513513514,0.9966356928535001,0.19828629650601634
GoalAgainstDiffLast5 + PPGDiff + HomeElo,3,0.5236842105263158,0.9966413908462002,0.19846333368230762
HomeGoalsAgainstLast5 + XGAgainstDiffPg + XGDDiff,3,0.5243243243243243,0.9966431603632413,0.19823056463828342
PPGDiff + GoalsAgainstPerGameDiff + HomeElo,3,0.5177631578947368,0.9966491212862991,0.1984044534974855
HomeGoalsAgainstLast5 + XGForDiffPg + XGDDiff,3,0.5243243243243243,0.9966561648444769,0.19823882609820145
GoalAgainstDiffLast5 + AwayElo + XGDDiff,3,0.5243243243243243,0.996657201607992,0.1983781179885481
HomeGoalsAgainstLast5 + AwayShotsAgainstLast5 + XGDDiff,3,0.5243243243243243,0.9966725551092213,0.19824301683819712
GoalAgainstDiffLast5 + GoalDiffLast5 + XGDDiff,3,0.5256756756756756,0.9966794641123169,0.19837475026982815
GoalAgainstDiffLast5 + AwayGDPerGame + XGDDiff,3,0.5243243243243243,0.996685839634936,0.19833288124986403
AwayGoalsAgainstPerGame + AwayPointsLast5 + XGDDiff,3,0.5256756756756757,0.9967025895441604,0.1981970100955992
HomeGoalsPerGame + XGForDiffPg + XGAgainstDiffPg,3,0.5263513513513514,0.9967165798869195,0.19830217522863414
HomeElo + AwayPPG + AwayGoalsLast5,3,0.5256578947368421,0.996735080516058,0.19837575918381736
GDPerGameDiff + HomeShotsAgainstLast5 + XGDDiffLast5,3,0.5223684210526316,0.996738206752837,0.1984187031036182
HomeGoalsAgainstLast5 + XGForDiffPg + XGAgainstDiffPg,3,0.5236486486486487,0.9967398866378028,0.1982554260769636
AwayElo + HomePPG + HomeShotsAgainstLast5,3,0.5230263157894737,0.9967433405374342,0.1985087013093946
AwayElo + AwayGoalsAgainstLast5 + XGDDiff,3,0.5256756756756756,0.9967667769139703,0.19836370153094854
HomePointsLast5 + AwayShotsOnTargetAgainstLast5 + XGForDiffPg,3,0.5270270270270271,0.9967712110851719,0.19864618562923256
PPGDiff + AwayPointsLast5 + XGForDiffPg,3,0.5236486486486487,0.9967798408164883,0.19863410837998793
GoalDiffLast5 + AwayShotsOnTargetAgainstLast5 + XGDDiff,3,0.533108108108108,0.9967806480892534,0.19840103184737923
ShotOTDiffLast5 + GDPerGameDiff + XGDDiffLast5,3,0.5256578947368421,0.9967868406374899,0.198471203389984
HomeGoalsLast5 + XGForDiffPg + XGAgainstDiffLast5,3,0.5337837837837838,0.9967902349175302,0.19852757812550803
AwayGoalsAgainstPerGame + XGDDiff + XGForDiffLast5,3,0.5297297297297298,0.9967952929641397,0.1983140453069442
AwayGoalsAgainstLast5 + XGDDiff + XGForDiffLast5,3,0.5283783783783784,0.9968043430723976,0.19835766073784944
AwayGDPerGame + AwayShotsOnTargetAgainstLast5 + XGDDiff,3,0.5317567567567567,0.9968191883072817,0.19833340168208458
GDPerGameDiff + XGForDiffPg + XGDDiffLast5,3,0.5256756756756756,0.996823157026741,0.19848449536354604
PPGDiff + AwayShotsOnTargetAgainstLast5 + XGForDiffPg,3,0.525,0.9968326343878315,0.198703321035489
PPGDiff + HomeGDPerGame + XGForDiffPg,3,0.5243243243243243,0.9968356111805656,0.1986508335696874
PPGDiff + ShotDiffLast5 + XGForDiffPg,3,0.5175675675675676,0.9968377405069353,0.198581957798494
PPGDiff + HomeGoalsPerGame + XGAgainstDiffPg,3,0.5317567567567567,0.9968410119922257,0.1983766618077179
HomeElo + AwayPointsLast5 + XGForDiffLast5,3,0.5269736842105263,0.9968507893900651,0.1981512748318927
ShotDiffLast5 + XGDDiff + XGForDiffLast5,3,0.5364864864864864,0.9968558800144527,0.19825225649736408
GoalsAgainstPerGameDiff + ShotDiffLast5 + HomeElo,3,0.5263157894736841,0.9968569049343685,0.198065986518862
PPGDiff + HomeGoalsLast5 + XGForDiffPg,3,0.5222972972972973,0.9968661494867905,0.19873605364261382
AwayGoalsAgainstPerGame + AwayGoalsLast5 + XGDDiff,3,0.5277027027027027,0.9968709488830827,0.198241918353712
GDPerGameDiff + HomeGDPerGame + XGDDiffLast5,3,0.5263157894736842,0.9968725095028546,0.19843146750952262
HomeGDPerGame + AwayGDPerGame + XGDDiffLast5,3,0.5263157894736842,0.9968858565698947,0.19843534355012848
GDPerGameDiff + AwayGDPerGame + XGDDiffLast5,3,0.5263157894736842,0.9968859670040613,0.19843559950045037
PPGDiff + ShotDiffLast5 + AwayShotsOnTargetAgainstLast5,3,0.5289473684210527,0.9968944887213027,0.19845110558401097
GDPerGameDiff + AwayElo + XGDDiffLast5,3,0.5256578947368421,0.9969020125312763,0.19852037804010916
GDPerGameDiff + HomeShotsOnTargetAgainstLast5 + XGDDiffLast5,3,0.5256578947368421,0.9969020511286587,0.19843468368777756
AwayGoalsLast5 + AwayGoalsAgainstLast5 + XGDDiff,3,0.5222972972972972,0.9969068517146604,0.19829798850348151
GoalAgainstDiffLast5 + AwayGoalsAgainstPerGame + XGDDiff,3,0.5243243243243243,0.9969271525582648,0.19837623940672763
GoalAgainstDiffLast5 + GDPerGameDiff + HomeElo,3,0.5197368421052632,0.9969334993353669,0.198389652135509
AwayGoalsAgainstPerGame + AwayShotsOnTargetLast5 + XGDDiff,3,0.5263513513513514,0.9969335469717919,0.19831467952567447
PPGDiff + ShotDiffLast5 + HomeGoalsLast5,3,0.5342105263157895,0.996933994095063,0.19851048462610132
HomeElo + AwayPPG + AwayPointsLast5,3,0.531578947368421,0.9969422629281666,0.1984646836180537
AwayElo + HomeGDPerGame + HomeShotsAgainstLast5,3,0.525,0.9969474097965638,0.19829009070412698
ShotDiffLast5 + HomeElo + AwayGoalsLast5,3,0.5269736842105263,0.9969483159036523,0.19803352011222217
GoalsAgainstPerGameDiff + ShotDiffLast5 + XGDDiff,3,0.5344594594594594,0.9969504191082543,0.19824352118968067
AwayGoalsAgainstLast5 + AwayShotsOnTargetLast5 + XGDDiff,3,0.5236486486486486,0.9969527464882717,0.19836576951890417
AwayPointsLast5 + AwayGoalsAgainstLast5 + XGDDiff,3,0.5189189189189188,0.9969533004130138,0.19830427597033942
GDPerGameDiff + ShotDiffLast5 + HomeShotsAgainstLast5,3,0.5302631578947368,0.9969699480759031,0.19835815203574492
PPGDiff + ShotDiffLast5 + AwayPointsLast5,3,0.5335526315789474,0.9969791449327816,0.1984380790989178
HomeElo + AwayShotsAgainstLast5 + AwayShotsOnTargetLast5,3,0.5282894736842105,0.9969836077262354,0.19806792727270628
AwayGDPerGame + AwayGoalsAgainstLast5 + XGDDiff,3,0.5277027027027027,0.9969880232931896,0.19837112256298498
PPGDiff + HomeGDPerGame + XGAgainstDiffPg,3,0.5277027027027026,0.9969975567938366,0.19841569663717334
AwayGoalsAgainstPerGame + AwayGoalsAgainstLast5 + XGDDiff,3,0.5249999999999999,0.9970022689446274,0.1983687241955842
AwayGoalsAgainstLast5 + AwayShotsOnTargetAgainstLast5 + XGDDiff,3,0.5283783783783783,0.9970226085591223,0.19839742578632052
AwayGoalsAgainstPerGame + HomeGoalsAgainstLast5 + XGDDiff,3,0.522972972972973,0.9970286040404384,0.19827177522546838
AwayPPG + AwayShotsOnTargetAgainstLast5 + XGDDiff,3,0.5290540540540539,0.9970341444469475,0.19837895331229338
GoalAgainstDiffLast5 + AwayPPG + XGDDiff,3,0.5236486486486487,0.9970345815693062,0.1984048074651914
HomeElo + AwayShotsOnTargetLast5 + XGAgainstDiffLast5,3,0.5276315789473685,0.9970369423873591,0.19794796604578385
HomeElo + HomeGoalsPerGame + XGAgainstDiffPg,3,0.5283783783783784,0.9970461420046639,0.1982544459052645
PPGDiff + AwayElo + HomeShotsAgainstLast5,3,0.5269736842105263,0.9970463186905083,0.19873345574226564
AwayGoalsAgainstPerGame + AwayShotsOnTargetAgainstLast5 + XGDDiff,3,0.5283783783783784,0.9970598467605197,0.19837768627519473
PPGDiff + ShotDiffLast5 + HomeGoalsAgainstLast5,3,0.5342105263157895,0.9970631663233267,0.19842533947847318
PPGDiff + ShotDiffLast5 + HomeShotsOnTargetLast5,3,0.531578947368421,0.9970696870934783,0.19847887723770702
HomeElo + AwayPPG + HomeGDPerGame,3,0.5289473684210526,0.9970854228261208,0.19849951687044617
PPGDiff + HomeShotsAgainstLast5 + AwayShotsOnTargetAgainstLast5,3,0.5302631578947369,0.9971018643526575,0.19858158519731167
GoalDiffLast5 + AwayGoalsAgainstPerGame + XGDDiff,3,0.5283783783783783,0.9971062798071002,0.198428014390809
PPGDiff + HomePPG + XGForDiffPg,3,0.5263513513513514,0.9971102332748171,0.19870084380454878
GoalDiffLast5 + AwayGoalsAgainstLast5 + XGDDiff,3,0.5324324324324324,0.9971225440669026,0.19847140621557677
PPGDiff + AwayPPG + XGForDiffPg,3,0.5263513513513514,0.9971353420344814,0.19870791241770805
GDPerGameDiff + XGDDiffLast5,2,0.525,0.9971379012273436,0.19851866961284895
HomePPG + AwayPPG + XGForDiffPg,3,0.525,0.9971548451180223,0.19871001698588203
GoalsAgainstPerGameDiff + XGDDiff,2,0.529054054054054,0.9971602704447089,0.19829865727129056
GoalsPerGameDiff + AwayShotsAgainstLast5 + XGDDiff,3,0.5277027027027028,0.9971644458426984,0.19857840701947668
PPGDiff + AwayGoalsLast5 + XGForDiffPg,3,0.5243243243243243,0.9971660222488394,0.19869889862714882
GDPerGameDiff + AwayShotsAgainstLast5 + XGDDiff,3,0.5263513513513514,0.9971859063303599,0.1985121164436317
PPGDiff + HomeElo + HomeGoalsLast5,3,0.5177631578947368,0.99718662281694,0.19860169525618931
GDPerGameDiff + ShotDiffLast5 + HomePointsLast5,3,0.5302631578947368,0.9971967544818985,0.19840574747972112
HomeElo + HomePPG + XGAgainstDiffPg,3,0.5304054054054055,0.9972127088066627,0.19822366491102808
ShotOTDiffLast5 + XGForDiffPg + XGAgainstDiffLast5,3,0.5283783783783783,0.9972167087018896,0.19855325870448798
GoalAgainstDiffLast5 + GoalsAgainstPerGameDiff + XGDDiff,3,0.5263513513513514,0.9972232551564781,0.1984554589906991
GDPerGameDiff + HomeShotsOnTargetLast5 + XGAgainstDiffPg,3,0.5263513513513514,0.9972279111795574,0.19836843969679202
AwayElo + XGAgainstDiffPg + XGDDiff,3,0.529054054054054,0.9972349544873153,0.198481645768444
HomeGoalsPerGame + XGForDiffPg + XGAgainstDiffLast5,3,0.5337837837837838,0.9972355408264041,0.19850314832387458
HomeElo + AwayShotsOnTargetLast5 + AwayShotsOnTargetAgainstLast5,3,0.5296052631578947,0.9972378155831612,0.1980691719668475
GDPerGameDiff + XGAgainstDiffPg + XGDDiff,3,0.5263513513513514,0.9972418262544408,0.19848645824512265
GoalsAgainstPerGameDiff + AwayPointsLast5 + XGDDiff,3,0.5263513513513514,0.9972457127522407,0.1982621227739265
GoalsAgainstPerGameDiff + HomeElo + AwayPPG,3,0.530921052631579,0.9972544826451525,0.19847719435454889
GDPerGameDiff + GoalsPerGameDiff + HomeElo,3,0.5210526315789473,0.9972580180033451,0.19849382037633662
AwayElo + XGForDiffPg + XGDDiff,3,0.5277027027027027,0.9972614214516964,0.19848990462672156
HomeElo + AwayPPG,2,0.5276315789473683,0.9972760915447076,0.19850559371629672
GoalsPerGameDiff + GoalsAgainstPerGameDiff + HomeElo,3,0.5217105263157895,0.997276452068463,0.1984964694920381
ShotDiffLast5 + AwayShotsAgainstLast5 + XGDDiff,3,0.5317567567567567,0.9972782076433495,0.1984264476804117
PPGDiff + AwayPointsLast5 + XGAgainstDiffPg,3,0.520945945945946,0.9972795829622616,0.19849782530125318
GDPerGameDiff + XGForDiffPg + XGDDiff,3,0.5270270270270271,0.997286463613847,0.1985000958842906
PPGDiff + ShotDiffLast5 + AwayGoalsLast5,3,0.5322368421052632,0.9972877494136858,0.1984951590414575
HomeShotsOnTargetAgainstLast5 + XGForDiffPg + XGAgainstDiffLast5,3,0.5297297297297298,0.9972888373407509,0.19849227302720443
GDPerGameDiff + GoalsAgainstPerGameDiff + HomeElo,3,0.5217105263157895,0.9972888813543295,0.1984975604663719
PPGDiff + XGForDiffPg + XGForDiffLast5,3,0.5182432432432432,0.9972914912288744,0.1987524544511834
HomeGoalsPerGame + AwayShotsAgainstLast5 + XGDDiff,3,0.5283783783783784,0.9973010506564944,0.19848878582032595
AwayElo + XGForDiffPg + XGAgainstDiffPg,3,0.5283783783783784,0.9973018821492605,0.1985000115687589
PPGDiff + XGForDiffPg,2,0.5195945945945946,0.9973046010680372,0.1987949014929519
PPGDiff + AwayGDPerGame + XGForDiffPg,3,0.5216216216216216,0.9973081099439891,0.19878889497585206
GDPerGameDiff + XGForDiffPg + XGAgainstDiffPg,3,0.5270270270270271,0.9973132382741133,0.19850509957700774
PPGDiff + XGAgainstDiffPg + XGAgainstDiffLast5,3,0.5175675675675675,0.9973146182434909,0.19857119340719043
AwayPPG + AwayGoalsAgainstLast5 + XGDDiff,3,0.5277027027027027,0.9973149668628507,0.19843812577573067
HomeElo + HomeShotsOnTargetAgainstLast5 + XGAgainstDiffPg,3,0.5297297297297298,0.9973207494221838,0.19824340081335598
HomeElo + HomeShotsAgainstLast5 + XGAgainstDiffPg,3,0.5310810810810811,0.9973408825265524,0.19830162442289104
AwayShotsAgainstLast5 + XGDDiff,2,0.5236486486486487,0.9973471548650412,0.1984519189275321
ShotOTDiffLast5 + GDPerGameDiff + HomeShotsAgainstLast5,3,0.5249999999999999,0.997352094434397,0.1985085692135295
HomeElo + AwayGoalsAgainstLast5 + XGAgainstDiffPg,3,0.5283783783783783,0.9973522969699773,0.1983647350238317
GDPerGameDiff + HomePointsLast5 + XGForDiffPg,3,0.5249999999999999,0.9973610259967468,0.19866639096591981
AwayShotsAgainstLast5 + XGDDiff + XGAgainstDiffLast5,3,0.5256756756756756,0.9973614233998276,0.19843245185680633
HomeElo + HomeGDPerGame + XGAgainstDiffPg,3,0.522972972972973,0.997378829669016,0.1982479404278287
GoalsAgainstPerGameDiff + AwayElo + XGDDiff,3,0.5283783783783784,0.9973791981663942,0.1984121363542443
GoalsPerGameDiff + XGAgainstDiffPg + XGDDiff,3,0.5263513513513514,0.997380087622572,0.19853708305384665
GoalsAgainstPerGameDiff + XGDDiff + XGForDiffLast5,3,0.5324324324324324,0.997382222346638,0.19836863466638646
PPGDiff + ShotDiffLast5,2,0.5322368421052631,0.9973886993347356,0.19856489874985925
XGAgainstDiffPg + XGDDiff,2,0.5256756756756757,0.9973912955654844,0.19845824197957798
GoalAgainstDiffLast5 + PPGDiff + XGForDiffPg,3,0.5175675675675676,0.9973938355686068,0.19874726595772804
AwayElo + HomeGDPerGame + XGForDiffLast5,3,0.5269736842105264,0.9973946620020762,0.19847844637244194
GDPerGameDiff + HomeShotsAgainstLast5 + XGForDiffPg,3,0.518918918918919,0.9973949494866537,0.1985576886423939
GoalsPerGameDiff + XGForDiffPg + XGDDiff,3,0.5256756756756757,0.9974178884489766,0.1985453568357025
AwayElo + XGForDiffPg + XGAgainstDiffLast5,3,0.529054054054054,0.9974208572053374,0.1986377466225366
AwayGDPerGame + AwayGoalsAgainstPerGame + XGDDiff,3,0.5277027027027028,0.9974228018229074,0.19838544916448206
XGForDiffPg + XGDDiff,2,0.5263513513513514,0.9974233493643425,0.1984713114184096
GoalsPerGameDiff + XGForDiffPg + XGAgainstDiffLast5,3,0.5277027027027027,0.9974367639230923,0.1986391628137481
GoalsAgainstPerGameDiff + AwayShotsOnTargetLast5 + XGDDiff,3,0.5290540540540541,0.9974426298227105,0.1983824916238009
XGAgainstDiffPg + XGDDiff + XGForDiffLast5,3,0.5283783783783783,0.9974641202362449,0.19846973262103795
GDPerGameDiff + GoalDiffLast5 + XGDDiffLast5,3,0.5230263157894737,0.9974794320185024,0.19852270314918896
GoalsPerGameDiff + XGForDiffPg + XGAgainstDiffPg,3,0.5263513513513514,0.9974886309627604,0.1985632743675047
XGForDiffPg + XGAgainstDiffPg,2,0.5270270270270271,0.9974897565870864,0.1984834962809535
XGForDiffPg + XGAgainstDiffPg + XGDDiff,3,0.5263513513513514,0.9974899836730478,0.19848239525549968
ShotOTDiffLast5 + GDPerGameDiff + XGAgainstDiffLast5,3,0.525,0.9974972214074459,0.19856782221163072
PPGDiff + AwayShotsOnTargetLast5 + XGForDiffPg,3,0.5236486486486487,0.9975112433972698,0.19884902025636583
GoalsAgainstPerGameDiff + GoalDiffLast5 + XGDDiff,3,0.5337837837837838,0.997511327924842,0.19846422438001296
AwayPointsLast5 + AwayShotsAgainstLast5 + XGDDiff,3,0.5277027027027027,0.9975286891223958,0.1984389250421886
HomeGDPerGame + XGForDiffPg + XGDDiffLast5,3,0.5324324324324324,0.9975436101727304,0.19860889158613182
GoalsAgainstPerGameDiff + AwayGoalsLast5 + XGDDiff,3,0.5256756756756756,0.9975449847240595,0.19833749952102273
AwayShotsAgainstLast5 + AwayShotsOnTargetLast5 + XGDDiff,3,0.529054054054054,0.9975462228789834,0.1984916727168583
GDPerGameDiff + AwayShotsOnTargetLast5 + XGDDiffLast5,3,0.5256578947368421,0.9975488900405542,0.19862805102935674
GDPerGameDiff + AwayGoalsAgainstLast5 + XGDDiffLast5,3,0.5249999999999999,0.9975559064075341,0.19859131389254162
GDPerGameDiff + HomeGoalsLast5 + XGDDiffLast5,3,0.5217105263157894,0.9975585233534721,0.19861924162340644
XGForDiffPg + XGDDiff + XGForDiffLast5,3,0.527027027027027,0.9975644292678809,0.19849096085957638
GoalsAgainstPerGameDiff + AwayGDPerGame + XGDDiff,3,0.529054054054054,0.9975737395097943,0.19840661344220054
AwayElo + AwayShotsAgainstLast5 + XGDDiff,3,0.525,0.9975757552643054,0.19853977667327338
XGForDiffPg + XGAgainstDiffPg + XGForDiffLast5,3,0.5283783783783783,0.9975921105358357,0.19850069105064783
GDPerGameDiff + HomeGoalsPerGame + XGDDiffLast5,3,0.5210526315789474,0.9975974314631193,0.1985765143793201
GDPerGameDiff + XGAgainstDiffPg + XGDDiffLast5,3,0.527027027027027,0.9976053894547621,0.1985602436525293
AwayElo + HomeGDPerGame + XGAgainstDiffPg,3,0.5182432432432432,0.9976156903500129,0.1984701678417369
PPGDiff + ShotDiffLast5 + HomePPG,3,0.5368421052631579,0.9976176000524768,0.19857465465981772
AwayElo + HomeGDPerGame + XGAgainstDiffLast5,3,0.5177631578947368,0.9976185792377736,0.1984693828112965
ShotDiffLast5 + HomePPG + AwayPPG,3,0.5368421052631579,0.9976213044126945,0.19857523707653116
HomeShotsAgainstLast5 + AwayShotsOnTargetAgainstLast5 + XGForDiffPg,3,0.533108108108108,0.997622348982845,0.1985938584424943
PPGDiff + ShotDiffLast5 + AwayPPG,3,0.5355263157894737,0.997629959458924,0.19857954521755897
ShotOTDiffLast5 + GDPerGameDiff + XGAgainstDiffPg,3,0.529054054054054,0.99764162881265,0.1985159712373912
HomePointsLast5 + HomeShotsOnTargetAgainstLast5 + XGForDiffPg,3,0.5283783783783784,0.9976444236658184,0.19868300827874633
AwayPointsLast5 + XGAgainstDiffPg + XGDDiff,3,0.525,0.9976454515128848,0.198465147559643
PPGDiff + AwayGoalsLast5 + XGForDiffLast5,3,0.5223684210526316,0.9976544201755263,0.198722022021466
AwayPointsLast5 + XGForDiffPg + XGAgainstDiffLast5,3,0.5297297297297298,0.9976556223164291,0.19858210298976978
ShotOTDiffLast5 + HomeElo + AwayPointsLast5,3,0.5309210526315788,0.9976574933079934,0.19834307995231037
GDPerGameDiff + AwayGoalsAgainstPerGame + XGDDiffLast5,3,0.525,0.9976620976911073,0.1986165408904495
AwayPointsLast5 + XGForDiffPg + XGDDiff,3,0.5256756756756756,0.9976645704262244,0.19847570756750235
AwayShotsAgainstLast5 + XGDDiff + XGForDiffLast5,3,0.5283783783783783,0.9976647783396699,0.1985390422248697
GDPerGameDiff + PPGDiff + ShotDiffLast5,3,0.5289473684210526,0.9976680621866854,0.1985866065688742
AwayPPG + AwayGoalsAgainstPerGame + XGDDiff,3,0.5283783783783784,0.9976785443801435,0.19846648227873337
HomePointsLast5 + HomeShotsAgainstLast5 + XGForDiffPg,3,0.527027027027027,0.9976940349078982,0.19877181109352965
AwayShotsOnTargetLast5 + XGAgainstDiffPg + XGDDiff,3,0.5236486486486487,0.9976974435874131,0.19852404803166795
GDPerGameDiff + AwayPPG + XGDDiffLast5,3,0.5256578947368421,0.9976985847204367,0.19861969019979428
PPGDiff + ShotDiffLast5 + GoalDiffLast5,3,0.5296052631578947,0.997703929612695,0.19865534319670353
PPGDiff + HomeShotsAgainstLast5 + HomeShotsOnTargetLast5,3,0.5276315789473685,0.9977154600809415,0.19873446332033895
GDPerGameDiff + HomeElo + HomeGoalsLast5,3,0.5171052631578947,0.9977180574893898,0.19855675330366898
AwayShotsOnTargetLast5 + XGForDiffPg + XGDDiff,3,0.5222972972972972,0.9977229486081632,0.1985323048718262
GoalsAgainstPerGameDiff + AwayGoalsAgainstPerGame + XGDDiff,3,0.529054054054054,0.9977232023392872,0.1984274136541477
PPGDiff + HomePPG + XGAgainstDiffPg,3,0.5256756756756756,0.9977251557588852,0.19855602521544494
PPGDiff + ShotDiffLast5 + HomeGoalsPerGame,3,0.5375000000000001,0.9977254232801012,0.19860048715688533
AwayPointsLast5 + XGForDiffPg + XGAgainstDiffPg,3,0.5256756756756757,0.9977256929699665,0.1984884722269461
PPGDiff + AwayPointsLast5 + XGForDiffLast5,3,0.5217105263157895,0.9977482104400459,0.19877618671974165
HomeElo + AwayGoalsAgainstPerGame + XGAgainstDiffLast5,3,0.5269736842105263,0.9977572444794651,0.19823015678650985
HomePPG + AwayPPG + XGAgainstDiffPg,3,0.5263513513513514,0.9977674758127433,0.198562520024733
ShotDiffLast5 + HomeElo + AwayGoalsAgainstLast5,3,0.5197368421052632,0.9977764766893821,0.1981937468483524
PPGDiff + AwayPPG + XGAgainstDiffPg,3,0.5263513513513514,0.9977783035631859,0.19857001499287882
ShotDiffLast5 + XGAgainstDiffPg + XGDDiff,3,0.5310810810810811,0.9977841169028565,0.19854913611378233
PPGDiff + ShotDiffLast5 + AwayShotsAgainstLast5,3,0.5276315789473685,0.9977845582183349,0.19871690461260552
AwayElo + HomeGDPerGame + XGForDiffPg,3,0.5216216216216216,0.9977852166430391,0.19869211657001526
GDPerGameDiff + ShotDiffLast5 + XGAgainstDiffPg,3,0.5324324324324324,0.9977852466759872,0.19846282964677792
PPGDiff + HomeElo + HomePointsLast5,3,0.5177631578947368,0.9977904520492055,0.19865467852733568
HomeElo + AwayGoalsAgainstLast5 + XGForDiffLast5,3,0.531578947368421,0.9977926219926012,0.19839569323432896
AwayShotsOnTargetLast5 + XGForDiffPg + XGAgainstDiffPg,3,0.5229729729729731,0.9977928292051477,0.19854855197221014
ShotOTDiffLast5 + PPGDiff + HomeGDPerGame,3,0.5342105263157895,0.9977954368902651,0.1987679677138887
AwayGDPerGame + HomePointsLast5 + XGForDiffPg,3,0.5243243243243243,0.9978117530269052,0.1988990785015671
PPGDiff + ShotDiffLast5 + AwayElo,3,0.531578947368421,0.9978122819446612,0.19869871605418418
AwayElo + HomeShotsOnTargetAgainstLast5 + XGForDiffPg,3,0.5297297297297298,0.9978144383589664,0.19857753367640282
PPGDiff + HomeElo + HomeGoalsAgainstLast5,3,0.5164473684210527,0.9978242572875391,0.19868498820303668
PPGDiff + HomePointsLast5 + XGForDiffLast5,3,0.5217105263157894,0.9978255064806603,0.19884846970512363
XGForDiffPg + XGAgainstDiffLast5,2,0.5277027027027027,0.9978279003653661,0.19868501352547754
GoalAgainstDiffLast5 + AwayShotsOnTargetAgainstLast5 + XGDDiff,3,0.5243243243243243,0.9978330332276184,0.19856307560554065
GoalsPerGameDiff + HomePointsLast5 + XGAgainstDiffPg,3,0.527027027027027,0.9978371376233179,0.19867878559202146
ShotDiffLast5 + XGForDiffPg + XGDDiff,3,0.5310810810810811,0.9978374409891579,0.19856561978141996
HomeShotsAgainstLast5 + XGForDiffPg + XGAgainstDiffLast5,3,0.5351351351351351,0.9978405929046481,0.19866676580822265
PPGDiff + HomeShotsAgainstLast5 + AwayShotsAgainstLast5,3,0.5276315789473683,0.9978447160518474,0.1988189769699829
HomePPG + XGAgainstDiffPg + XGForDiffLast5,3,0.5162162162162163,0.9978475272336117,0.1984067582514067
PPGDiff + HomeGDPerGame + XGForDiffLast5,3,0.5223684210526316,0.997848741104729,0.19879819919726727
AwayGoalsLast5 + XGAgainstDiffPg + XGDDiff,3,0.525,0.9978532769066151,0.19848201702594262
ShotOTDiffLast5 + PPGDiff + AwayGoalsLast5,3,0.5322368421052631,0.9978569019075998,0.1988128865546282
ShotOTDiffLast5 + PPGDiff + ShotDiffLast5,3,0.5289473684210526,0.9978700638128163,0.19867054135806303
AwayElo + HomePointsLast5 + XGAgainstDiffPg,3,0.5236486486486487,0.9978714143128232,0.19890815485361174
PPGDiff + GoalsPerGameDiff + XGAgainstDiffPg,3,0.5216216216216216,0.997880290279588,0.19872952636085336
AwayGoalsLast5 + XGForDiffPg + XGDDiff,3,0.525,0.9978873989080976,0.19849176058632537
GoalDiffLast5 + AwayShotsAgainstLast5 + XGDDiff,3,0.5297297297297298,0.9978939152417363,0.1986578521046624
GoalsAgainstPerGameDiff + XGForDiffPg + XGAgainstDiffLast5,3,0.5324324324324324,0.9978969889232666,0.19861593963858612
GDPerGameDiff + HomeElo + HomePointsLast5,3,0.5177631578947368,0.9979016125464192,0.19857410598502956
AwayPPG + XGForDiffPg + XGAgainstDiffLast5,3,0.5270270270270271,0.9979033316854498,0.19875024389454427
AwayGoalsLast5 + AwayShotsAgainstLast5 + XGDDiff,3,0.5249999999999999,0.9979045612630906,0.19852100933435307
ShotOTDiffLast5 + PPGDiff + HomePointsLast5,3,0.5328947368421052,0.9979180455227777,0.19886026185762964
GDPerGameDiff + HomePointsLast5 + XGAgainstDiffPg,3,0.5195945945945946,0.9979190343664497,0.19852825726291096
AwayElo + HomePointsLast5 + XGDDiffLast5,3,0.5243421052631579,0.997924519393304,0.1989072129475479
ShotDiffLast5 + XGForDiffPg + XGAgainstDiffPg,3,0.5310810810810811,0.9979408624162192,0.19858701020746133
HomePPG + AwayGDPerGame + XGAgainstDiffPg,3,0.5256756756756757,0.9979645244947124,0.1983873628012588
AwayGoalsLast5 + XGForDiffPg + XGAgainstDiffPg,3,0.525,0.997971519189681,0.1985107087846198
GDPerGameDiff + ShotDiffLast5 + HomeShotsOnTargetAgainstLast5,3,0.5263157894736842,0.9979800003112136,0.1985187553042584
GDPerGameDiff + XGAgainstDiffLast5 + XGDDiffLast5,3,0.5236842105263158,0.9979831828440138,0.19868482063398793
PPGDiff + HomeGoalsPerGame + XGForDiffPg,3,0.5236486486486487,0.9979934680999515,0.19891098640869226
GDPerGameDiff + XGForDiffLast5 + XGDDiffLast5,3,0.5236842105263158,0.997995557758961,0.1986856636745235
AwayGDPerGame + XGAgainstDiffPg + XGDDiff,3,0.5263513513513514,0.9979962003020719,0.1985984879155866
ShotDiffLast5 + GoalDiffLast5 + HomeElo,3,0.5230263157894737,0.9979985437221416,0.1984245531517512
GDPerGameDiff + HomeElo + HomeGoalsAgainstLast5,3,0.5203947368421052,0.9980045125490946,0.19858390872767734
PPGDiff + XGAgainstDiffPg,2,0.5243243243243243,0.9980062682183113,0.19874305713645557
AwayPPG + AwayShotsAgainstLast5 + XGDDiff,3,0.5236486486486487,0.9980072906598623,0.19858723664193384
GoalsAgainstPerGameDiff + AwayPPG + XGDDiff,3,0.527027027027027,0.9980102532993302,0.19849542163422518
GoalDiffLast5 + XGAgainstDiffPg + XGDDiff,3,0.5324324324324324,0.9980117280547899,0.19865658532575575
GoalAgainstDiffLast5 + PPGDiff + ShotDiffLast5,3,0.5296052631578947,0.9980217059160069,0.19864805755780468
HomeElo + AwayGoalsAgainstPerGame + AwayShotsAgainstLast5,3,0.5276315789473685,0.9980265433635266,0.19856815512040976
ShotOTDiffLast5 + PPGDiff + AwayPointsLast5,3,0.5302631578947368,0.9980319980572495,0.1988558587663391
GDPerGameDiff + XGForDiffLast5 + XGAgainstDiffLast5,3,0.5236842105263158,0.9980344328764146,0.1986931764193662
AwayGDPerGame + XGForDiffPg + XGDDiff,3,0.5277027027027027,0.9980417499194097,0.19861235165508126
GoalDiffLast5 + XGForDiffPg + XGDDiff,3,0.5324324324324324,0.9980531104852157,0.19866884029943674
AwayShotsOnTargetLast5 + XGForDiffPg + XGAgainstDiffLast5,3,0.5304054054054055,0.998054270939436,0.19872772930912164
AwayGoalsLast5 + XGForDiffPg + XGAgainstDiffLast5,3,0.533108108108108,0.9980548799565206,0.19865573874723805
PPGDiff + AwayElo + XGForDiffPg,3,0.518918918918919,0.9980624514753389,0.19896192541047117
AwayPPG + XGAgainstDiffPg + XGDDiff,3,0.5277027027027027,0.998062899600574,0.19862849297102542
HomeElo + HomeGoalsLast5 + XGAgainstDiffPg,3,0.5277027027027027,0.998064430758173,0.1984531113633279
GoalDiffLast5 + HomeElo + AwayShotsAgainstLast5,3,0.5289473684210526,0.9980720189114914,0.19861947733542978
PPGDiff + ShotDiffLast5 + AwayShotsOnTargetLast5,3,0.5335526315789474,0.9980728238286364,0.1987317910318171
AwayPPG + XGForDiffPg + XGDDiff,3,0.5283783783783784,0.9980749641595901,0.1986354326004832
GDPerGameDiff + HomeShotsOnTargetAgainstLast5 + XGForDiffPg,3,0.5236486486486486,0.9980908377959075,0.19859966011567207
PPGDiff + AwayGoalsLast5 + XGAgainstDiffPg,3,0.5202702702702702,0.9980924357960073,0.19873916062876187
ShotDiffLast5 + AwayElo + HomePPG,3,0.5243421052631579,0.9980930487793334,0.19862800267133884
GoalDiffLast5 + XGForDiffPg + XGAgainstDiffPg,3,0.5324324324324324,0.9980947237258996,0.19867923383358013
ShotOTDiffLast5 + HomePPG + XGAgainstDiffPg,3,0.5162162162162163,0.9981018476052017,0.1984408008374243
GoalAgainstDiffLast5 + HomeElo + AwayPPG,3,0.5276315789473685,0.998104885832272,0.1987042120086813
ShotDiffLast5 + HomePPG + XGAgainstDiffPg,3,0.5277027027027027,0.9981051995239582,0.19828249714148855
HomeGoalsAgainstLast5 + XGForDiffPg + XGAgainstDiffLast5,3,0.5283783783783784,0.9981125035896077,0.1987022779405725
AwayPPG + XGForDiffPg + XGAgainstDiffPg,3,0.5283783783783784,0.9981137574408909,0.19864542843242436
AwayGDPerGame + XGForDiffPg + XGAgainstDiffPg,3,0.5277027027027027,0.9981291678750039,0.1986316808989679
HomeElo + AwayGoalsLast5 + XGForDiffLast5,3,0.5171052631578947,0.998136267390787,0.198480706706886
GDPerGameDiff + HomeShotsAgainstLast5 + XGForDiffLast5,3,0.5171052631578947,0.9981437863085261,0.19873893036640616
GDPerGameDiff + HomeGoalsAgainstLast5 + XGDDiffLast5,3,0.5263157894736842,0.9981537685074657,0.1987082566173195
GoalAgainstDiffLast5 + GDPerGameDiff + XGDDiffLast5,3,0.5249999999999999,0.9981563178349204,0.198698663522295
HomeElo + AwayGoalsLast5 + AwayShotsAgainstLast5,3,0.5263157894736842,0.9981567059021268,0.1984908594952281
GoalsAgainstPerGameDiff + AwayGoalsAgainstLast5 + XGDDiff,3,0.5297297297297296,0.9981594256819224,0.19854405562035893
HomeElo + AwayPPG + HomeGoalsLast5,3,0.5289473684210526,0.9981672900770482,0.19875692280829566
HomeShotsOnTargetAgainstLast5 + AwayShotsOnTargetAgainstLast5 + XGForDiffPg,3,0.529054054054054,0.9981693103648117,0.19857078279531173
GoalsAgainstPerGameDiff + AwayShotsOnTargetAgainstLast5 + XGDDiff,3,0.5310810810810811,0.9981808493277818,0.1985406830918483
PPGDiff + GoalDiffLast5 + XGAgainstDiffPg,3,0.5277027027027027,0.9981830591579728,0.19879853112828863
PPGDiff + ShotDiffLast5 + AwayGDPerGame,3,0.5328947368421052,0.9981881303696639,0.19877787341606437
HomeElo + AwayPPG + AwayGoalsAgainstLast5,3,0.5269736842105264,0.9981953237798777,0.1987693409367875
HomeElo + AwayPPG + HomePointsLast5,3,0.5296052631578948,0.9981987274161562,0.1986808260029116
AwayPPG + HomeShotsAgainstLast5 + XGForDiffPg,3,0.527027027027027,0.9982003838777073,0.19885802567089472
XGForDiffPg + XGAgainstDiffLast5 + XGDDiffLast5,3,0.5256756756756756,0.9982116456447064,0.1987514294342627
GoalsAgainstPerGameDiff + HomeElo + XGAgainstDiffPg,3,0.5256756756756756,0.9982184308146439,0.19842653765851082
PPGDiff + GoalsPerGameDiff + XGForDiffPg,3,0.518918918918919,0.9982217248210759,0.19892918017138042
XGForDiffPg + XGForDiffLast5 + XGDDiffLast5,3,0.5256756756756756,0.9982229680243193,0.19875230578467057
GoalAgainstDiffLast5 + XGAgainstDiffPg + XGDDiff,3,0.527027027027027,0.9982328294046501,0.19873540820955976
PPGDiff + ShotDiffLast5 + AwayGoalsAgainstPerGame,3,0.5335526315789474,0.9982388275694789,0.19875859703853363
HomeElo + AwayGoalsLast5 + AwayShotsOnTargetAgainstLast5,3,0.530921052631579,0.9982428968461187,0.1984969809975543
GDPerGameDiff + GoalsPerGameDiff + XGDDiffLast5,3,0.525,0.9982459910725164,0.1987660624441911
XGForDiffPg + XGForDiffLast5 + XGAgainstDiffLast5,3,0.5249999999999999,0.9982465754093097,0.19875689466188085
GoalAgainstDiffLast5 + XGForDiffPg + XGDDiff,3,0.5277027027027027,0.9982505143322238,0.19874217994577428
GDPerGameDiff + GoalsAgainstPerGameDiff + XGDDiffLast5,3,0.525,0.9982551941194744,0.19876569007056347
PPGDiff + AwayShotsOnTargetAgainstLast5 + XGForDiffLast5,3,0.530921052631579,0.9982552750047663,0.19897336821881748
ShotOTDiffLast5 + PPGDiff + HomeGoalsAgainstLast5,3,0.5276315789473685,0.9982586947379408,0.1988556302023615
GoalAgainstDiffLast5 + HomeElo + XGForDiffLast5,3,0.5236842105263158,0.9982649176150022,0.19853245254301016
AwayShotsAgainstLast5 + AwayShotsOnTargetAgainstLast5 + XGDDiff,3,0.5270270270270271,0.9982706743868319,0.19870283741048622
PPGDiff + ShotDiffLast5 + XGForDiffLast5,3,0.5236842105263158,0.9982836747277268,0.19880693109649974
PPGDiff + HomeGoalsAgainstLast5 + XGForDiffLast5,3,0.5282894736842105,0.9982837368702737,0.19886083876117264
GoalsPerGameDiff + GoalsAgainstPerGameDiff + XGDDiffLast5,3,0.525,0.9982922547175176,0.1987756391273439
PPGDiff + AwayElo + HomeShotsOnTargetLast5,3,0.531578947368421,0.9982926256625275,0.19895804683967577
AwayShotsOnTargetAgainstLast5 + XGAgainstDiffPg + XGDDiff,3,0.5324324324324324,0.9982959745719159,0.19870987296353992
AwayShotsOnTargetAgainstLast5 + XGForDiffPg + XGDDiff,3,0.5297297297297298,0.9982962493983587,0.1987143317310463
GoalDiffLast5 + XGForDiffPg + XGAgainstDiffLast5,3,0.5297297297297298,0.9983019380110492,0.19881568697627663
PPGDiff + AwayShotsOnTargetLast5 + XGAgainstDiffPg,3,0.5222972972972972,0.9983068059845563,0.19885343763625654
PPGDiff + GoalsPerGameDiff + ShotDiffLast5,3,0.5381578947368421,0.9983113544868534,0.19883447923495226
HomePPG + XGAgainstDiffPg + XGDDiffLast5,3,0.5182432432432432,0.9983159786695224,0.19860828805437833
ShotOTDiffLast5 + PPGDiff + AwayShotsOnTargetAgainstLast5,3,0.5322368421052631,0.9983272079562705,0.19897202982512716
AwayGDPerGame + AwayShotsAgainstLast5 + XGDDiff,3,0.5256756756756756,0.9983317964844528,0.1986495032340923
GoalsPerGameDiff + HomeShotsOnTargetLast5 + XGAgainstDiffPg,3,0.5222972972972972,0.9983426637367283,0.1987655459926472
PPGDiff + HomeShotsOnTargetLast5 + XGForDiffLast5,3,0.5230263157894737,0.9983433329763409,0.19893981160686547
AwayGoalsAgainstLast5 + AwayShotsAgainstLast5 + XGDDiff,3,0.5243243243243243,0.9983436583257224,0.19869144384496054
GoalsPerGameDiff + ShotDiffLast5 + XGAgainstDiffPg,3,0.5317567567567568,0.9983584856590069,0.19876721995901722
GoalAgainstDiffLast5 + XGForDiffPg + XGAgainstDiffPg,3,0.5277027027027027,0.9983621663957465,0.19876625836980097
AwayShotsOnTargetAgainstLast5 + XGForDiffPg + XGAgainstDiffPg,3,0.5310810810810811,0.998363225056554,0.19872703183898685
AwayPPG + HomeGDPerGame + XGDDiffLast5,3,0.5249999999999999,0.9983660770060194,0.19882520737948992
HomeShotsOnTargetAgainstLast5 + XGForDiffPg + XGDDiffLast5,3,0.5263513513513514,0.9983690375635056,0.19878883696285174
AwayGDPerGame + XGForDiffPg + XGAgainstDiffLast5,3,0.5243243243243243,0.9983729742531502,0.19882725574231294
GoalDiffLast5 + HomeElo + AwayShotsOnTargetAgainstLast5,3,0.5282894736842105,0.9983875954153162,0.19867966699781764
PPGDiff + GoalDiffLast5 + XGForDiffPg,3,0.5202702702702703,0.9983931666200598,0.19902677553231526
PPGDiff + AwayShotsAgainstLast5 + XGForDiffPg,3,0.522972972972973,0.9983972542194106,0.1991001108173932
HomeElo + AwayPointsLast5 + AwayShotsAgainstLast5,3,0.5335526315789474,0.9984037138820814,0.19855496472021553
HomeElo + HomePointsLast5 + XGAgainstDiffPg,3,0.5304054054054054,0.9984262028883913,0.19846674533156297
GDPerGameDiff + HomeShotsAgainstLast5 + XGAgainstDiffPg,3,0.5243243243243243,0.9984268877139837,0.19859625131879102
PPGDiff + AwayGoalsAgainstPerGame + XGForDiffPg,3,0.5155405405405405,0.9984270041925487,0.19902914094956697
PPGDiff + GoalsAgainstPerGameDiff + ShotDiffLast5,3,0.5289473684210527,0.9984316553434625,0.19867125921827966
HomePointsLast5 + AwayShotsAgainstLast5 + XGForDiffPg,3,0.5277027027027027,0.9984572361353623,0.19899278602682804
ShotOTDiffLast5 + PPGDiff + XGForDiffLast5,3,0.5223684210526316,0.9985011225397158,0.19897132850725227
PPGDiff + HomeGoalsAgainstLast5 + XGAgainstDiffPg,3,0.5263513513513514,0.9985037850615346,0.1987978015874373
GoalsPerGameDiff + HomePPG + XGDDiffLast5,3,0.5269736842105263,0.9985134984009978,0.19889574321620537
HomeElo + AwayGoalsLast5 + XGAgainstDiffLast5,3,0.5276315789473683,0.9985283267468967,0.1984112280447395
ShotDiffLast5 + XGForDiffPg + XGAgainstDiffLast5,3,0.5270270270270271,0.9985288069675329,0.19882977872346494
PPGDiff + AwayGoalsAgainstPerGame + XGAgainstDiffPg,3,0.5236486486486487,0.9985409022541754,0.19885703507804064
AwayGoalsAgainstPerGame + AwayShotsAgainstLast5 + XGDDiff,3,0.522972972972973,0.998548797967402,0.19870373110563755
ShotOTDiffLast5 + AwayElo + HomePPG,3,0.531578947368421,0.9985657214908684,0.19889809350896293
PPGDiff + GoalsAgainstPerGameDiff + XGForDiffPg,3,0.5209459459459459,0.9985726605767274,0.19891943692789757
PPGDiff + AwayGDPerGame + XGAgainstDiffPg,3,0.5236486486486487,0.9985757800659251,0.198876455608735
GoalsPerGameDiff + HomeElo + AwayShotsOnTargetLast5,3,0.5131578947368421,0.9985763188118266,0.19877131718321478
GDPerGameDiff + XGAgainstDiffPg + XGForDiffLast5,3,0.5216216216216216,0.9985779983456429,0.1987460694145082
HomeElo + AwayShotsOnTargetLast5 + XGForDiffLast5,3,0.5203947368421052,0.9986451801284766,0.1984986926653859
GDPerGameDiff + AwayShotsOnTargetAgainstLast5 + XGDDiffLast5,3,0.5256578947368421,0.9986524613089708,0.19881424224784056
HomeElo + AwayGoalsAgainstPerGame + AwayShotsOnTargetLast5,3,0.519078947368421,0.9986671120866546,0.19855159182305748
GDPerGameDiff + PPGDiff + XGForDiffPg,3,0.5195945945945946,0.9987175998277957,0.19902989926608394
GoalsPerGameDiff + HomeElo + AwayPointsLast5,3,0.5289473684210526,0.9987261173642947,0.19892191179759655
GoalAgainstDiffLast5 + AwayShotsAgainstLast5 + XGDDiff,3,0.5236486486486487,0.9987266665366346,0.19878352354945533
AwayElo + HomeGDPerGame + HomeShotsOnTargetLast5,3,0.5217105263157894,0.9987284771005379,0.19872575309011964
PPGDiff + ShotDiffLast5 + AwayGoalsAgainstLast5,3,0.5322368421052631,0.9987350932061038,0.19888565551054224
HomeShotsAgainstLast5 + XGForDiffPg + XGDDiffLast5,3,0.5324324324324324,0.9987370367903857,0.19891577474559624
HomeElo + HomeShotsAgainstLast5 + XGForDiffLast5,3,0.5197368421052632,0.9987448513231427,0.19864225734075153
ShotOTDiffLast5 + PPGDiff + GoalDiffLast5,3,0.531578947368421,0.9987516167113634,0.19898786764713305
GoalsPerGameDiff + XGAgainstDiffPg + XGDDiffLast5,3,0.5317567567567567,0.9987526137752168,0.19897790763272077
ShotDiffLast5 + HomePointsLast5 + XGAgainstDiffPg,3,0.5202702702702702,0.9987744036669731,0.1986418586316944
GDPerGameDiff + PPGDiff + XGAgainstDiffPg,3,0.5222972972972973,0.9987783842372906,0.19880013676189778
GDPerGameDiff + AwayElo + HomeShotsAgainstLast5,3,0.519078947368421,0.9987851171599371,0.19888025008895563
GoalAgainstDiffLast5 + HomeElo + XGAgainstDiffPg,3,0.525,0.998793301110915,0.1986417989882117
GDPerGameDiff + AwayShotsAgainstLast5 + XGDDiffLast5,3,0.5289473684210526,0.9987938063932154,0.1989125602269796
ShotDiffLast5 + HomeElo + AwayShotsOnTargetLast5,3,0.530921052631579,0.9987989685945935,0.19837580789185885
ShotOTDiffLast5 + HomePointsLast5 + XGForDiffPg,3,0.522972972972973,0.9988009090889473,0.19900700232913673
GoalsAgainstPerGameDiff + HomePointsLast5 + XGForDiffPg,3,0.5256756756756756,0.9988134259376917,0.1988931323025367
GDPerGameDiff + HomeShotsOnTargetLast5 + XGAgainstDiffLast5,3,0.5249999999999999,0.9988217101614321,0.1987747541746014
GoalsPerGameDiff + HomePPG + XGAgainstDiffPg,3,0.5263513513513514,0.9988237402282576,0.19866116988575933
PPGDiff + AwayGoalsAgainstLast5 + XGForDiffPg,3,0.5189189189189188,0.9988331647619972,0.19914664076683603
GoalsAgainstPerGameDiff + XGForDiffPg + XGDDiffLast5,3,0.5310810810810811,0.9988445947449546,0.19882228729028625
AwayGoalsAgainstPerGame + HomePointsLast5 + XGForDiffPg,3,0.5324324324324324,0.9988462317240803,0.1990635889678927
PPGDiff + HomePPG + XGForDiffLast5,3,0.5230263157894737,0.9988505100243995,0.1990500259957116
PPGDiff + XGForDiffLast5,2,0.5249999999999999,0.9988605874303356,0.1990902812179633
HomePPG + AwayPPG + XGForDiffLast5,3,0.5230263157894737,0.9988635384134499,0.19905383321188122
AwayElo + HomeGDPerGame + HomePointsLast5,3,0.5256578947368421,0.9988647262889929,0.19885844266407796
PPGDiff + AwayShotsOnTargetAgainstLast5 + XGAgainstDiffPg,3,0.5256756756756756,0.9988656230242773,0.19897867488262885
AwayGoalsAgainstLast5 + XGAgainstDiffPg + XGDDiff,3,0.5277027027027027,0.9988665882223773,0.19884524068463225
AwayElo + HomePPG + XGForDiffLast5,3,0.5276315789473685,0.9988683352084085,0.19899039526524767
ShotOTDiffLast5 + PPGDiff + AwayShotsAgainstLast5,3,0.5302631578947369,0.9989010177608042,0.19915154968608414
AwayGoalsAgainstLast5 + XGForDiffPg + XGDDiff,3,0.527027027027027,0.9989066234221202,0.1988595068698859
PPGDiff + AwayPPG + XGForDiffLast5,3,0.5223684210526316,0.9989115815465607,0.19906704566173722
ShotOTDiffLast5 + GDPerGameDiff + HomeShotsOnTargetAgainstLast5,3,0.5263157894736842,0.998922823851512,0.19880624781416215
ShotDiffLast5 + HomeElo + XGForDiffLast5,3,0.5190789473684211,0.9989363432901318,0.19854330564504016
ShotOTDiffLast5 + PPGDiff,2,0.5322368421052632,0.9989368766079474,0.1990991225525143
HomeElo + HomeShotsOnTargetAgainstLast5 + XGForDiffLast5,3,0.5171052631578947,0.9989520501888238,0.19864003997639562
AwayGoalsAgainstPerGame + XGAgainstDiffPg + XGDDiff,3,0.5249999999999999,0.9989530385697992,0.1988161524527694
AwayGoalsAgainstPerGame + XGForDiffPg + XGDDiff,3,0.5249999999999999,0.9989535951221054,0.19882041617023472
PPGDiff + AwayElo + XGAgainstDiffPg,3,0.518918918918919,0.9989661333057774,0.1989893398872623
HomePointsLast5 + HomeShotsOnTargetLast5 + XGForDiffPg,3,0.5222972972972973,0.9989693094346175,0.19908255244963433
PPGDiff + HomeShotsOnTargetLast5 + AwayShotsOnTargetLast5,3,0.5335526315789474,0.9989736685853334,0.19911289716142103
AwayGoalsAgainstLast5 + XGForDiffPg + XGAgainstDiffPg,3,0.5277027027027027,0.9989776976331421,0.1988738677890278
HomePPG + HomeShotsAgainstLast5 + XGForDiffPg,3,0.5256756756756756,0.9989861867250809,0.19888600381812518
ShotOTDiffLast5 + PPGDiff + AwayShotsOnTargetLast5,3,0.5335526315789474,0.998988126065223,0.19911624398005218
ShotOTDiffLast5 + PPGDiff + HomeShotsOnTargetLast5,3,0.5335526315789474,0.9989917003276381,0.19911692813903634
ShotOTDiffLast5 + HomeElo + AwayGoalsAgainstLast5,3,0.5289473684210527,0.9989939774495185,0.19870572834156827
AwayGoalsAgainstPerGame + XGForDiffPg + XGAgainstDiffLast5,3,0.529054054054054,0.9990030096891744,0.19894981528695088
HomePPG + AwayShotsOnTargetAgainstLast5 + XGForDiffPg,3,0.525,0.9990038033552157,0.1989112337376234
AwayGoalsAgainstLast5 + XGForDiffPg + XGAgainstDiffLast5,3,0.522972972972973,0.9990045089262483,0.1989398425110156
AwayGoalsAgainstPerGame + XGForDiffPg + XGAgainstDiffPg,3,0.5249999999999999,0.999011926788092,0.19883229790912868
HomeElo + HomeShotsAgainstLast5 + AwayShotsAgainstLast5,3,0.5210526315789473,0.9990198190220745,0.19853991948698865
GDPerGameDiff + ShotDiffLast5 + HomePPG,3,0.5296052631578947,0.9990333833068884,0.1987508949270235
PPGDiff + AwayShotsAgainstLast5 + XGForDiffLast5,3,0.5328947368421052,0.9990349202819941,0.1991902793636728
PPGDiff + HomeShotsOnTargetLast5 + HomeShotsOnTargetAgainstLast5,3,0.5388157894736842,0.9990392902194838,0.1990189579948064
ShotOTDiffLast5 + PPGDiff + AwayElo,3,0.5263157894736842,0.9990441793899778,0.19913983479510763
PPGDiff + AwayElo + HomeGDPerGame,3,0.5302631578947369,0.9990515962116164,0.19896333715020015
AwayElo + HomePointsLast5 + HomeShotsAgainstLast5,3,0.5177631578947368,0.9990590721456798,0.19919189949756086
ShotOTDiffLast5 + PPGDiff + HomePPG,3,0.5348684210526315,0.9990765461921346,0.1990967264854542
PPGDiff + AwayGoalsAgainstLast5 + XGAgainstDiffPg,3,0.522972972972973,0.9990819833245983,0.19900003019950346
ShotOTDiffLast5 + GDPerGameDiff + PPGDiff,3,0.5269736842105263,0.9990849853800159,0.1990323198042908
ShotOTDiffLast5 + PPGDiff + HomeGoalsLast5,3,0.5302631578947369,0.9990925083952032,0.19914184803456436
HomeShotsOnTargetLast5 + XGForDiffPg + XGDDiffLast5,3,0.5297297297297298,0.9990997988506057,0.19902828914599402
ShotOTDiffLast5 + HomePPG + AwayPPG,3,0.5342105263157895,0.9991002815986891,0.19910285665826302
GoalsAgainstPerGameDiff + HomeElo + AwayShotsAgainstLast5,3,0.5217105263157895,0.999105963956207,0.19875805147327652
ShotOTDiffLast5 + HomeElo + XGForDiffLast5,3,0.5184210526315789,0.9991067153818374,0.19870620840631054
ShotOTDiffLast5 + PPGDiff + AwayPPG,3,0.5348684210526315,0.999106812890971,0.19910565395547178
ShotOTDiffLast5 + GDPerGameDiff + HomePointsLast5,3,0.5138157894736842,0.9991093804913797,0.1989609622776758
PPGDiff + AwayElo + XGForDiffLast5,3,0.5269736842105264,0.9991100048013051,0.19916875839349185
HomeGoalsAgainstLast5 + XGForDiffPg + XGDDiffLast5,3,0.5277027027027026,0.9991173781375364,0.1989882279618201
HomeElo + AwayPointsLast5 + XGAgainstDiffLast5,3,0.5296052631578947,0.9991264410788416,0.19854917893520596
AwayElo + HomeGoalsPerGame + XGAgainstDiffPg,3,0.5148648648648648,0.9991374084259254,0.19891433699210742
HomeElo + AwayPPG + HomeGoalsAgainstLast5,3,0.5263157894736842,0.9991482967645073,0.19884876246318883
GoalsAgainstPerGameDiff + XGAgainstDiffPg + XGDDiff,3,0.5337837837837838,0.9991645460350864,0.19880074372628034
GoalDiffLast5 + HomeElo + XGAgainstDiffLast5,3,0.5276315789473685,0.9991738877909024,0.1986838137452895
ShotOTDiffLast5 + GoalsPerGameDiff + XGAgainstDiffPg,3,0.5222972972972972,0.9991801570280956,0.1989950456884495
PPGDiff + GoalDiffLast5 + XGForDiffLast5,3,0.5236842105263158,0.9991819190225493,0.19908445859634843
GoalsAgainstPerGameDiff + XGForDiffPg + XGDDiff,3,0.5310810810810811,0.9991845166089419,0.1988100035925505
AwayElo + HomeGoalsPerGame + XGDDiffLast5,3,0.531578947368421,0.9992033847787227,0.19907097720213537
GoalAgainstDiffLast5 + ShotDiffLast5 + HomeElo,3,0.5236842105263159,0.9992285966152228,0.19854889507774323
GDPerGameDiff + AwayElo + HomePointsLast5,3,0.5190789473684211,0.9992319768032367,0.19910378680911459
HomeElo + HomeGoalsAgainstLast5 + XGAgainstDiffPg,3,0.5297297297297298,0.9992371079602861,0.19863440941377442
HomePPG + AwayGDPerGame + XGForDiffPg,3,0.5222972972972973,0.9992398297386322,0.19899671533756605
GoalsAgainstPerGameDiff + XGForDiffPg + XGAgainstDiffPg,3,0.5310810810810811,0.9992439010060089,0.1988208431271871
PPGDiff + AwayShotsOnTargetLast5 + XGForDiffLast5,3,0.5249999999999999,0.9992510756969639,0.19919436134391297
AwayPPG + HomeGDPerGame + XGForDiffPg,3,0.5195945945945946,0.9992625833029726,0.1991384622730116
HomeElo + XGForDiffLast5,2,0.5171052631578947,0.9992749150409104,0.19876121810240685
AwayGoalsLast5 + XGForDiffPg + XGDDiffLast5,3,0.5243243243243243,0.9992888563350981,0.19896782558373918
AwayShotsOnTargetAgainstLast5 + XGForDiffPg + XGAgainstDiffLast5,3,0.5263513513513514,0.9992913234859129,0.1989901760977417
PPGDiff + HomeGoalsLast5 + XGAgainstDiffLast5,3,0.5269736842105263,0.9992939920894162,0.1990934564284551
HomePointsLast5 + AwayShotsOnTargetLast5 + XGForDiffPg,3,0.527027027027027,0.9992965525623765,0.19920908078542485
PPGDiff + HomeShotsAgainstLast5 + AwayShotsOnTargetLast5,3,0.5263157894736843,0.9993066684150933,0.1991948847697891
HomePointsLast5 + XGAgainstDiffPg + XGForDiffLast5,3,0.518918918918919,0.9993135380754277,0.19891194777810234
AwayPPG + HomeShotsOnTargetAgainstLast5 + XGForDiffPg,3,0.5256756756756757,0.9993141858271293,0.19895866791824451
HomeElo + AwayGoalsAgainstPerGame + AwayShotsOnTargetAgainstLast5,3,0.5203947368421052,0.9993200410203806,0.19887015973134525
AwayElo + HomeShotsOnTargetLast5 + XGAgainstDiffPg,3,0.5141891891891892,0.9993266763792439,0.19906547361020874
ShotDiffLast5 + AwayElo + HomePointsLast5,3,0.5190789473684211,0.9993307642216334,0.19902387443334257
GoalsPerGameDiff + HomeGDPerGame + XGDDiffLast5,3,0.5282894736842105,0.9993319794335397,0.19907173659161623
GDPerGameDiff + HomeShotsOnTargetAgainstLast5 + XGForDiffLast5,3,0.5157894736842105,0.999334753964083,0.19892458608793645
ShotOTDiffLast5 + GoalAgainstDiffLast5 + PPGDiff,3,0.5296052631578947,0.9993381949191222,0.19912611014476803
PPGDiff + GoalsAgainstPerGameDiff + XGAgainstDiffPg,3,0.5209459459459459,0.999339039650081,0.1990415826672313
GDPerGameDiff + HomeShotsOnTargetLast5 + XGForDiffPg,3,0.5216216216216216,0.9993447052283043,0.1990172278688048
HomeElo + HomePPG + XGForDiffLast5,3,0.5203947368421052,0.999351884219893,0.19879240255704644
GoalAgainstDiffLast5 + PPGDiff + XGForDiffLast5,3,0.5256578947368421,0.999356361150934,0.19913004764147801
PPGDiff + HomeShotsOnTargetAgainstLast5 + AwayShotsOnTargetAgainstLast5,3,0.5296052631578948,0.9993583431617354,0.19905612102967632
AwayElo + XGForDiffPg + XGDDiffLast5,3,0.5263513513513514,0.9993586696359509,0.19912834301774707
HomeGoalsPerGame + XGForDiffPg + XGDDiffLast5,3,0.5304054054054054,0.9993646621585892,0.19907682808416574
GoalAgainstDiffLast5 + XGForDiffPg + XGAgainstDiffLast5,3,0.5243243243243243,0.9993770335943437,0.19903754603757795
GDPerGameDiff + PPGDiff + XGForDiffLast5,3,0.5171052631578947,0.9993808444247843,0.1991160398623047
PPGDiff + AwayGDPerGame + XGForDiffLast5,3,0.5230263157894737,0.9993906007187844,0.1992306751422014
GoalsAgainstPerGameDiff + AwayShotsAgainstLast5 + XGDDiff,3,0.5277027027027027,0.9994003828909548,0.1988413518003724
ShotOTDiffLast5 + PPGDiff + GoalsAgainstPerGameDiff,3,0.530921052631579,0.9994078020827538,0.19900352489479906
PPGDiff + HomeGoalsLast5 + XGForDiffLast5,3,0.5203947368421054,0.9994096234523138,0.19923077950243692
HomePPG + HomeShotsOnTargetAgainstLast5 + XGForDiffPg,3,0.5209459459459459,0.9994175564296973,0.19887122030216378
ShotOTDiffLast5 + PPGDiff + HomeGoalsPerGame,3,0.5328947368421052,0.9994257874737802,0.19916396714723242
AwayPointsLast5 + XGForDiffPg + XGDDiffLast5,3,0.5283783783783784,0.9994370274557776,0.1990537066457132
PPGDiff + HomeShotsOnTargetLast5 + AwayShotsOnTargetAgainstLast5,3,0.5269736842105264,0.999456624978892,0.19917911424547965
ShotOTDiffLast5 + HomeElo + AwayGoalsLast5,3,0.5164473684210527,0.9994573622058557,0.1987952313259116
HomeElo + AwayShotsAgainstLast5 + XGAgainstDiffLast5,3,0.525,0.999507647336976,0.19862418037411556
ShotDiffLast5 + HomePointsLast5 + XGForDiffPg,3,0.5263513513513514,0.9995179626681989,0.1991451130432515
GDPerGameDiff + HomePointsLast5 + XGForDiffLast5,3,0.5138157894736842,0.9995198385767536,0.19907565199134997
PPGDiff + HomeGoalsPerGame + XGForDiffLast5,3,0.5210526315789473,0.9995286920875645,0.19920738141393324
GoalsPerGameDiff + HomeShotsAgainstLast5 + XGAgainstDiffPg,3,0.529054054054054,0.99953958806229,0.19902127275482298
AwayElo + HomeGDPerGame + HomeShotsOnTargetAgainstLast5,3,0.5197368421052632,0.9995426605463287,0.19874546765872717
HomePointsLast5 + AwayPointsLast5 + XGForDiffPg,3,0.5256756756756756,0.9995470435475629,0.19924140962311165
GoalDiffLast5 + HomeElo + XGForDiffLast5,3,0.5125,0.9995472853567344,0.19889331082872366
GoalAgainstDiffLast5 + HomePointsLast5 + XGForDiffPg,3,0.5310810810810811,0.9995556621197677,0.1991952374672932
AwayElo + HomePPG + XGAgainstDiffLast5,3,0.5230263157894737,0.9995702174557021,0.19908373118227912
GDPerGameDiff + AwayElo + HomeShotsOnTargetLast5,3,0.5177631578947368,0.9995713205511814,0.19910043516175271
HomeShotsAgainstLast5 + AwayShotsAgainstLast5 + XGForDiffPg,3,0.5297297297297298,0.9995768550547477,0.19903241267849428
GDPerGameDiff + ShotDiffLast5 + HomeShotsOnTargetLast5,3,0.5263157894736842,0.9995852091416513,0.1989491359391394
PPGDiff + HomeShotsAgainstLast5 + XGAgainstDiffLast5,3,0.5217105263157895,0.9995860427561012,0.1991796621512417
PPGDiff + HomeGDPerGame + XGAgainstDiffLast5,3,0.5256578947368421,0.9995871484210583,0.19904674414314646
GDPerGameDiff + ShotDiffLast5 + AwayElo,3,0.5203947368421052,0.9995890296767369,0.199007493154921
ShotDiffLast5 + HomeGDPerGame + AwayGDPerGame,3,0.5276315789473685,0.999609229249447,0.19892425839724
GDPerGameDiff + ShotDiffLast5 + HomeGoalsLast5,3,0.5243421052631579,0.9996097419200989,0.19899464103884795
GDPerGameDiff + ShotDiffLast5 + HomeGDPerGame,3,0.5276315789473685,0.9996126404992141,0.19892381857885452
PPGDiff + GoalsAgainstPerGameDiff + XGForDiffLast5,3,0.5210526315789473,0.9996144996929399,0.1990661600140362
GDPerGameDiff + ShotDiffLast5 + AwayGoalsLast5,3,0.5217105263157895,0.9996171690523854,0.19891022278325624
GDPerGameDiff + ShotDiffLast5 + AwayGDPerGame,3,0.5269736842105264,0.999621377150572,0.1989276253683936
GDPerGameDiff + ShotDiffLast5 + AwayShotsOnTargetAgainstLast5,3,0.5269736842105263,0.9996336039250802,0.1989570055714515
AwayShotsAgainstLast5 + XGAgainstDiffPg + XGDDiff,3,0.5277027027027027,0.999642594327498,0.19902315319859817
GoalsPerGameDiff + HomeElo + AwayGoalsAgainstLast5,3,0.5223684210526316,0.9996476291855327,0.1990661931464489
PPGDiff + GoalDiffLast5 + HomeShotsAgainstLast5,3,0.530921052631579,0.999661776211832,0.19927405294273587
AwayShotsAgainstLast5 + XGForDiffPg + XGDDiff,3,0.5283783783783784,0.999678511869472,0.19903487767706277
HomeElo + HomeShotsAgainstLast5 + AwayShotsOnTargetAgainstLast5,3,0.5125000000000001,0.9996813707691745,0.1986799654726907
HomeGoalsLast5 + XGForDiffPg + XGDDiffLast5,3,0.5283783783783783,0.999683243406194,0.19921465307829728
GDPerGameDiff + ShotDiffLast5 + AwayPointsLast5,3,0.5256578947368421,0.9996858847306412,0.1989511279195658
GoalsPerGameDiff + XGForDiffPg + XGDDiffLast5,3,0.5304054054054055,0.9996900265887114,0.1992417423471303
GoalsPerGameDiff + HomePointsLast5 + XGDDiffLast5,3,0.525,0.9996904878160302,0.199273641400636
HomePointsLast5 + XGForDiffPg + XGForDiffLast5,3,0.5202702702702703,0.9996916605518558,0.19922987933747074
GoalAgainstDiffLast5 + GoalsPerGameDiff + HomeElo,3,0.519078947368421,0.9997030276303227,0.19913808172482414
AwayShotsAgainstLast5 + XGForDiffPg + XGAgainstDiffPg,3,0.5277027027027027,0.999709454322595,0.19904192481779862
HomePointsLast5 + XGForDiffPg,2,0.522972972972973,0.9997231947272915,0.19927128955062332
PPGDiff + AwayGoalsAgainstPerGame + XGForDiffLast5,3,0.5236842105263158,0.9997302529440212,0.19925576991088748
HomeElo + HomeGDPerGame + XGForDiffLast5,3,0.5177631578947368,0.9997648630013607,0.19886207162734906
ShotDiffLast5 + HomeGoalsPerGame + XGAgainstDiffPg,3,0.525,0.9997755759264769,0.1987694824884553
ShotOTDiffLast5 + ShotDiffLast5 + HomeElo,3,0.5203947368421052,0.9997890595349042,0.19871401175684403
HomeElo + AwayPointsLast5 + AwayShotsOnTargetAgainstLast5,3,0.530921052631579,0.9997916318623474,0.19882626693880973
PPGDiff + AwayShotsAgainstLast5 + HomeShotsOnTargetLast5,3,0.5256578947368421,0.9997940629503043,0.19931498086877547
ShotOTDiffLast5 + GoalAgainstDiffLast5 + HomeElo,3,0.5236842105263158,0.9998206252514479,0.19892474687265857
GDPerGameDiff + HomePPG + XGAgainstDiffPg,3,0.5263513513513514,0.9998213837242808,0.19875087874732625
PPGDiff + AwayElo + HomeShotsOnTargetAgainstLast5,3,0.5230263157894737,0.9998443262953934,0.1992903491775022
ShotOTDiffLast5 + PPGDiff + AwayGDPerGame,3,0.5302631578947368,0.999844782417299,0.19933736589064355
AwayPPG + XGForDiffPg + XGDDiffLast5,3,0.5283783783783784,0.9998469140859987,0.1992693139359319
GDPerGameDiff + ShotDiffLast5,2,0.5263157894736842,0.999865407533401,0.1990114395197079
GoalDiffLast5 + HomeElo + AwayGoalsAgainstPerGame,3,0.5236842105263159,0.9998690413926168,0.19897464203123752
AwayShotsOnTargetLast5 + XGForDiffPg + XGDDiffLast5,3,0.5317567567567567,0.9998740947983982,0.19919601415405888
PPGDiff + HomePointsLast5 + XGAgainstDiffLast5,3,0.525,0.9998765216313205,0.1992080853058477
ShotOTDiffLast5 + PPGDiff + AwayGoalsAgainstPerGame,3,0.5302631578947369,0.999878072514227,0.19929762396172598
GoalsPerGameDiff + XGAgainstDiffPg + XGForDiffLast5,3,0.5283783783783783,0.9998980648077442,0.1991940419900222
PPGDiff + HomeGoalsLast5 + HomeShotsAgainstLast5,3,0.5236842105263158,0.9999028246605899,0.1993515983532508
HomeElo + AwayGoalsAgainstPerGame + AwayGoalsLast5,3,0.518421052631579,0.9999043079327878,0.198858057524701
AwayElo + HomeGoalsAgainstLast5 + XGForDiffPg,3,0.522972972972973,0.9999395508192979,0.19919611770581455
GoalAgainstDiffLast5 + PPGDiff + XGAgainstDiffPg,3,0.5236486486486487,0.9999408800668608,0.1991585432369152
GDPerGameDiff + ShotDiffLast5 + HomeGoalsAgainstLast5,3,0.5217105263157895,0.9999413986270456,0.19896616298102038
XGForDiffPg + XGDDiffLast5,2,0.531081081081081,0.9999447752200628,0.19922969646700844
AwayGDPerGame + HomeShotsAgainstLast5 + XGForDiffPg,3,0.5297297297297298,0.9999463774947916,0.19917695483244718
GoalsAgainstPerGameDiff + HomeElo + AwayShotsOnTargetLast5,3,0.5296052631578947,0.9999465262815006,0.19880804558189544
GoalsPerGameDiff + HomePointsLast5 + XGForDiffPg,3,0.5243243243243243,0.9999763729332292,0.19935490803278313
GDPerGameDiff + HomeShotsAgainstLast5 + AwayShotsOnTargetAgainstLast5,3,0.525,0.999992339986295,0.19901953754316523
ShotOTDiffLast5 + HomePointsLast5 + XGAgainstDiffPg,3,0.5182432432432432,0.9999985079428844,0.19901416695796809
PPGDiff + AwayPointsLast5 + XGAgainstDiffLast5,3,0.5190789473684211,1.0000179081500196,0.19917129202259237
GDPerGameDiff + ShotDiffLast5 + GoalDiffLast5,3,0.5236842105263158,1.0000308546965597,0.1990373800282008
GoalsAgainstPerGameDiff + HomeShotsAgainstLast5 + XGForDiffPg,3,0.518918918918919,1.0000454977528328,0.1990214080169209
AwayElo + HomeShotsOnTargetLast5 + XGForDiffPg,3,0.5209459459459459,1.0000953225506128,0.19921297722127057
AwayGoalsAgainstPerGame + HomeShotsAgainstLast5 + XGForDiffPg,3,0.5317567567567567,1.0000974377868204,0.19910527255192814
GDPerGameDiff + PPGDiff + XGAgainstDiffLast5,3,0.5217105263157895,1.0001030833284472,0.19910893084697676
GDPerGameDiff + PPGDiff + HomeShotsAgainstLast5,3,0.5197368421052632,1.0001046245253897,0.19917773943385644
ShotOTDiffLast5 + HomeShotsAgainstLast5 + XGForDiffPg,3,0.5277027027027027,1.0001105727837516,0.19913515000988719
PPGDiff + HomePointsLast5 + HomeShotsAgainstLast5,3,0.5263157894736842,1.0001213569624419,0.19940583778375398
GDPerGameDiff + HomePPG + XGForDiffPg,3,0.5195945945945947,1.0001220571669633,0.19913390277155987
GDPerGameDiff + HomeGoalsLast5 + XGAgainstDiffPg,3,0.520945945945946,1.0001321888182522,0.19904719855850642
ShotOTDiffLast5 + PPGDiff + GoalsPerGameDiff,3,0.5302631578947369,1.0001403937496716,0.19938929773858272
ShotOTDiffLast5 + GDPerGameDiff + AwayGoalsLast5,3,0.5230263157894737,1.0001409042023575,0.19916056795156836
PPGDiff + HomeGoalsPerGame + XGAgainstDiffLast5,3,0.5256578947368421,1.000146302392812,0.1991749989691926
HomeElo + HomeGoalsPerGame + XGForDiffLast5,3,0.5171052631578947,1.0001485191676673,0.19900342768142218
PPGDiff + AwayShotsAgainstLast5 + XGAgainstDiffPg,3,0.5236486486486487,1.0001486131289101,0.19933019915918937
PPGDiff + GoalsPerGameDiff + XGForDiffLast5,3,0.5230263157894737,1.00015051110964,0.19939965790549216
HomeGDPerGame + XGAgainstDiffPg + XGForDiffLast5,3,0.5148648648648648,1.000153103546318,0.1989627087033305
PPGDiff + AwayShotsAgainstLast5 + HomeShotsOnTargetAgainstLast5,3,0.5269736842105263,1.0001652738275173,0.19926890388880253
GoalAgainstDiffLast5 + XGForDiffPg + XGDDiffLast5,3,0.5256756756756756,1.0001672796855674,0.19926745117079173
ShotOTDiffLast5 + GDPerGameDiff + XGForDiffPg,3,0.518918918918919,1.0001890165190928,0.19921743069315936
HomeGoalsAgainstLast5 + AwayShotsOnTargetAgainstLast5 + XGForDiffPg,3,0.5256756756756756,1.0001967598248702,0.19916531043318228
HomePointsLast5 + AwayGoalsLast5 + XGForDiffPg,3,0.5263513513513514,1.0001991943611874,0.199337513685462
ShotDiffLast5 + HomeElo + HomeShotsAgainstLast5,3,0.5190789473684211,1.0002184652962711,0.1987484060645267
HomeGDPerGame + HomePointsLast5 + XGForDiffPg,3,0.5216216216216216,1.0002257134761185,0.19937281441183535
GDPerGameDiff + HomeShotsOnTargetAgainstLast5 + XGAgainstDiffPg,3,0.5243243243243243,1.0002347497354527,0.19889176194951294
PPGDiff + GoalDiffLast5 + XGAgainstDiffLast5,3,0.5236842105263159,1.000242300509223,0.19930441510595162
GDPerGameDiff + HomeShotsAgainstLast5 + AwayShotsAgainstLast5,3,0.5184210526315789,1.0002535477318828,0.1991308155922761
GDPerGameDiff + ShotDiffLast5 + AwayShotsAgainstLast5,3,0.5223684210526315,1.0002539029131385,0.1991554325517792
HomePointsLast5 + AwayGoalsAgainstLast5 + XGForDiffPg,3,0.5304054054054054,1.0002870940939297,0.19945575160290865
GDPerGameDiff + HomeShotsAgainstLast5 + HomeShotsOnTargetLast5,3,0.5138157894736842,1.0002887504370055,0.19909637524758222
AwayShotsAgainstLast5 + XGForDiffPg + XGAgainstDiffLast5,3,0.5283783783783784,1.0002958720753283,0.1992423669128396
GoalAgainstDiffLast5 + HomeShotsAgainstLast5 + XGForDiffPg,3,0.5222972972972972,1.0003452166015647,0.1992843784635888
PPGDiff + AwayGoalsAgainstLast5 + XGForDiffLast5,3,0.5263157894736842,1.0003467606252847,0.19943842123050737
ShotOTDiffLast5 + HomePPG + XGForDiffPg,3,0.5182432432432433,1.0003574114456752,0.1991720838744278
ShotDiffLast5 + HomeElo,2,0.5177631578947368,1.0003610564289986,0.19877802792811053
ShotDiffLast5 + HomeGDPerGame + XGAgainstDiffPg,3,0.5256756756756756,1.0003636923278483,0.19879998907874513
GoalAgainstDiffLast5 + HomePPG + XGForDiffPg,3,0.5351351351351351,1.000366402807704,0.19925992039737028
ShotOTDiffLast5 + GDPerGameDiff + HomePPG,3,0.5256578947368421,1.0003750508290095,0.19918173136498235
HomeElo + AwayShotsAgainstLast5 + HomeShotsOnTargetAgainstLast5,3,0.5190789473684211,1.0003763497267804,0.1988318093335902
GoalsPerGameDiff + AwayGoalsLast5 + XGDDiffLast5,3,0.5282894736842105,1.0003922503722504,0.1993641862080604
HomePointsLast5 + HomeGoalsAgainstLast5 + XGForDiffPg,3,0.5263513513513514,1.0003955920619354,0.199337889886449
PPGDiff + HomeShotsOnTargetAgainstLast5 + XGAgainstDiffLast5,3,0.5256578947368421,1.0003984403300388,0.19933694595666215
GoalsPerGameDiff + AwayElo + XGDDiffLast5,3,0.5269736842105264,1.0004037830371248,0.19952077310549224
GDPerGameDiff + ShotDiffLast5 + AwayPPG,3,0.5302631578947368,1.0004163893715077,0.19910673211941735
GDPerGameDiff + ShotDiffLast5 + AwayGoalsAgainstPerGame,3,0.5276315789473683,1.0004169640033447,0.19913120451269184
ShotOTDiffLast5 + HomeGDPerGame + XGAgainstDiffPg,3,0.5222972972972973,1.0004257492802784,0.19895177701988506
PPGDiff + GoalsPerGameDiff + XGAgainstDiffLast5,3,0.530921052631579,1.0004272372664598,0.19934518021392447
GoalsPerGameDiff + ShotDiffLast5 + XGAgainstDiffLast5,3,0.5236842105263158,1.000440677860056,0.19927984547739436
HomePointsLast5 + HomeGoalsLast5 + XGForDiffPg,3,0.5222972972972973,1.0004446095437158,0.19941480794706407
ShotOTDiffLast5 + PPGDiff + AwayGoalsAgainstLast5,3,0.530921052631579,1.000450428258154,0.1994590822100424
AwayElo + HomePPG + HomeShotsOnTargetAgainstLast5,3,0.5138157894736842,1.0004552263766546,0.1992481991352955
ShotDiffLast5 + HomeElo + HomePPG,3,0.5171052631578947,1.0004658203117,0.1988107289799701
GDPerGameDiff + HomeGoalsAgainstLast5 + XGForDiffPg,3,0.5175675675675676,1.0004664397583485,0.1992167615917855
GoalAgainstDiffLast5 + GDPerGameDiff + ShotDiffLast5,3,0.531578947368421,1.0004744776097305,0.19906262124639934
ShotOTDiffLast5 + GDPerGameDiff + ShotDiffLast5,3,0.5263157894736842,1.0004749747129125,0.19914055938214262
AwayGDPerGame + XGForDiffPg + XGDDiffLast5,3,0.5297297297297298,1.0004795768193913,0.19937719678920457
PPGDiff + AwayElo + HomePointsLast5,3,0.5342105263157895,1.000484492643366,0.1995810756735436
AwayShotsAgainstLast5 + HomeShotsOnTargetAgainstLast5 + XGForDiffPg,3,0.5270270270270271,1.0004888551780822,0.19905207188212135
GoalDiffLast5 + XGForDiffPg + XGDDiffLast5,3,0.5304054054054054,1.000491323423938,0.1993153074993741
PPGDiff + AwayShotsOnTargetLast5 + XGAgainstDiffLast5,3,0.5223684210526316,1.0004919130407108,0.19940316357521967
GDPerGameDiff + HomePointsLast5 + XGAgainstDiffLast5,3,0.5171052631578947,1.0004991801960272,0.19913514327342657
PPGDiff + AwayElo + XGAgainstDiffLast5,3,0.5302631578947369,1.0005054810244232,0.1994232969314467
PPGDiff + HomeShotsAgainstLast5,2,0.5243421052631578,1.0005105792667002,0.1994335644012388
HomeGoalsPerGame + XGAgainstDiffPg + XGDDiffLast5,3,0.5243243243243243,1.000518025603391,0.19916709048866968
GDPerGameDiff + ShotDiffLast5 + AwayShotsOnTargetLast5,3,0.5236842105263158,1.000522852227665,0.19916856239501274
AwayElo + HomeGDPerGame + AwayShotsOnTargetLast5,3,0.5263157894736843,1.0005285843478036,0.19899848204933518
GoalsPerGameDiff + HomeShotsAgainstLast5 + XGForDiffPg,3,0.5263513513513514,1.0005356268480485,0.199348511463405
ShotDiffLast5 + HomeElo + HomeShotsOnTargetAgainstLast5,3,0.5164473684210527,1.0005592731633548,0.1988053245008313
ShotOTDiffLast5 + XGForDiffPg + XGDDiffLast5,3,0.5283783783783784,1.0005679615622791,0.1993656616404497
GDPerGameDiff + ShotDiffLast5 + HomeGoalsPerGame,3,0.5249999999999999,1.0005931819076435,0.1991350792515719
AwayElo + HomePPG + HomeShotsOnTargetLast5,3,0.5171052631578947,1.0005976487484862,0.19933926165436364
ShotOTDiffLast5 + HomeShotsOnTargetAgainstLast5 + XGForDiffPg,3,0.5277027027027027,1.000599392559918,0.19914668432051524
ShotOTDiffLast5 + HomeGoalsPerGame + XGAgainstDiffPg,3,0.5222972972972972,1.0006145907224533,0.19908310726768824
HomeGDPerGame + XGAgainstDiffPg + XGDDiffLast5,3,0.5168918918918919,1.0006228533405863,0.19911281305439596
HomeGDPerGame + AwayShotsOnTargetAgainstLast5 + XGForDiffPg,3,0.5263513513513514,1.0006248904131751,0.1992610577657139
PPGDiff + AwayPointsLast5 + HomeShotsAgainstLast5,3,0.5269736842105264,1.0006551885418222,0.19946899230240234
HomeGoalsPerGame + XGAgainstDiffPg + XGForDiffLast5,3,0.5141891891891891,1.0006590033066551,0.19915501172786534
GDPerGameDiff + HomePPG + XGForDiffLast5,3,0.5151315789473685,1.0006691830657708,0.19926513395798995
GoalsPerGameDiff + HomeGDPerGame + XGAgainstDiffPg,3,0.525,1.000670251440878,0.19915042625587462
HomePPG + AwayShotsAgainstLast5 + XGForDiffPg,3,0.5283783783783784,1.000674166216591,0.19930130496636309
ShotOTDiffLast5 + GoalDiffLast5 + HomeElo,3,0.5164473684210527,1.0007189489285016,0.1991914647385486
ShotOTDiffLast5 + HomeElo + HomeShotsAgainstLast5,3,0.5151315789473685,1.0007205477088355,0.19909087418940064
GDPerGameDiff + AwayGoalsLast5 + XGForDiffLast5,3,0.5111842105263158,1.0007213892473286,0.19927761145288925
PPGDiff + AwayGoalsLast5 + HomeShotsAgainstLast5,3,0.5263157894736842,1.0007257408145782,0.19947165602292358
GoalsAgainstPerGameDiff + HomeShotsOnTargetAgainstLast5 + XGForDiffPg,3,0.5236486486486486,1.000740250243804,0.19907450872691224
GoalsAgainstPerGameDiff + HomeElo + AwayShotsOnTargetAgainstLast5,3,0.5177631578947369,1.0007419193905194,0.1990712826513223
HomePPG + HomePointsLast5 + XGForDiffPg,3,0.5202702702702703,1.0007435620773875,0.19943212494593524
HomeElo + HomePointsLast5 + XGForDiffLast5,3,0.5151315789473684,1.0007518011104066,0.19899933089338023
PPGDiff + XGAgainstDiffLast5,2,0.5230263157894738,1.0007646394125356,0.19941226950311583
HomeGDPerGame + HomeShotsAgainstLast5 + XGForDiffPg,3,0.5270270270270271,1.0007649892245853,0.19929295545757497
PPGDiff + HomePPG + HomeShotsAgainstLast5,3,0.525,1.0007721970113592,0.19948001654594655
PPGDiff + HomePPG + XGAgainstDiffLast5,3,0.5223684210526316,1.0007723236429156,0.1993534534944233
HomeElo + AwayGoalsAgainstPerGame + AwayPointsLast5,3,0.5236842105263158,1.0007848236352466,0.1991408971915931
AwayElo + HomeGDPerGame + AwayShotsOnTargetAgainstLast5,3,0.5263157894736842,1.0007966435120572,0.19905714661655105
HomeShotsOnTargetLast5 + HomeShotsOnTargetAgainstLast5 + XGForDiffPg,3,0.5270270270270271,1.0007973182142342,0.19917239738798034
HomePPG + AwayPPG + HomeShotsAgainstLast5,3,0.525,1.0008000879654828,0.1994858599061299
GoalsPerGameDiff + HomeShotsOnTargetAgainstLast5 + XGAgainstDiffPg,3,0.529054054054054,1.0008043021938453,0.1992102766112131
PPGDiff + AwayPPG + XGAgainstDiffLast5,3,0.5217105263157895,1.0008098469420352,0.1993642904359879
HomePPG + AwayPPG + XGAgainstDiffLast5,3,0.5217105263157895,1.000811555799537,0.19936267929561421
HomeElo + HomeShotsOnTargetLast5 + XGForDiffLast5,3,0.5144736842105263,1.0008231553575324,0.1990076490382933
PPGDiff + AwayPPG + HomeShotsAgainstLast5,3,0.525,1.0008253864722287,0.19949369910847908
HomeElo + AwayShotsOnTargetAgainstLast5 + XGAgainstDiffLast5,3,0.5203947368421052,1.0008336321357032,0.19885201938790076
GDPerGameDiff + XGAgainstDiffPg + XGAgainstDiffLast5,3,0.5195945945945946,1.000838531841885,0.19911272028892968
ShotOTDiffLast5 + GDPerGameDiff + AwayElo,3,0.5210526315789473,1.000842296675274,0.19939914842968173
PPGDiff + GoalsPerGameDiff + HomeShotsAgainstLast5,3,0.5243421052631579,1.0008423215442968,0.19955402133861874
PPGDiff + HomeGDPerGame + HomeShotsAgainstLast5,3,0.5263157894736842,1.0008542215882197,0.1994720324289583
ShotOTDiffLast5 + GDPerGameDiff + GoalDiffLast5,3,0.525,1.0008679205215254,0.19926896670685584
GoalsPerGameDiff + HomeElo + HomeShotsAgainstLast5,3,0.519736842105263,1.0008799360302139,0.1994093009796382
GDPerGameDiff + ShotDiffLast5 + AwayGoalsAgainstLast5,3,0.5269736842105263,1.0008875405102273,0.1992331967420591
HomeElo + AwayShotsAgainstLast5 + HomeShotsOnTargetLast5,3,0.5210526315789473,1.000902014155511,0.19911729191725663
GDPerGameDiff + HomeGoalsPerGame + XGAgainstDiffPg,3,0.5243243243243243,1.0009065012216427,0.19908009971470408
HomePointsLast5 + XGAgainstDiffPg + XGDDiffLast5,3,0.5121621621621621,1.0009160337136744,0.19932318777636254
AwayGoalsAgainstPerGame + XGForDiffPg + XGDDiffLast5,3,0.5243243243243243,1.0009299344276334,0.1994426365124586
HomeElo + HomeGoalsLast5 + XGForDiffLast5,3,0.5210526315789473,1.0009324172908294,0.19906568878142142
ShotOTDiffLast5 + GDPerGameDiff + AwayPointsLast5,3,0.5197368421052632,1.0009352332094088,0.19934797440690857
GoalDiffLast5 + HomePointsLast5 + XGForDiffPg,3,0.5202702702702703,1.0009401588067484,0.19950571386174873
PPGDiff + AwayGoalsLast5 + XGAgainstDiffLast5,3,0.5236842105263158,1.0009476724931918,0.19943346019949867
GoalsPerGameDiff + HomeShotsOnTargetAgainstLast5 + XGForDiffPg,3,0.5277027027027027,1.0009495851971404,0.19930532468940282
ShotDiffLast5 + HomeElo + HomeGoalsPerGame,3,0.5171052631578947,1.0009501197324493,0.19896784059218506
GDPerGameDiff + ShotDiffLast5 + XGForDiffPg,3,0.5236486486486487,1.0010034643545216,0.1993517789370397
AwayGDPerGame + HomeShotsOnTargetAgainstLast5 + XGForDiffPg,3,0.5243243243243243,1.001004469383626,0.19925300329649698
GDPerGameDiff + HomePointsLast5 + HomeShotsAgainstLast5,3,0.5105263157894737,1.0010080677138242,0.19934674281246417
PPGDiff + HomePointsLast5 + HomeShotsOnTargetLast5,3,0.5289473684210526,1.001008222210539,0.19955253439938458
GoalDiffLast5 + AwayElo + HomeGDPerGame,3,0.5197368421052632,1.001024526220271,0.1992650730263133
AwayElo + HomeShotsAgainstLast5 + HomeShotsOnTargetLast5,3,0.5210526315789473,1.0010249820186878,0.19932587637197802
ShotOTDiffLast5 + GDPerGameDiff + AwayShotsOnTargetAgainstLast5,3,0.5296052631578947,1.0010256923425487,0.19940653201407813
AwayGoalsAgainstPerGame + HomeShotsOnTargetAgainstLast5 + XGForDiffPg,3,0.522972972972973,1.001036623931073,0.19920061046334872
PPGDiff + HomeGoalsPerGame + HomeShotsAgainstLast5,3,0.5276315789473685,1.0010394802523093,0.1995104861924402
HomeElo + HomeShotsOnTargetAgainstLast5 + AwayShotsOnTargetAgainstLast5,3,0.5157894736842106,1.001042898010866,0.1989916052132761
GoalsPerGameDiff + HomeElo + HomeGoalsPerGame,3,0.5151315789473685,1.0010441213037264,0.19957825724902808
HomeGDPerGame + HomeShotsOnTargetAgainstLast5 + XGForDiffPg,3,0.525,1.0010481382313525,0.19922716925694173
HomeGoalsLast5 + HomeShotsOnTargetAgainstLast5 + XGForDiffPg,3,0.5256756756756756,1.001059851756508,0.19935432418815377
GoalsAgainstPerGameDiff + HomeElo + AwayGoalsLast5,3,0.5138157894736842,1.0010688839463033,0.19913401786360146
GoalsAgainstPerGameDiff + HomeElo + XGAgainstDiffLast5,3,0.5210526315789473,1.001077350872154,0.1990706161719494
GoalsPerGameDiff + ShotDiffLast5 + XGDDiffLast5,3,0.5243421052631579,1.0010794489926917,0.1995663503003858
PPGDiff + AwayGDPerGame + HomeShotsAgainstLast5,3,0.519078947368421,1.0010825065208249,0.19959061496993571
GoalAgainstDiffLast5 + HomeShotsOnTargetLast5 + XGForDiffPg,3,0.533108108108108,1.0010903107687659,0.19947635659603444
GoalsAgainstPerGameDiff + GoalDiffLast5 + HomeElo,3,0.5210526315789473,1.0010924522170708,0.19929664414453202
AwayElo + HomePPG + HomeGDPerGame,3,0.5203947368421052,1.0011001522740162,0.19919247886253005
GDPerGameDiff + AwayShotsOnTargetAgainstLast5 + XGForDiffPg,3,0.5243243243243243,1.0011003754517596,0.199482309964855
ShotOTDiffLast5 + HomeGDPerGame + AwayGDPerGame,3,0.5236842105263158,1.0011019040158544,0.1993916743240597
ShotDiffLast5 + HomePPG + XGDDiffLast5,3,0.5276315789473685,1.0011027062439724,0.19936431680213232
GDPerGameDiff + PPGDiff + HomeShotsOnTargetLast5,3,0.518421052631579,1.0011064593768295,0.199415150826339
ShotOTDiffLast5 + GDPerGameDiff + HomeGDPerGame,3,0.5236842105263158,1.0011100873149443,0.19939179535572638
ShotDiffLast5 + HomeElo + HomeGDPerGame,3,0.5171052631578947,1.0011205385235815,0.1989493792763167
HomeGoalsLast5 + HomeShotsAgainstLast5 + XGForDiffPg,3,0.5263513513513514,1.0011219843004062,0.19948396198606608
GDPerGameDiff + GoalsPerGameDiff + ShotDiffLast5,3,0.5276315789473683,1.0011221896002054,0.19925448842911103
GDPerGameDiff + HomeGoalsLast5 + XGForDiffPg,3,0.5222972972972972,1.0011302771770345,0.19950716772203653
ShotOTDiffLast5 + GDPerGameDiff + AwayGDPerGame,3,0.5236842105263158,1.0011317184523163,0.1993982038979044
AwayPPG + HomeGDPerGame + XGAgainstDiffPg,3,0.5222972972972973,1.0011412022484258,0.19925133572465514
GoalsPerGameDiff + GoalsAgainstPerGameDiff + ShotDiffLast5,3,0.5269736842105263,1.0011450495270358,0.19925672291705207
AwayPointsLast5 + HomeShotsAgainstLast5 + XGForDiffPg,3,0.529054054054054,1.0011583914052793,0.19942092590282304
GDPerGameDiff + GoalsAgainstPerGameDiff + ShotDiffLast5,3,0.5269736842105263,1.0011593339389642,0.19925696182710748
HomeShotsAgainstLast5 + HomeShotsOnTargetLast5 + XGForDiffPg,3,0.5324324324324323,1.001176385592687,0.19933024840297836
HomeShotsAgainstLast5 + XGForDiffPg,2,0.5304054054054054,1.001176860364649,0.19940479629320992
GoalAgainstDiffLast5 + GDPerGameDiff + XGForDiffPg,3,0.5256756756756756,1.0011782280278667,0.19942726787202694
HomeElo + AwayShotsAgainstLast5 + AwayShotsOnTargetAgainstLast5,3,0.5151315789473684,1.0011792550989513,0.1992717055410972
ShotOTDiffLast5 + GDPerGameDiff + HomeGoalsAgainstLast5,3,0.5210526315789474,1.0011911876006097,0.19935719273654465
GoalsPerGameDiff + AwayPointsLast5 + XGDDiffLast5,3,0.5190789473684211,1.001195899530511,0.19958067656132253
PPGDiff + AwayGoalsAgainstPerGame + HomeShotsAgainstLast5,3,0.5217105263157894,1.0011964311278982,0.19949957810417995
GDPerGameDiff + ShotDiffLast5 + XGForDiffLast5,3,0.5223684210526316,1.0012099705507413,0.19932080292859486
GoalsPerGameDiff + AwayElo + HomeGDPerGame,3,0.5184210526315789,1.0012138755748143,0.19935734555797238
AwayShotsOnTargetAgainstLast5 + XGForDiffPg + XGDDiffLast5,3,0.5337837837837838,1.0012176529986627,0.19948647170346714
HomeGDPerGame + AwayGDPerGame + XGAgainstDiffPg,3,0.5243243243243243,1.0012201786754202,0.1991508005734851
GDPerGameDiff + HomeGDPerGame + XGAgainstDiffPg,3,0.5243243243243243,1.0012278166450395,0.19915129196374548
HomeGoalsPerGame + HomePointsLast5 + XGForDiffPg,3,0.5236486486486487,1.0012369383931041,0.19954634057584678
AwayPPG + HomeGoalsPerGame + XGDDiffLast5,3,0.5342105263157895,1.0012443952526064,0.19957682068116012
PPGDiff + AwayGoalsAgainstLast5 + XGAgainstDiffLast5,3,0.5217105263157895,1.0012502815928754,0.19953134815140194
GDPerGameDiff + AwayGDPerGame + XGAgainstDiffPg,3,0.5243243243243243,1.0012511705819886,0.19915849626082696
AwayGoalsAgainstLast5 + HomeShotsAgainstLast5 + XGForDiffPg,3,0.5324324324324324,1.0012523751088045,0.19944495359267253
GDPerGameDiff + HomeShotsOnTargetLast5 + XGForDiffLast5,3,0.5131578947368421,1.0012541116022426,0.19945146985709603
HomeGDPerGame + AwayGDPerGame + XGForDiffPg,3,0.5202702702702702,1.001262204014176,0.19945407492221315
AwayElo + HomeShotsOnTargetLast5 + XGDDiffLast5,3,0.518421052631579,1.0012805569878798,0.19963148899700495
GoalDiffLast5 + HomeShotsAgainstLast5 + XGForDiffPg,3,0.5243243243243243,1.0012896316320976,0.19951100074613667
HomeElo + HomeGoalsAgainstLast5 + XGForDiffLast5,3,0.5157894736842105,1.0012938086527652,0.19914047097723805
GoalsPerGameDiff + HomeShotsOnTargetAgainstLast5 + XGDDiffLast5,3,0.531578947368421,1.0012943813777826,0.19960860251184828
GDPerGameDiff + AwayElo + HomeShotsOnTargetAgainstLast5,3,0.5131578947368421,1.0012992792726654,0.19933173571228138
GDPerGameDiff + HomeGDPerGame + XGForDiffPg,3,0.5209459459459459,1.0013033014297734,0.19945922937894356
GDPerGameDiff + AwayGDPerGame + XGForDiffPg,3,0.5209459459459459,1.0013082751943267,0.19946519624486045
ShotDiffLast5 + AwayPPG + HomeGDPerGame,3,0.5348684210526315,1.001309352626094,0.1992967021905373
HomeShotsAgainstLast5 + AwayShotsOnTargetLast5 + XGForDiffPg,3,0.5256756756756757,1.0013134031217374,0.19946765393867102
ShotOTDiffLast5 + GDPerGameDiff + AwayShotsAgainstLast5,3,0.5282894736842105,1.0013256396681185,0.19953134853851567
ShotDiffLast5 + HomePPG + AwayGDPerGame,3,0.530921052631579,1.0013277105100618,0.19942642947675054
HomePPG + AwayGoalsAgainstPerGame + XGForDiffPg,3,0.5243243243243243,1.0013318607779915,0.19938331464165107
GoalsPerGameDiff + HomeShotsOnTargetLast5 + XGDDiffLast5,3,0.5256578947368421,1.0013359984020291,0.19966726303986898
GoalAgainstDiffLast5 + HomeShotsOnTargetAgainstLast5 + XGForDiffPg,3,0.5277027027027026,1.0013653270729577,0.19944963318285192
ShotOTDiffLast5 + GDPerGameDiff,2,0.5243421052631578,1.0013747641467519,0.19947437246945832
ShotDiffLast5 + HomeGDPerGame + XGDDiffLast5,3,0.525,1.0013762944782738,0.19934927689461843
GDPerGameDiff + AwayElo + HomePPG,3,0.5184210526315789,1.0013780637492316,0.19938979950784097
GoalsAgainstPerGameDiff + HomePPG + XGDDiffLast5,3,0.5217105263157895,1.0013796708067806,0.1993305953257841
ShotOTDiffLast5 + GDPerGameDiff + HomeShotsOnTargetLast5,3,0.5203947368421052,1.001384518314427,0.19948947325578117
GDPerGameDiff + HomeShotsOnTargetLast5 + AwayShotsOnTargetLast5,3,0.5203947368421052,1.0013847691063886,0.1994890843507065
GDPerGameDiff + HomePPG + XGAgainstDiffLast5,3,0.5230263157894737,1.0013931017906326,0.19922420086381926
ShotOTDiffLast5 + GDPerGameDiff + AwayShotsOnTargetLast5,3,0.5197368421052632,1.0013953035950756,0.1994921986131701
PPGDiff + AwayShotsOnTargetLast5 + HomeShotsOnTargetAgainstLast5,3,0.5236842105263158,1.0013982959560674,0.19961128289393812
GoalsPerGameDiff + HomeShotsAgainstLast5 + XGDDiffLast5,3,0.5236842105263158,1.0013985642580117,0.19964909437185807
GDPerGameDiff + AwayPointsLast5 + XGAgainstDiffPg,3,0.5236486486486487,1.0014009431469906,0.1991629684084593
GDPerGameDiff + AwayPointsLast5 + XGForDiffLast5,3,0.5078947368421053,1.0014016144660118,0.19946322591548774
HomeShotsAgainstLast5 + XGForDiffPg + XGForDiffLast5,3,0.5310810810810811,1.0014024480414623,0.19943246603933884
AwayPPG + HomeGoalsAgainstLast5 + XGForDiffPg,3,0.5195945945945946,1.0014068500773126,0.1995577078642093
PPGDiff + AwayGoalsAgainstPerGame + XGAgainstDiffLast5,3,0.5243421052631579,1.0014081534266412,0.19955861511172804
ShotOTDiffLast5 + GDPerGameDiff + XGForDiffLast5,3,0.5138157894736841,1.0014111249210038,0.1994814311312291
HomeGDPerGame + AwayGoalsAgainstPerGame + XGDDiffLast5,3,0.5296052631578947,1.0014366710573683,0.19933693134297756
GoalsAgainstPerGameDiff + HomeShotsOnTargetLast5 + XGForDiffPg,3,0.522972972972973,1.0014549881635093,0.19930975808265236
GoalsPerGameDiff + XGAgainstDiffPg + XGAgainstDiffLast5,3,0.5249999999999999,1.0014554729642415,0.19947996296975115
GoalsPerGameDiff + HomeElo + AwayGoalsLast5,3,0.5144736842105263,1.001456096421347,0.19950850662804107
ShotOTDiffLast5 + HomeElo + HomeShotsOnTargetAgainstLast5,3,0.5144736842105263,1.0014655147648692,0.19926287087699213
GDPerGameDiff + AwayShotsOnTargetAgainstLast5 + XGForDiffLast5,3,0.5223684210526316,1.0014719658876572,0.1995243716028743
GDPerGameDiff + AwayElo + XGForDiffLast5,3,0.5203947368421052,1.001497845199414,0.19956637719185566
AwayGoalsAgainstLast5 + XGForDiffPg + XGDDiffLast5,3,0.5324324324324324,1.001498789919266,0.199567329284674
GDPerGameDiff + AwayGoalsLast5 + XGForDiffPg,3,0.5243243243243243,1.0015214210281846,0.1994728393620326
PPGDiff + AwayGDPerGame + XGAgainstDiffLast5,3,0.5210526315789474,1.0015227010225978,0.19959871972982926
GDPerGameDiff + HomeGDPerGame + XGForDiffLast5,3,0.5098684210526316,1.0015235628358938,0.19950302315055227
HomeGDPerGame + AwayGDPerGame + XGForDiffLast5,3,0.5098684210526316,1.001535004006166,0.19950669747629826
PPGDiff + HomeGoalsLast5 + HomeShotsOnTargetAgainstLast5,3,0.530921052631579,1.0015471738147168,0.1996731883795998
GDPerGameDiff + HomeShotsAgainstLast5 + XGAgainstDiffLast5,3,0.5177631578947368,1.0015498917796095,0.19937204511189993
GDPerGameDiff + GoalDiffLast5 + XGAgainstDiffPg,3,0.5216216216216216,1.0015545922347777,0.1993032235888986
GDPerGameDiff + AwayGDPerGame + XGForDiffLast5,3,0.5098684210526316,1.0015546867871838,0.19951126461160926
GoalsPerGameDiff + HomeElo + HomeShotsOnTargetAgainstLast5,3,0.5072368421052631,1.0015560996019497,0.19951569790339804
PPGDiff + AwayGoalsAgainstLast5 + HomeShotsAgainstLast5,3,0.5223684210526316,1.0015602302712547,0.19964500599751497
GDPerGameDiff + HomeGoalsLast5 + XGAgainstDiffLast5,3,0.5171052631578947,1.001561673855097,0.19939628036778867
GDPerGameDiff + HomeShotsOnTargetLast5 + HomeShotsOnTargetAgainstLast5,3,0.518421052631579,1.001571874404457,0.19932833180897636
GDPerGameDiff + AwayGoalsLast5 + XGAgainstDiffPg,3,0.522972972972973,1.0015849743205734,0.1992283277387937
GDPerGameDiff + AwayPointsLast5 + XGForDiffPg,3,0.5202702702702703,1.0015893488070906,0.19950924838596198
ShotDiffLast5 + XGForDiffPg + XGDDiffLast5,3,0.5297297297297296,1.001594460980684,0.1995917962740798
HomeElo + HomeGoalsPerGame + AwayShotsAgainstLast5,3,0.5203947368421052,1.0016009247637523,0.19937358901437252
AwayElo + HomeGoalsPerGame + HomeShotsAgainstLast5,3,0.518421052631579,1.0016072934900107,0.1994837925739683
GoalsPerGameDiff + HomeGoalsAgainstLast5 + XGAgainstDiffPg,3,0.522972972972973,1.0016124307272793,0.1994702925668984
HomeElo + AwayGoalsAgainstPerGame + HomeShotsAgainstLast5,3,0.5223684210526316,1.0016130980936215,0.1991596084324586
HomePPG + AwayGoalsLast5 + XGDDiffLast5,3,0.5256578947368421,1.0016198833525523,0.19951295410353334
ShotOTDiffLast5 + HomePPG + XGDDiffLast5,3,0.5230263157894737,1.001620073614415,0.199556942914376
PPGDiff + HomePointsLast5 + HomeShotsOnTargetAgainstLast5,3,0.5348684210526317,1.001622905101177,0.19969549231052433
ShotOTDiffLast5 + HomeElo,2,0.5177631578947368,1.0016267716342255,0.19935853554291927
GoalsPerGameDiff + HomeGoalsLast5 + XGAgainstDiffPg,3,0.5216216216216216,1.0016316283947284,0.1995520267785939
ShotDiffLast5 + HomePPG + XGForDiffPg,3,0.527027027027027,1.0016372683137087,0.19942343546827843
HomeElo + HomeGDPerGame + AwayShotsAgainstLast5,3,0.5203947368421052,1.0016425186650475,0.19934014231401653
PPGDiff + GoalDiffLast5 + HomeShotsOnTargetLast5,3,0.5269736842105263,1.0016482840622074,0.19969035667293775
PPGDiff + GoalsAgainstPerGameDiff + HomeShotsAgainstLast5,3,0.519078947368421,1.0016493300125753,0.19951939474055685
PPGDiff + HomeGoalsAgainstLast5 + HomeShotsOnTargetLast5,3,0.531578947368421,1.0016645034264162,0.19962159759260875
HomeShotsOnTargetAgainstLast5 + XGForDiffPg,2,0.5236486486486487,1.0016680999050769,0.19939544329376
AwayElo + HomeGDPerGame + AwayShotsAgainstLast5,3,0.5230263157894737,1.0016714993702385,0.19931491468545182
ShotOTDiffLast5 + GDPerGameDiff + HomeGoalsLast5,3,0.5144736842105263,1.0016725453967523,0.1995395057735638
HomeElo + AwayShotsAgainstLast5,2,0.5144736842105263,1.001676013898368,0.199372384488028
PPGDiff + HomeShotsOnTargetLast5,2,0.5289473684210526,1.0016775998026741,0.19967391850592237
GDPerGameDiff + XGAgainstDiffPg,2,0.5222972972972972,1.0016825229217587,0.19929216948424894
PPGDiff + GoalsAgainstPerGameDiff + XGAgainstDiffLast5,3,0.5217105263157895,1.0016850250734,0.19957934134197827
GDPerGameDiff + AwayElo + XGAgainstDiffLast5,3,0.5223684210526316,1.001688826798999,0.19946847980673124
ShotOTDiffLast5 + HomeGoalsAgainstLast5 + XGForDiffPg,3,0.529054054054054,1.00169309920122,0.19947925255066187
PPGDiff + GoalDiffLast5 + HomeShotsOnTargetAgainstLast5,3,0.5302631578947369,1.001696090712325,0.1996862178545965
GDPerGameDiff + XGForDiffPg + XGForDiffLast5,3,0.5168918918918919,1.0016974850379505,0.19956646860456173
AwayGDPerGame + HomePointsLast5 + XGDDiffLast5,3,0.5236842105263159,1.0017026101831035,0.19968628194531474
GDPerGameDiff + AwayGoalsAgainstPerGame + XGAgainstDiffPg,3,0.5243243243243243,1.0017061034712742,0.19927600414692342
GoalsPerGameDiff + HomeGoalsAgainstLast5 + XGDDiffLast5,3,0.5197368421052632,1.0017276650956863,0.19971028149558792
AwayElo + HomePointsLast5 + XGForDiffLast5,3,0.5223684210526316,1.0017277367376423,0.1997449942721613
AwayPointsLast5 + HomeShotsOnTargetAgainstLast5 + XGForDiffPg,3,0.522972972972973,1.0017455173008045,0.19942835524838787
GDPerGameDiff + XGForDiffPg,2,0.5168918918918919,1.0017460721809046,0.19958525945768638
GoalDiffLast5 + HomeShotsOnTargetAgainstLast5 + XGForDiffPg,3,0.5277027027027027,1.001747425888246,0.19947585339116006
HomeElo + HomeShotsOnTargetLast5 + AwayShotsOnTargetAgainstLast5,3,0.5105263157894737,1.0017501953742642,0.19928055193462232
AwayElo + HomeGDPerGame + AwayGDPerGame,3,0.5164473684210525,1.0017570603239188,0.19943135788708163
GDPerGameDiff + AwayElo + HomeGDPerGame,3,0.5171052631578947,1.001768873718635,0.19943333513564038
HomeElo + HomePPG + AwayShotsAgainstLast5,3,0.5138157894736842,1.0017735366008447,0.1993968438295075
GDPerGameDiff + HomeGoalsAgainstLast5 + XGForDiffLast5,3,0.5111842105263158,1.001774803469857,0.19950099552425749
ShotOTDiffLast5 + HomeGDPerGame + XGForDiffPg,3,0.5195945945945946,1.0017839157776272,0.19951838881730452
GoalsAgainstPerGameDiff + HomePPG + XGForDiffPg,3,0.525,1.001784594370304,0.1993560199348346
PPGDiff + HomeShotsAgainstLast5 + HomeShotsOnTargetAgainstLast5,3,0.5256578947368421,1.0017870459846225,0.19969072764918375
HomeElo + AwayGoalsAgainstLast5 + AwayShotsAgainstLast5,3,0.5210526315789474,1.0018035537542942,0.19937631325123975
ShotOTDiffLast5 + HomeElo + HomePPG,3,0.5184210526315789,1.0018064708742551,0.1994143616974934
GDPerGameDiff + AwayElo + AwayGDPerGame,3,0.5184210526315789,1.0018089098250216,0.19944433828067526
GDPerGameDiff + AwayShotsOnTargetLast5 + XGAgainstDiffPg,3,0.5222972972972973,1.0018125054406755,0.19936880144456468
ShotDiffLast5 + HomeGoalsLast5 + XGAgainstDiffPg,3,0.5128378378378378,1.00181490495857,0.19940767286594183
GDPerGameDiff + PPGDiff + HomeShotsOnTargetAgainstLast5,3,0.5236842105263158,1.0018151392760593,0.19948693696312805
AwayElo + HomeGDPerGame + HomeGoalsLast5,3,0.5138157894736841,1.0018314924090053,0.19947410281047942
HomeShotsOnTargetLast5 + AwayShotsOnTargetAgainstLast5 + XGForDiffPg,3,0.5236486486486486,1.0018324663956837,0.19963848851512866
GDPerGameDiff + HomePointsLast5 + HomeShotsOnTargetLast5,3,0.5171052631578947,1.0018344469675726,0.19952043839777714
AwayElo + HomeGDPerGame,2,0.5177631578947368,1.0018365087132075,0.19933707737777154
HomePPG + HomeShotsOnTargetLast5 + XGForDiffPg,3,0.5162162162162163,1.0018374498335507,0.19944148155035857
HomePPG + AwayPointsLast5 + XGForDiffPg,3,0.5222972972972972,1.0018400455779195,0.19956199554340293
GoalAgainstDiffLast5 + HomeGoalsLast5 + XGForDiffPg,3,0.5344594594594594,1.001843343307531,0.19973049138140372
AwayElo + HomeGoalsLast5 + XGForDiffPg,3,0.518918918918919,1.001852705173031,0.19986289202404434
ShotOTDiffLast5 + GoalAgainstDiffLast5 + GDPerGameDiff,3,0.525,1.0018543098046293,0.19951123564792345
GDPerGameDiff + HomePointsLast5 + AwayShotsAgainstLast5,3,0.5203947368421052,1.0018641173497098,0.19958286202558026
GDPerGameDiff + HomeShotsAgainstLast5 + AwayShotsOnTargetLast5,3,0.5190789473684211,1.0018644029769221,0.19953947146143375
AwayPPG + HomeShotsOnTargetLast5 + XGForDiffPg,3,0.5175675675675676,1.0018671622932616,0.19965618811497243
GDPerGameDiff + AwayElo + XGForDiffPg,3,0.520945945945946,1.001872751992919,0.19963431365007142
HomeElo + AwayPointsLast5 + AwayShotsOnTargetLast5,3,0.5296052631578947,1.0018775883229207,0.1991297015214488
HomeShotsOnTargetAgainstLast5 + XGForDiffPg + XGForDiffLast5,3,0.522972972972973,1.0018842807226822,0.19943704632169154
GDPerGameDiff + AwayElo + XGAgainstDiffPg,3,0.520945945945946,1.001884507016552,0.19940892264235455
PPGDiff + HomePointsLast5 + AwayShotsOnTargetAgainstLast5,3,0.5276315789473685,1.0018957718167159,0.19978732106368877
ShotOTDiffLast5 + GDPerGameDiff + AwayPPG,3,0.5217105263157895,1.0018984088885647,0.19956534197923007
PPGDiff + AwayGoalsLast5 + HomeShotsOnTargetLast5,3,0.5282894736842105,1.0019010100119816,0.19972540839028446
AwayGoalsAgainstLast5 + HomeShotsOnTargetAgainstLast5 + XGForDiffPg,3,0.5277027027027027,1.001901713781726,0.1994852883715806
ShotDiffLast5 + HomeElo + HomeShotsOnTargetLast5,3,0.525,1.0019034927791994,0.1988779803097349
PPGDiff + HomeGDPerGame + AwayShotsOnTargetAgainstLast5,3,0.5236842105263158,1.0019073296933754,0.19957468810622794
HomeShotsOnTargetLast5 + XGAgainstDiffPg + XGForDiffLast5,3,0.5148648648648648,1.0019123116150668,0.19941586335271488
GoalAgainstDiffLast5 + HomeGDPerGame + XGForDiffPg,3,0.5310810810810811,1.0019133203930226,0.19962782441728194
GoalAgainstDiffLast5 + PPGDiff + HomeShotsOnTargetLast5,3,0.5296052631578947,1.0019177209493306,0.19971193977703167
ShotOTDiffLast5 + HomeElo + HomeShotsOnTargetLast5,3,0.5217105263157895,1.0019219346263206,0.1991733300231135
ShotOTDiffLast5 + GoalsAgainstPerGameDiff + XGForDiffPg,3,0.520945945945946,1.0019243278814756,0.19941599156381934
ShotOTDiffLast5 + HomeElo + AwayShotsOnTargetLast5,3,0.5217105263157895,1.001925148271592,0.19917378122948484
HomeElo + HomeShotsOnTargetLast5 + AwayShotsOnTargetLast5,3,0.5217105263157895,1.00192879871443,0.19917382018763277
HomePPG + AwayShotsOnTargetLast5 + XGForDiffPg,3,0.5222972972972972,1.0019288030383942,0.19958986836251663
GDPerGameDiff + XGForDiffLast5,2,0.5118421052631579,1.0019302301830104,0.1996187310368334
GDPerGameDiff + AwayShotsOnTargetLast5 + XGForDiffPg,3,0.518918918918919,1.0019358441189414,0.19964061904670627
HomeGoalsAgainstLast5 + HomeShotsAgainstLast5 + XGForDiffPg,3,0.5297297297297298,1.0019362024047358,0.19954621419437413
ShotOTDiffLast5 + AwayElo + HomePointsLast5,3,0.5197368421052632,1.0019369312012592,0.1997356848023314
AwayElo + AwayPointsLast5 + XGDDiffLast5,3,0.5164473684210527,1.0019377490675325,0.19976016674414435
HomeGoalsPerGame + HomeShotsAgainstLast5 + XGForDiffPg,3,0.5256756756756756,1.0019388262384548,0.1995650488160873
ShotOTDiffLast5 + GoalAgainstDiffLast5 + XGForDiffPg,3,0.5324324324324323,1.0019388779164966,0.19963986592741798
PPGDiff + AwayShotsOnTargetAgainstLast5 + XGAgainstDiffLast5,3,0.5256578947368421,1.0019448333902101,0.19964930282405388
ShotDiffLast5 + HomeShotsAgainstLast5 + XGForDiffPg,3,0.5283783783783784,1.0019469037594133,0.1995560457860334
AwayGoalsLast5 + HomeShotsAgainstLast5 + XGForDiffPg,3,0.5283783783783784,1.001952259823929,0.1995335508444716
HomeGoalsAgainstLast5 + HomeShotsOnTargetLast5 + XGForDiffPg,3,0.5263513513513514,1.0019550563392818,0.1995352682922513
GoalsPerGameDiff + AwayElo + XGAgainstDiffPg,3,0.5202702702702703,1.0019633480134498,0.19968484693759864
GoalsPerGameDiff + XGDDiffLast5,2,0.5249999999999999,1.0019657136087372,0.19982786144308415
AwayShotsOnTargetLast5 + HomeShotsOnTargetAgainstLast5 + XGForDiffPg,3,0.5222972972972972,1.0019690987080212,0.1994873196773715
GoalsAgainstPerGameDiff + HomeElo + AwayPointsLast5,3,0.5236842105263159,1.0019699701581788,0.19939029240919928
ShotOTDiffLast5 + HomeGDPerGame + XGDDiffLast5,3,0.5203947368421052,1.0019773328385422,0.1995856942702973
GDPerGameDiff + AwayShotsAgainstLast5 + HomeShotsOnTargetLast5,3,0.5164473684210527,1.0019925911210268,0.19961818769794037
ShotOTDiffLast5 + GDPerGameDiff + AwayGoalsAgainstPerGame,3,0.525,1.0020014425031054,0.1996039618295384
ShotOTDiffLast5 + GoalsPerGameDiff + XGDDiffLast5,3,0.5230263157894737,1.0020068878578172,0.19983619714283685
PPGDiff + HomeGDPerGame + AwayShotsAgainstLast5,3,0.5282894736842105,1.002016893385456,0.19963217208674672
PPGDiff + HomePointsLast5 + AwayShotsAgainstLast5,3,0.5296052631578947,1.0020262498082906,0.19986466807584363
PPGDiff + AwayShotsAgainstLast5 + XGAgainstDiffLast5,3,0.5223684210526315,1.0020291440260283,0.19973969630836438
PPGDiff + AwayPointsLast5 + HomeShotsOnTargetLast5,3,0.530921052631579,1.002033162657479,0.1997640304231892
GDPerGameDiff + HomeShotsOnTargetLast5 + AwayShotsOnTargetAgainstLast5,3,0.5210526315789473,1.0020355947579405,0.19956269923887957
PPGDiff + HomeGoalsAgainstLast5 + XGAgainstDiffLast5,3,0.5210526315789474,1.0020404974142183,0.19966286553852877
HomeShotsOnTargetLast5 + XGAgainstDiffPg + XGDDiffLast5,3,0.5236486486486486,1.0020418444332375,0.1995164144113253
GDPerGameDiff + AwayShotsAgainstLast5 + XGForDiffLast5,3,0.5184210526315789,1.0020552107317982,0.1996998068859925
HomePPG + AwayPointsLast5 + XGDDiffLast5,3,0.525,1.0020614130899634,0.19961290389625264
GoalsAgainstPerGameDiff + HomeGoalsPerGame + XGDDiffLast5,3,0.5243421052631578,1.0020615492275913,0.1994475012670184
AwayElo + HomeGDPerGame + AwayGoalsLast5,3,0.5177631578947368,1.002073485790919,0.19935556319964853
GDPerGameDiff + GoalDiffLast5 + HomeShotsAgainstLast5,3,0.5177631578947368,1.0020787980602104,0.19956009789234935
GDPerGameDiff + GoalDiffLast5 + XGForDiffLast5,3,0.5125000000000001,1.0020824997789586,0.19957370098829658
HomeGoalsPerGame + HomeShotsOnTargetAgainstLast5 + XGForDiffPg,3,0.5243243243243243,1.0020870645466757,0.1994740906113436
GDPerGameDiff + HomePPG + HomeShotsAgainstLast5,3,0.5177631578947368,1.0020889022813106,0.19948551260418415
HomeShotsAgainstLast5 + HomeShotsOnTargetAgainstLast5 + XGForDiffPg,3,0.5324324324324324,1.0020905560512072,0.1995374288693755
GoalsPerGameDiff + GoalDiffLast5 + XGDDiffLast5,3,0.5236842105263158,1.0020911583650254,0.19974164356077234
GDPerGameDiff + HomePointsLast5 + AwayShotsOnTargetAgainstLast5,3,0.5164473684210527,1.0020917625222803,0.1995787321062413
GDPerGameDiff + AwayPPG + XGAgainstDiffPg,3,0.5202702702702703,1.0020965881115327,0.1993017371914674
AwayElo + HomeShotsAgainstLast5 + XGDDiffLast5,3,0.5171052631578947,1.0020982263866407,0.19980734569267533
PPGDiff + HomeGDPerGame + HomeShotsOnTargetLast5,3,0.5302631578947369,1.0020987483123625,0.19971195392912647
GDPerGameDiff + HomeShotsOnTargetAgainstLast5 + AwayShotsOnTargetAgainstLast5,3,0.5210526315789474,1.0021002554279368,0.19938280974655911
ShotDiffLast5 + HomeElo + HomeGoalsLast5,3,0.5190789473684211,1.0021194403389915,0.19918752634414763
AwayElo + AwayPPG + HomeGDPerGame,3,0.5171052631578947,1.002125461036516,0.19954431583648835
GDPerGameDiff + HomePointsLast5 + AwayShotsOnTargetLast5,3,0.5210526315789473,1.0021277374878816,0.1996748417585493
ShotDiffLast5 + HomeElo + HomePointsLast5,3,0.5164473684210527,1.0021344924292441,0.1991139672168933
ShotOTDiffLast5 + HomeElo + HomeGDPerGame,3,0.5190789473684211,1.002136114298355,0.19946601425799443
PPGDiff + HomeGoalsLast5 + HomeShotsOnTargetLast5,3,0.5296052631578948,1.0021435310629545,0.19977311991522423
HomePPG + AwayShotsOnTargetLast5 + XGDDiffLast5,3,0.525,1.0021530777195116,0.19969391788623694
HomePPG + XGForDiffPg + XGForDiffLast5,3,0.5216216216216216,1.0021650397838464,0.19957289529215544
HomePPG + XGForDiffPg,2,0.5182432432432432,1.0021714477007828,0.19962870494933552
GDPerGameDiff + AwayPPG + XGForDiffPg,3,0.5202702702702703,1.0021717853069168,0.19965792359073342
HomePPG + HomeGoalsAgainstLast5 + XGForDiffPg,3,0.5263513513513514,1.0021809145421323,0.19955179877386284
HomePPG + AwayShotsOnTargetLast5 + XGAgainstDiffPg,3,0.5236486486486487,1.0021869911854528,0.19924184077807364
HomeGoalsAgainstLast5 + HomeShotsOnTargetAgainstLast5 + XGForDiffPg,3,0.5256756756756756,1.0022127509364374,0.19954155691562067
PPGDiff + AwayGDPerGame + HomeShotsOnTargetLast5,3,0.5256578947368421,1.0022156117192411,0.1998193015068416
ShotOTDiffLast5 + GDPerGameDiff + HomeGoalsPerGame,3,0.5197368421052632,1.0022161293254965,0.19961674451740766
GoalsPerGameDiff + HomeElo,2,0.5118421052631579,1.002218741524403,0.1997557698240554
HomePPG + HomeGDPerGame + XGDDiffLast5,3,0.5223684210526316,1.0022272139869042,0.19963287945533917
HomeGDPerGame + AwayGoalsLast5 + XGDDiffLast5,3,0.5243421052631579,1.002227710453642,0.19959697632905976
GoalsPerGameDiff + AwayGoalsAgainstPerGame + XGDDiffLast5,3,0.5263157894736842,1.002227734113219,0.1998196542963418
GoalsPerGameDiff + HomeElo + HomeGDPerGame,3,0.5111842105263158,1.0022296915994562,0.19980131079636712
GDPerGameDiff + HomeGoalsAgainstLast5 + XGAgainstDiffPg,3,0.5243243243243243,1.0022319750015254,0.19937268450573048
PPGDiff + HomePointsLast5 + AwayShotsOnTargetLast5,3,0.5256578947368421,1.002235915183311,0.19991808287501917
GoalAgainstDiffLast5 + PPGDiff + HomeShotsAgainstLast5,3,0.5210526315789473,1.002239883986755,0.19978013323028318
GoalsPerGameDiff + HomeGoalsPerGame + XGAgainstDiffPg,3,0.5236486486486487,1.0022417109797022,0.19954514715113017
GDPerGameDiff + GoalsPerGameDiff + XGAgainstDiffPg,3,0.5236486486486487,1.0022458389239914,0.19948141065576544
PPGDiff + GoalsAgainstPerGameDiff + HomeShotsOnTargetLast5,3,0.5210526315789473,1.0022476619919052,0.19960327779178774
GoalsPerGameDiff + GoalsAgainstPerGameDiff + XGAgainstDiffPg,3,0.5236486486486487,1.002255226166698,0.19948251800701058
HomeShotsAgainstLast5 + XGAgainstDiffPg + XGForDiffLast5,3,0.5256756756756756,1.002256141887918,0.19953925408233636
AwayElo + HomeShotsAgainstLast5 + XGForDiffLast5,3,0.5184210526315789,1.0022684972878728,0.19974514875116528
GDPerGameDiff + HomePointsLast5 + HomeShotsOnTargetAgainstLast5,3,0.5144736842105263,1.002274011018906,0.199564812191805
ShotDiffLast5 + HomeShotsOnTargetAgainstLast5 + XGForDiffPg,3,0.525,1.002277550530809,0.1995277150479674
ShotOTDiffLast5 + HomeElo + HomeGoalsPerGame,3,0.5164473684210527,1.0022866195430526,0.19955992723359745
GDPerGameDiff + GoalsAgainstPerGameDiff + XGAgainstDiffPg,3,0.5236486486486487,1.0022904384482438,0.19948485587219592
GDPerGameDiff + AwayPointsLast5 + XGAgainstDiffLast5,3,0.5144736842105263,1.002292881982668,0.19946739277958475
HomePPG + AwayGDPerGame + XGForDiffLast5,3,0.519078947368421,1.002304091247111,0.1997899318811588
GoalsPerGameDiff + AwayShotsOnTargetLast5 + XGDDiffLast5,3,0.5236842105263159,1.0023052003313424,0.1999104513913754
GDPerGameDiff + GoalDiffLast5 + XGAgainstDiffLast5,3,0.5197368421052632,1.0023068438785858,0.19955026966263653
HomePPG + HomeGDPerGame + XGForDiffPg,3,0.5195945945945946,1.002312796141346,0.19967472243848874
HomeGDPerGame + AwayShotsAgainstLast5 + XGForDiffPg,3,0.5297297297297298,1.0023201197980711,0.1996234222260763
GoalsAgainstPerGameDiff + HomeGoalsLast5 + XGForDiffPg,3,0.520945945945946,1.0023258994655895,0.1996372169863776
GDPerGameDiff + AwayShotsOnTargetLast5 + XGForDiffLast5,3,0.5105263157894736,1.002351053837482,0.19972984441248162
GDPerGameDiff + HomeGoalsPerGame + XGForDiffPg,3,0.5189189189189188,1.0023520519829707,0.19969125373429536
HomeGDPerGame + AwayShotsOnTargetLast5 + XGDDiffLast5,3,0.5210526315789473,1.0023641178792175,0.19964170499702907
HomePPG + XGDDiffLast5,2,0.5243421052631579,1.0023704330202152,0.19969648468520101
GDPerGameDiff + HomeGDPerGame + XGAgainstDiffLast5,3,0.5210526315789473,1.0023717819024984,0.1994968842964417
GoalsPerGameDiff + HomeGoalsAgainstLast5 + XGForDiffPg,3,0.5222972972972973,1.0023759291224068,0.19976566972096502
HomeGDPerGame + AwayGDPerGame + XGAgainstDiffLast5,3,0.5210526315789474,1.002386985658069,0.1995010434700816
GDPerGameDiff + AwayGDPerGame + XGAgainstDiffLast5,3,0.5210526315789474,1.0023880481025136,0.1995022919947513
GDPerGameDiff + HomeGoalsLast5 + HomeShotsAgainstLast5,3,0.5144736842105263,1.002389617051886,0.19963615628492493
PPGDiff + AwayGoalsAgainstPerGame + HomeShotsOnTargetLast5,3,0.5256578947368421,1.0023961824849512,0.19980364840201056
AwayGDPerGame + HomePointsLast5 + XGAgainstDiffPg,3,0.5195945945945946,1.0024010890596382,0.19967661702177678
AwayElo + HomeGoalsLast5 + HomeShotsAgainstLast5,3,0.5177631578947368,1.0024016715248647,0.19990148915270403
GoalsPerGameDiff + AwayGoalsLast5 + XGAgainstDiffPg,3,0.5216216216216216,1.0024050257581838,0.19963873120293163
GDPerGameDiff + GoalDiffLast5 + XGForDiffPg,3,0.5182432432432432,1.0024072988356492,0.19972152691643327
HomePPG + AwayGoalsAgainstPerGame + XGDDiffLast5,3,0.525,1.002414577352017,0.19970470031412632
GDPerGameDiff + AwayPPG + XGForDiffLast5,3,0.5098684210526315,1.0024172242350187,0.1997063093084459
GoalAgainstDiffLast5 + GDPerGameDiff + XGForDiffLast5,3,0.5157894736842105,1.0024202114230876,0.199648089611872
GoalsPerGameDiff + HomeGoalsPerGame + XGDDiffLast5,3,0.5236842105263158,1.0024211253295559,0.19985034550136502
GoalAgainstDiffLast5 + PPGDiff + XGAgainstDiffLast5,3,0.5230263157894737,1.0024290977634647,0.19974700241092214
AwayGoalsLast5 + HomeShotsOnTargetAgainstLast5 + XGForDiffPg,3,0.5222972972972973,1.0024569118505093,0.19951921285641702
GDPerGameDiff + AwayShotsOnTargetLast5 + XGAgainstDiffLast5,3,0.5203947368421052,1.0024649677372,0.19961113036461092
GDPerGameDiff + AwayShotsAgainstLast5 + HomeShotsOnTargetAgainstLast5,3,0.5190789473684211,1.0024679977626205,0.19949108350610187
HomePPG + HomeShotsOnTargetLast5 + XGAgainstDiffPg,3,0.5175675675675676,1.0024712185397748,0.19934842162312594
HomeElo + AwayGoalsAgainstLast5 + AwayShotsOnTargetLast5,3,0.5157894736842106,1.0024731069813018,0.19926576246415115
PPGDiff + AwayElo + HomeGoalsLast5,3,0.5282894736842105,1.0024744034135413,0.20003710072291464
GDPerGameDiff + HomeShotsOnTargetAgainstLast5 + XGAgainstDiffLast5,3,0.5171052631578947,1.0024839016681097,0.19954311783314949
AwayShotsAgainstLast5 + XGForDiffPg + XGDDiffLast5,3,0.5297297297297298,1.00249089985946,0.1998020833033632
GoalDiffLast5 + HomePPG + XGDDiffLast5,3,0.5236842105263159,1.0024912023834587,0.19970772518440394
ShotOTDiffLast5 + AwayElo + HomeShotsAgainstLast5,3,0.5171052631578947,1.0024979008073036,0.1996634835871422
GDPerGameDiff + HomeGoalsLast5 + XGForDiffLast5,3,0.5138157894736842,1.0025010808936647,0.19975532353475625
AwayElo + HomePPG + AwayPPG,3,0.5217105263157895,1.0025088538558053,0.19988625387051603
ShotOTDiffLast5 + GDPerGameDiff + AwayGoalsAgainstLast5,3,0.5269736842105263,1.0025093933590674,0.19972286015748553
AwayElo + HomeGoalsLast5 + XGDDiffLast5,3,0.5164473684210527,1.002510511844021,0.19996407107802247
AwayElo + HomeGoalsPerGame + XGForDiffPg,3,0.5162162162162162,1.002513335486121,0.19987335492591968
PPGDiff + AwayElo + HomePPG,3,0.5230263157894737,1.0025165218760974,0.19988850605947395
GDPerGameDiff + AwayGoalsAgainstPerGame + XGForDiffPg,3,0.520945945945946,1.0025176808739198,0.19975158418687988
GoalDiffLast5 + HomePPG + XGAgainstDiffPg,3,0.5155405405405405,1.00252593663894,0.19941347239641116
ShotOTDiffLast5 + GDPerGameDiff + GoalsPerGameDiff,3,0.5217105263157894,1.0025287186446912,0.19963096038086187
GDPerGameDiff + AwayShotsAgainstLast5 + XGForDiffPg,3,0.5263513513513514,1.0025321940364316,0.19983497825647736
GoalsPerGameDiff + AwayPPG + XGDDiffLast5,3,0.5230263157894737,1.0025325610660631,0.19998162789320797
GDPerGameDiff + AwayGoalsAgainstLast5 + XGAgainstDiffPg,3,0.522972972972973,1.0025348597267894,0.19947294934822862
PPGDiff + HomeGoalsAgainstLast5 + HomeShotsAgainstLast5,3,0.5276315789473685,1.0025418786525067,0.19983904296109925
ShotOTDiffLast5 + GDPerGameDiff + GoalsAgainstPerGameDiff,3,0.5223684210526316,1.002550122012738,0.19963171094820223
GoalsPerGameDiff + HomePPG + XGForDiffPg,3,0.5148648648648648,1.002551529809586,0.1997594393799661
GoalsPerGameDiff + HomeElo + HomePPG,3,0.5111842105263158,1.0025590113893372,0.1998493025254193
ShotOTDiffLast5 + GoalsPerGameDiff + GoalsAgainstPerGameDiff,3,0.5217105263157894,1.0025638177717897,0.19963576949919232
GoalsAgainstPerGameDiff + HomeGDPerGame + XGDDiffLast5,3,0.5223684210526316,1.0025648091964545,0.19956384272967814
PPGDiff + HomeShotsOnTargetAgainstLast5,2,0.5328947368421053,1.0025664616592591,0.19985106073819414
ShotDiffLast5 + HomeElo + HomeGoalsAgainstLast5,3,0.5171052631578947,1.002567108389671,0.19921769261014322
AwayPPG + HomePointsLast5 + XGAgainstDiffPg,3,0.5209459459459459,1.0025711258355097,0.19978520606089323
PPGDiff + AwayElo + AwayPPG,3,0.5236842105263158,1.0025757775075317,0.19990206668074678
GDPerGameDiff + HomeGoalsPerGame + XGAgainstDiffLast5,3,0.5210526315789473,1.002576797718729,0.1995227318425456
AwayGDPerGame + HomeGoalsPerGame + XGDDiffLast5,3,0.5269736842105263,1.0025816067919164,0.1998600113125077
GoalAgainstDiffLast5 + GoalsPerGameDiff + XGForDiffPg,3,0.5236486486486487,1.0025900008359347,0.1998913827256617
GDPerGameDiff + AwayShotsOnTargetAgainstLast5 + XGAgainstDiffPg,3,0.525,1.0025941997564956,0.19952781888135462
GDPerGameDiff + AwayGoalsAgainstPerGame + XGForDiffLast5,3,0.5118421052631579,1.0025956665398716,0.19974731319174244
GoalsPerGameDiff + GoalDiffLast5 + HomeElo,3,0.5151315789473684,1.0025990881594955,0.19982910962543746
PPGDiff + GoalsPerGameDiff + HomeShotsOnTargetLast5,3,0.525,1.0026082744809137,0.19993520348723412
HomePPG + HomeShotsOnTargetAgainstLast5 + XGDDiffLast5,3,0.5230263157894737,1.0026083112739899,0.19975188816299247
AwayElo + HomeGDPerGame + AwayPointsLast5,3,0.5203947368421052,1.0026084500971604,0.19950777669385714
GoalsPerGameDiff + AwayGDPerGame + XGDDiffLast5,3,0.5223684210526316,1.0026130562252944,0.19997235603351432
HomeElo + HomeGoalsLast5 + AwayShotsAgainstLast5,3,0.5197368421052632,1.002620577644656,0.19958625720161635
GDPerGameDiff + XGAgainstDiffLast5,2,0.5210526315789474,1.0026209690551677,0.19958604444874703
HomeGDPerGame + AwayPointsLast5 + XGDDiffLast5,3,0.5269736842105263,1.0026298670300255,0.19969007994135268
PPGDiff + HomeGDPerGame + AwayShotsOnTargetLast5,3,0.5289473684210526,1.002636156430631,0.19979213313297448
PPGDiff + GoalsPerGameDiff + HomeShotsOnTargetAgainstLast5,3,0.5289473684210526,1.002639474398539,0.19991406579880636
GoalAgainstDiffLast5 + HomeElo + AwayShotsAgainstLast5,3,0.5217105263157895,1.0026402007414874,0.19947888485286258
GoalsPerGameDiff + XGAgainstDiffPg,2,0.525,1.0026407507101405,0.1997276521959759
GoalAgainstDiffLast5 + HomeGoalsPerGame + XGForDiffPg,3,0.5317567567567567,1.002644038308521,0.1998294557233068
GoalsPerGameDiff + HomeGoalsLast5 + XGDDiffLast5,3,0.5236842105263158,1.0026441014841097,0.19997097381920403
HomeGoalsLast5 + HomeGoalsAgainstLast5 + XGForDiffPg,3,0.522972972972973,1.0026484671157108,0.19980035284529185
HomeElo + AwayPointsLast5 + HomeShotsAgainstLast5,3,0.5217105263157895,1.0026509559433907,0.1994258809188383
AwayElo + HomeGoalsLast5 + XGAgainstDiffPg,3,0.5155405405405405,1.0026535372786682,0.1999563090039498
GoalsPerGameDiff + HomeElo + HomeShotsOnTargetLast5,3,0.5105263157894737,1.00265514607809,0.19973317581271613
GDPerGameDiff + AwayPointsLast5 + HomeShotsAgainstLast5,3,0.5125,1.002675184139548,0.19967700192524993
GDPerGameDiff + AwayGoalsLast5 + XGAgainstDiffLast5,3,0.5164473684210527,1.0026811846689874,0.19957237960856727
HomePPG + AwayGDPerGame + HomeShotsAgainstLast5,3,0.5171052631578947,1.0026901274156976,0.19975533492069555
HomeGoalsAgainstLast5 + AwayShotsAgainstLast5 + XGForDiffPg,3,0.5270270270270271,1.0026906550950554,0.1997079278019381
GDPerGameDiff + HomeShotsAgainstLast5,2,0.5125000000000001,1.0026908805733836,0.19965871707958852
PPGDiff + HomeGDPerGame + HomeShotsOnTargetAgainstLast5,3,0.5302631578947369,1.0026913534807411,0.19981295925270645
HomePPG + AwayGoalsAgainstLast5 + XGForDiffPg,3,0.5277027027027027,1.0027022997283925,0.1997778511692959
GoalDiffLast5 + HomePPG + XGForDiffPg,3,0.5162162162162163,1.0027168877775712,0.19979958653413274
HomeElo + HomePPG + AwayShotsOnTargetAgainstLast5,3,0.5144736842105263,1.0027192946046248,0.1995674757121328
GoalsPerGameDiff + AwayElo + HomePointsLast5,3,0.5263157894736842,1.0027216652912565,0.20013103926084344
GDPerGameDiff + AwayGoalsAgainstLast5 + XGAgainstDiffLast5,3,0.519078947368421,1.002759417847923,0.19961197070414946
GoalsPerGameDiff + AwayPointsLast5 + XGAgainstDiffPg,3,0.5243243243243243,1.002788012239564,0.1997165687230744
PPGDiff + HomeGoalsPerGame + HomeShotsOnTargetAgainstLast5,3,0.5282894736842105,1.002794074786557,0.1998536570033254
GoalAgainstDiffLast5 + GoalsPerGameDiff + XGDDiffLast5,3,0.5282894736842105,1.002794485876957,0.19994467211424705
GDPerGameDiff + HomeGoalsPerGame + XGForDiffLast5,3,0.5078947368421053,1.0027961556406828,0.19977348316246055
HomeElo + AwayShotsOnTargetAgainstLast5,2,0.5177631578947368,1.0028182934558356,0.1995829064695247
PPGDiff + AwayPointsLast5 + HomeShotsOnTargetAgainstLast5,3,0.5328947368421053,1.002818856632597,0.19990730451751712
AwayElo + HomeShotsAgainstLast5 + XGAgainstDiffPg,3,0.5121621621621621,1.0028242521191981,0.19976573633277642
HomeElo + HomeGoalsPerGame + AwayShotsOnTargetAgainstLast5,3,0.5144736842105263,1.0028245416535824,0.1996062840573199
GDPerGameDiff + PPGDiff + HomePointsLast5,3,0.5138157894736842,1.0028267578373884,0.19982830770841128
GoalDiffLast5 + HomeGDPerGame + XGDDiffLast5,3,0.5217105263157895,1.0028291564070022,0.19973680332804938
HomePPG + AwayGoalsLast5 + XGAgainstDiffPg,3,0.5243243243243243,1.0028303331972181,0.19931933097220247
PPGDiff + AwayGoalsLast5 + HomeShotsOnTargetAgainstLast5,3,0.5328947368421052,1.002840163200816,0.1999016775891062
GDPerGameDiff + GoalsPerGameDiff + XGForDiffPg,3,0.520945945945946,1.0028458062286703,0.19969264595624248
HomePPG + AwayGoalsLast5 + XGForDiffPg,3,0.5162162162162162,1.0028503102896484,0.19974577760007817
GoalsPerGameDiff + XGForDiffLast5 + XGDDiffLast5,3,0.5263157894736842,1.0028508535608565,0.19998446050121588
GoalsPerGameDiff + XGForDiffLast5 + XGAgainstDiffLast5,3,0.525,1.002851260574555,0.19998402551638236
HomePPG + AwayShotsAgainstLast5 + XGDDiffLast5,3,0.5236842105263158,1.0028514597349718,0.1998107813684328
GDPerGameDiff + GoalsAgainstPerGameDiff + XGForDiffPg,3,0.520945945945946,1.002852994070075,0.19969120313308517
PPGDiff + HomePPG + HomeShotsOnTargetLast5,3,0.5296052631578947,1.0028589218573105,0.19991994126838647
GoalsPerGameDiff + XGAgainstDiffLast5 + XGDDiffLast5,3,0.5256578947368421,1.0028590830694388,0.19998587186470396
GoalsPerGameDiff + GoalsAgainstPerGameDiff + XGForDiffPg,3,0.520945945945946,1.0028644737538153,0.19969447939269577
PPGDiff + AwayPPG + HomeShotsOnTargetLast5,3,0.5302631578947368,1.0028698734637176,0.19992652398054336
HomePPG + AwayPPG + HomeShotsOnTargetLast5,3,0.5302631578947368,1.0028822309871277,0.19992643280131606
AwayElo + HomePPG + HomePointsLast5,3,0.5236842105263158,1.0028836378599828,0.1999768279012936
GDPerGameDiff + AwayGoalsAgainstLast5 + XGForDiffPg,3,0.5236486486486486,1.002888403610003,0.19985198541565663
GoalsPerGameDiff + AwayShotsOnTargetLast5 + XGAgainstDiffPg,3,0.5236486486486487,1.0028885303831259,0.19980836392325732
ShotDiffLast5 + HomeShotsOnTargetLast5 + XGAgainstDiffPg,3,0.5202702702702703,1.0028919107518046,0.19949160847248745
ShotOTDiffLast5 + HomePPG + AwayGDPerGame,3,0.5289473684210526,1.0029120177830124,0.19990545494007828
HomeGDPerGame + XGDDiffLast5,2,0.5217105263157895,1.002921987859929,0.1997676229703402
HomeElo + HomeGDPerGame + AwayShotsOnTargetAgainstLast5,3,0.5138157894736842,1.002931928936936,0.19958478820169842
PPGDiff + AwayGoalsAgainstLast5 + HomeShotsOnTargetLast5,3,0.5296052631578947,1.0029419711689156,0.19998669657156626
GDPerGameDiff + AwayGoalsAgainstPerGame + XGAgainstDiffLast5,3,0.5210526315789473,1.002942424972081,0.19966552726291206
HomePPG + HomeShotsAgainstLast5 + XGDDiffLast5,3,0.5236842105263158,1.0029441695583416,0.19982377082533628
GDPerGameDiff + AwayGoalsLast5 + HomeShotsAgainstLast5,3,0.5125000000000001,1.0029465772034731,0.19970638097852053
HomeElo + HomePointsLast5 + AwayShotsAgainstLast5,3,0.5157894736842105,1.0029571695329964,0.19958307629081215
HomePointsLast5 + HomeShotsOnTargetLast5 + XGAgainstDiffPg,3,0.5094594594594595,1.0029582811702575,0.19964937610764025
GoalsPerGameDiff + AwayElo + HomeShotsAgainstLast5,3,0.5276315789473683,1.0029603509336453,0.2000682914518533
HomePPG + XGForDiffLast5 + XGDDiffLast5,3,0.5256578947368421,1.0029658310932876,0.1998117725235215
HomeShotsOnTargetAgainstLast5 + XGAgainstDiffPg + XGForDiffLast5,3,0.529054054054054,1.0029757013013132,0.19962049946499344
HomePPG + XGForDiffLast5 + XGAgainstDiffLast5,3,0.5256578947368421,1.0029857738777872,0.1998146004558078
GDPerGameDiff + AwayPPG + HomeShotsAgainstLast5,3,0.5131578947368421,1.002991248888156,0.19972407260918398
PPGDiff + HomeGoalsAgainstLast5 + AwayShotsOnTargetAgainstLast5,3,0.5282894736842105,1.0029959229429617,0.19990372203751933
HomePPG + XGAgainstDiffLast5 + XGDDiffLast5,3,0.5256578947368421,1.0030014119677233,0.1998180621478216
HomeElo + AwayPointsLast5 + HomeShotsOnTargetLast5,3,0.5217105263157895,1.0030447785312449,0.1995675638476113
GDPerGameDiff + AwayGoalsAgainstLast5 + XGForDiffLast5,3,0.5138157894736842,1.003051485244522,0.1998598755037212
AwayGDPerGame + HomeGoalsAgainstLast5 + XGForDiffPg,3,0.5209459459459459,1.0030627539537096,0.19986886282139282
ShotDiffLast5 + GoalDiffLast5 + XGAgainstDiffPg,3,0.522972972972973,1.0030798987048553,0.19973974518971457
AwayElo + HomePointsLast5 + HomeShotsOnTargetLast5,3,0.5203947368421052,1.003098749593351,0.20005466164741365
HomePPG + HomeShotsOnTargetLast5 + XGDDiffLast5,3,0.5236842105263158,1.0031010803140252,0.19986818847105142
ShotDiffLast5 + HomeGDPerGame + XGForDiffPg,3,0.5243243243243243,1.0031036584810735,0.19977027473212494
ShotOTDiffLast5 + HomeElo + HomeGoalsLast5,3,0.519078947368421,1.0031112803675188,0.19963169642201872
PPGDiff + HomePPG + HomeShotsOnTargetAgainstLast5,3,0.5289473684210526,1.0031126304251505,0.1999448032885149
GoalsAgainstPerGameDiff + HomeGoalsAgainstLast5 + XGForDiffPg,3,0.5222972972972973,1.0031149344269679,0.19969731869947824
GDPerGameDiff + AwayPPG + XGAgainstDiffLast5,3,0.5197368421052632,1.0031152238593524,0.19964982992335795
PPGDiff + HomeGoalsLast5 + AwayShotsOnTargetAgainstLast5,3,0.5223684210526316,1.0031231559578053,0.20010056551514732
PPGDiff + AwayPPG + HomeShotsOnTargetAgainstLast5,3,0.5289473684210526,1.0031308187576735,0.19995107738611226
GoalDiffLast5 + HomeGoalsAgainstLast5 + XGForDiffPg,3,0.5243243243243243,1.0031327963309287,0.19989727380441177
HomePPG + AwayPPG + HomeShotsOnTargetAgainstLast5,3,0.5289473684210526,1.003134245371252,0.19994937702471446
GoalsAgainstPerGameDiff + HomePointsLast5 + XGDDiffLast5,3,0.5184210526315789,1.003141272783624,0.19979382526484998
PPGDiff + HomeGoalsLast5 + AwayShotsOnTargetLast5,3,0.5289473684210526,1.0031413259171047,0.2001784587928939
ShotOTDiffLast5 + GoalsPerGameDiff + XGAgainstDiffLast5,3,0.5263157894736842,1.0031429779317174,0.19998737259046898
GoalAgainstDiffLast5 + AwayElo + XGForDiffPg,3,0.5249999999999999,1.0031439702022962,0.19998814325615183
AwayPPG + HomeGDPerGame + XGForDiffLast5,3,0.5157894736842105,1.0031634678654169,0.1999802694116789
ShotOTDiffLast5 + AwayPPG + HomeGDPerGame,3,0.530921052631579,1.0031648664414696,0.1999114017919277
GoalAgainstDiffLast5 + GoalsPerGameDiff + XGAgainstDiffPg,3,0.5168918918918918,1.0031726214685093,0.19990616330698666
HomeGDPerGame + AwayShotsAgainstLast5 + XGDDiffLast5,3,0.5302631578947369,1.003177578365718,0.19976056075168444
HomePPG + AwayShotsOnTargetAgainstLast5 + XGDDiffLast5,3,0.5289473684210526,1.0031840447558311,0.19979417250243595
AwayElo + XGAgainstDiffPg + XGForDiffLast5,3,0.5216216216216216,1.0031901202900857,0.19986344070394885
AwayElo + HomeGDPerGame + HomeGoalsPerGame,3,0.5125,1.0031972054788323,0.19957857522519973
GoalsPerGameDiff + AwayElo + HomePPG,3,0.5190789473684211,1.0031975918069158,0.20008918806142115
GoalsPerGameDiff + AwayGDPerGame + XGAgainstDiffPg,3,0.522972972972973,1.0031980151355908,0.1998421183732269
GoalsPerGameDiff + AwayPPG + XGAgainstDiffPg,3,0.522972972972973,1.0032000775936332,0.19983580020049474
HomeGDPerGame + AwayGDPerGame + HomeShotsAgainstLast5,3,0.5138157894736841,1.003201788617842,0.19979583370048853
HomeGDPerGame + AwayGoalsAgainstPerGame + XGForDiffPg,3,0.5236486486486486,1.0032020518864213,0.19979887889223064
GoalsAgainstPerGameDiff + AwayElo + XGDDiffLast5,3,0.5197368421052632,1.003207884479966,0.19994680448506144
GDPerGameDiff + HomeGDPerGame + HomeShotsAgainstLast5,3,0.5138157894736841,1.0032216443872648,0.19979829643516858
GoalAgainstDiffLast5 + GoalDiffLast5 + XGForDiffPg,3,0.527027027027027,1.0032216618692291,0.1999909277042285
AwayElo + HomeGDPerGame + HomeGoalsAgainstLast5,3,0.5171052631578947,1.0032264896892422,0.19960664935003058
AwayPPG + HomeGoalsPerGame + XGAgainstDiffPg,3,0.525,1.0032272849704373,0.1997991636948012
HomeElo + AwayGoalsAgainstPerGame + HomeShotsOnTargetAgainstLast5,3,0.5210526315789474,1.0032392060729127,0.19955667222539686
GDPerGameDiff + AwayGDPerGame + HomeShotsAgainstLast5,3,0.5138157894736841,1.003240774838209,0.19980424279828374
GoalAgainstDiffLast5 + HomeElo + AwayShotsOnTargetLast5,3,0.5210526315789474,1.0032423301280775,0.19944617251925154
GDPerGameDiff + GoalDiffLast5 + HomeShotsOnTargetLast5,3,0.5177631578947368,1.0032446022243349,0.1997994608155702
GDPerGameDiff + GoalsPerGameDiff + XGForDiffLast5,3,0.5098684210526315,1.0032469136551212,0.19981959448924294
GoalsPerGameDiff + ShotDiffLast5 + HomePointsLast5,3,0.5263157894736842,1.0032563043150433,0.19993401018398946
HomeGoalsLast5 + XGAgainstDiffPg + XGForDiffLast5,3,0.5121621621621621,1.0032570776205647,0.1998328003424996
AwayPPG + HomePointsLast5 + XGDDiffLast5,3,0.5157894736842105,1.0032585691670968,0.20004740988168082
PPGDiff + HomeGoalsLast5 + AwayShotsAgainstLast5,3,0.5282894736842105,1.003259367237903,0.20019026319282188
ShotOTDiffLast5 + HomeShotsAgainstLast5 + XGAgainstDiffPg,3,0.5216216216216216,1.0032632928630816,0.19967641463332295
GDPerGameDiff + GoalsPerGameDiff + XGAgainstDiffLast5,3,0.5243421052631578,1.0032794787648698,0.19978419890332483
HomeGDPerGame + HomePointsLast5 + XGDDiffLast5,3,0.5197368421052632,1.0032804040702115,0.19981770737278343
GoalsPerGameDiff + GoalsAgainstPerGameDiff + XGForDiffLast5,3,0.5098684210526315,1.003287415904151,0.19982527179607396
GoalsPerGameDiff + GoalsAgainstPerGameDiff + XGAgainstDiffLast5,3,0.5243421052631578,1.0033024607451164,0.19978999070915668
GDPerGameDiff + GoalsAgainstPerGameDiff + XGForDiffLast5,3,0.5098684210526315,1.0033085663583794,0.19982611449508875
GoalAgainstDiffLast5 + GDPerGameDiff + XGAgainstDiffPg,3,0.5243243243243243,1.003309532349505,0.1996174354044199
ShotOTDiffLast5 + GoalsAgainstPerGameDiff + XGDDiffLast5,3,0.5203947368421052,1.0033109624663867,0.19987306448982972
GDPerGameDiff + GoalsAgainstPerGameDiff + XGAgainstDiffLast5,3,0.5243421052631578,1.0033128300422653,0.19978903273487136
ShotOTDiffLast5 + XGAgainstDiffPg + XGDDiffLast5,3,0.5222972972972972,1.0033252911509338,0.1998507333261937
GoalsAgainstPerGameDiff + HomeGoalsPerGame + XGForDiffPg,3,0.5249999999999999,1.0033337935941182,0.19972704516308998
GoalsPerGameDiff + AwayShotsOnTargetAgainstLast5 + XGAgainstDiffPg,3,0.5256756756756756,1.0033471819330877,0.1999288322718448
GoalAgainstDiffLast5 + AwayPointsLast5 + XGForDiffPg,3,0.525,1.0033716325036655,0.1999615610439498
HomeGoalsLast5 + XGAgainstDiffPg + XGDDiffLast5,3,0.5222972972972972,1.0033723186715395,0.19990937230147163
HomeElo + HomeShotsOnTargetLast5 + XGAgainstDiffLast5,3,0.5164473684210527,1.0033814001574932,0.19951182848453244
HomeGDPerGame + HomeShotsOnTargetLast5 + XGForDiffPg,3,0.5195945945945947,1.0033873402139937,0.19980328979299372
AwayGoalsAgainstPerGame + HomeGoalsAgainstLast5 + XGForDiffPg,3,0.518918918918919,1.0033909490615056,0.19988703144777467
GoalsAgainstPerGameDiff + HomeGDPerGame + XGForDiffPg,3,0.5236486486486486,1.0033969350326386,0.1997395668836429
AwayGDPerGame + HomeGoalsPerGame + XGAgainstDiffPg,3,0.5236486486486487,1.0034092868404794,0.19977367479485744
AwayShotsAgainstLast5 + HomeShotsOnTargetLast5 + XGForDiffPg,3,0.527027027027027,1.0034114237399743,0.19997276178287124
HomeElo + HomeGoalsAgainstLast5 + AwayShotsAgainstLast5,3,0.5098684210526315,1.0034120451440889,0.1996419409559973
ShotOTDiffLast5 + HomeElo + HomePointsLast5,3,0.519736842105263,1.003418201342675,0.19967357575734143
GoalAgainstDiffLast5 + GoalsAgainstPerGameDiff + XGForDiffPg,3,0.5256756756756756,1.0034400985892808,0.19991853095582166
HomeGDPerGame + HomeShotsOnTargetAgainstLast5 + XGDDiffLast5,3,0.5217105263157895,1.0034420174906908,0.1998919396520761
HomeGDPerGame + XGForDiffLast5 + XGDDiffLast5,3,0.5243421052631579,1.0034447211968447,0.19986681033712175
GoalsPerGameDiff + AwayShotsOnTargetAgainstLast5 + XGDDiffLast5,3,0.5276315789473683,1.0034464290770002,0.20008762181278944
GoalAgainstDiffLast5 + AwayElo + HomeGDPerGame,3,0.5236842105263158,1.0034565492028729,0.19973837421117188
AwayElo + HomeShotsOnTargetAgainstLast5 + XGDDiffLast5,3,0.5151315789473684,1.0034573477438586,0.20012426623862759
PPGDiff + HomeGoalsPerGame + HomeShotsOnTargetLast5,3,0.5263157894736842,1.0034640445274392,0.20002453882208393
HomeGDPerGame + AwayShotsOnTargetAgainstLast5 + XGDDiffLast5,3,0.5243421052631578,1.003465657359976,0.19974392333943147
HomePPG + HomeGoalsLast5 + XGForDiffPg,3,0.520945945945946,1.003466373980496,0.19995670885121763
HomeGDPerGame + XGForDiffLast5 + XGAgainstDiffLast5,3,0.5236842105263158,1.0034701274751612,0.19987087375510976
GoalAgainstDiffLast5 + AwayPPG + XGForDiffPg,3,0.5256756756756756,1.0034753990500704,0.20007838705417383
HomeGoalsAgainstLast5 + XGForDiffPg,2,0.525,1.003475434078546,0.1999088345134871
GoalsPerGameDiff + AwayShotsAgainstLast5 + XGDDiffLast5,3,0.5230263157894737,1.0034790150372608,0.20016460072596418
GoalsPerGameDiff + GoalDiffLast5 + XGAgainstDiffPg,3,0.5216216216216216,1.00348184916099,0.19990658630835073
HomeGoalsAgainstLast5 + XGForDiffPg + XGForDiffLast5,3,0.5216216216216216,1.0034831778210949,0.19989199454806247
PPGDiff + AwayGoalsAgainstPerGame + HomeShotsOnTargetAgainstLast5,3,0.5230263157894737,1.003492690379281,0.19995941683971272
GoalsAgainstPerGameDiff + ShotDiffLast5 + XGDDiffLast5,3,0.5210526315789473,1.0034934075698518,0.19982277703372572
PPGDiff + AwayGDPerGame + HomeShotsOnTargetAgainstLast5,3,0.5177631578947369,1.003494287946316,0.20006352337458824
HomeGDPerGame + XGAgainstDiffLast5 + XGDDiffLast5,3,0.5236842105263158,1.003495833335423,0.19987685001161104
ShotDiffLast5 + HomeGoalsAgainstLast5 + XGForDiffPg,3,0.5256756756756756,1.003501411600369,0.19986458097122398
GDPerGameDiff + HomeShotsOnTargetLast5,2,0.5203947368421054,1.003508332512731,0.19986505770872737
GoalAgainstDiffLast5 + ShotDiffLast5 + XGForDiffPg,3,0.5277027027027027,1.0035124699894173,0.19995100308519864
ShotOTDiffLast5 + HomeElo + HomeGoalsAgainstLast5,3,0.5138157894736842,1.003523528375933,0.19971930350548717
AwayPointsLast5 + HomeGoalsAgainstLast5 + XGForDiffPg,3,0.5256756756756756,1.0035242755438716,0.19992737907593638
GDPerGameDiff + AwayElo + HomeGoalsLast5,3,0.5164473684210525,1.0035251521546802,0.20005831994073633
ShotOTDiffLast5 + AwayElo + XGAgainstDiffPg,3,0.5108108108108108,1.0035314720013035,0.19992070834406622
ShotDiffLast5 + AwayElo + HomeShotsAgainstLast5,3,0.5177631578947369,1.0035317770171697,0.19990640251448347
GoalsPerGameDiff + AwayGoalsAgainstLast5 + XGDDiffLast5,3,0.525,1.0035347737375502,0.2001446922605349
GDPerGameDiff + HomeGoalsPerGame + HomeShotsAgainstLast5,3,0.5164473684210527,1.0035434746195935,0.19981393480500242
HomeElo + HomeShotsAgainstLast5 + AwayShotsOnTargetLast5,3,0.5171052631578947,1.0035491824820233,0.1994611039950354
PPGDiff + AwayElo + HomeGoalsAgainstLast5,3,0.5256578947368421,1.0035513825237867,0.2001427034593402
AwayPPG + HomeGoalsLast5 + XGForDiffPg,3,0.5128378378378379,1.0035514206409648,0.20028223080719276
GDPerGameDiff + AwayPointsLast5 + HomeShotsOnTargetLast5,3,0.5210526315789474,1.003551883169886,0.19990721130355568
GoalsPerGameDiff + ShotDiffLast5 + HomeShotsAgainstLast5,3,0.5289473684210526,1.003566090664023,0.20003860456852401
HomeGDPerGame + AwayPointsLast5 + XGForDiffPg,3,0.5141891891891892,1.0035696159660028,0.19996007419577674
ShotOTDiffLast5 + HomeGoalsLast5 + XGAgainstDiffPg,3,0.5128378378378379,1.003583110297002,0.19984503772810755
AwayGDPerGame + HomeShotsOnTargetLast5 + XGForDiffPg,3,0.518918918918919,1.0035902857156966,0.19997281028288919
GoalsAgainstPerGameDiff + HomeShotsOnTargetLast5 + XGDDiffLast5,3,0.5157894736842106,1.003590352894297,0.19988980890474786
HomeGoalsLast5 + AwayShotsOnTargetAgainstLast5 + XGForDiffPg,3,0.5175675675675676,1.0035913421794225,0.20023101926739797
AwayElo + HomeGDPerGame + AwayGoalsAgainstPerGame,3,0.5236842105263158,1.0035986155416665,0.1997164442330652
HomePPG + AwayPointsLast5 + XGAgainstDiffPg,3,0.522972972972973,1.0036033221739193,0.1995908211564607
HomeGoalsAgainstLast5 + AwayShotsOnTargetLast5 + XGForDiffPg,3,0.5236486486486487,1.0036070083483417,0.19996531114770594
ShotOTDiffLast5 + AwayElo + XGForDiffPg,3,0.525,1.0036116032313243,0.20000678121253618
HomeGDPerGame + HomeGoalsAgainstLast5 + XGForDiffPg,3,0.527027027027027,1.0036126065256163,0.19987529654637373
GDPerGameDiff + AwayGoalsAgainstLast5 + HomeShotsAgainstLast5,3,0.5171052631578947,1.0036170234997963,0.19983881026462583
ShotDiffLast5 + HomeGDPerGame + XGAgainstDiffLast5,3,0.5210526315789474,1.0036174791207677,0.1996642777337121
HomeElo + AwayGoalsAgainstPerGame + HomeShotsOnTargetLast5,3,0.5197368421052632,1.0036273254109715,0.19971313306190722
GoalAgainstDiffLast5 + XGForDiffPg,2,0.5270270270270271,1.0036277221233312,0.20006261123550031
GoalsAgainstPerGameDiff + GoalDiffLast5 + XGForDiffPg,3,0.518918918918919,1.0036432654219145,0.199898989700382
GoalAgainstDiffLast5 + XGForDiffPg + XGForDiffLast5,3,0.5236486486486487,1.0036439118120215,0.20005554933335726
HomeGDPerGame + AwayShotsOnTargetLast5 + XGForDiffPg,3,0.5141891891891892,1.003650397678873,0.19998064454107162
AwayGoalsLast5 + XGAgainstDiffPg + XGForDiffLast5,3,0.5128378378378378,1.0036550940090636,0.19975470504832626
AwayElo + HomePointsLast5 + HomeShotsOnTargetAgainstLast5,3,0.5230263157894737,1.0036564325570991,0.20019461947224365
GDPerGameDiff + AwayGoalsAgainstPerGame + HomeShotsAgainstLast5,3,0.5125,1.0036565437563967,0.199820451495067
HomeGDPerGame + HomeShotsOnTargetLast5 + XGDDiffLast5,3,0.5236842105263158,1.0036594449113514,0.1999393376203405
HomeGDPerGame + XGForDiffPg + XGForDiffLast5,3,0.5182432432432432,1.003662912662924,0.19993670704510652
AwayGDPerGame + HomeShotsOnTargetLast5 + XGAgainstDiffPg,3,0.5162162162162163,1.003667527488847,0.19991170873823552
HomeGDPerGame + XGForDiffPg,2,0.5175675675675675,1.0036875437261896,0.19998634804275764
GoalDiffLast5 + HomeElo + AwayPointsLast5,3,0.5243421052631579,1.0037033000896372,0.19988873495950485
XGAgainstDiffPg + XGForDiffLast5 + XGAgainstDiffLast5,3,0.5202702702702702,1.0037099921497732,0.19991815535011176
XGAgainstDiffPg + XGAgainstDiffLast5 + XGDDiffLast5,3,0.5202702702702702,1.0037116926011167,0.19991939079599153
AwayPPG + HomeShotsOnTargetLast5 + XGAgainstDiffPg,3,0.5175675675675675,1.003712032804429,0.19993122791355294
GDPerGameDiff + AwayShotsAgainstLast5 + XGAgainstDiffPg,3,0.5182432432432432,1.0037132763182064,0.19986458918778416
PPGDiff + GoalsAgainstPerGameDiff + HomeShotsOnTargetAgainstLast5,3,0.5269736842105264,1.0037281756125331,0.19992485744754915
GoalDiffLast5 + HomeElo + AwayShotsOnTargetLast5,3,0.519078947368421,1.0037351498965275,0.19973721291851187
XGAgainstDiffPg + XGForDiffLast5 + XGDDiffLast5,3,0.5202702702702702,1.003741448191863,0.1999261379158966
PPGDiff + HomeGoalsAgainstLast5 + AwayShotsAgainstLast5,3,0.5236842105263158,1.0037644383308328,0.20013098538651589
HomePPG + AwayGDPerGame + XGAgainstDiffLast5,3,0.525,1.0037847405345295,0.19986842770485258
GoalAgainstDiffLast5 + GDPerGameDiff + XGAgainstDiffLast5,3,0.5184210526315789,1.0037892578038352,0.19978506971960597
ShotDiffLast5 + AwayGDPerGame + HomePointsLast5,3,0.5164473684210527,1.0037994016025586,0.19995807018188042
AwayElo + XGAgainstDiffPg + XGDDiffLast5,3,0.5202702702702702,1.00380008638448,0.20010415951723828
ShotDiffLast5 + AwayElo + XGAgainstDiffPg,3,0.5202702702702703,1.0038043552128406,0.19989970325483342
GDPerGameDiff + HomeShotsAgainstLast5 + HomeShotsOnTargetAgainstLast5,3,0.5125,1.0038123570094797,0.19987919001495671
HomeElo + AwayPointsLast5 + HomeShotsOnTargetAgainstLast5,3,0.5217105263157894,1.0038163966511329,0.19970491284573894
PPGDiff + AwayGoalsAgainstLast5 + HomeShotsOnTargetAgainstLast5,3,0.5197368421052632,1.0038166741404242,0.20012596431191362
HomeElo + HomeGoalsLast5 + AwayShotsOnTargetAgainstLast5,3,0.5164473684210527,1.0038285778360796,0.1998240057681975
GDPerGameDiff + HomeGoalsLast5 + HomeShotsOnTargetLast5,3,0.5190789473684211,1.0038360243876014,0.19988094223388284
GoalsPerGameDiff + HomeElo + HomePointsLast5,3,0.5092105263157894,1.0038369330190662,0.2000554694204004
GDPerGameDiff + AwayShotsOnTargetLast5 + HomeShotsOnTargetAgainstLast5,3,0.5171052631578947,1.0038377387909674,0.19988059631636867
HomeGoalsAgainstLast5 + XGAgainstDiffPg + XGForDiffLast5,3,0.520945945945946,1.0038378582799656,0.19982101741949293
HomePPG + HomeGoalsPerGame + XGForDiffPg,3,0.5155405405405405,1.0038437081159874,0.19992470012287383
HomeGoalsPerGame + HomeGoalsAgainstLast5 + XGForDiffPg,3,0.5270270270270271,1.0038445375049387,0.19997847748698833
AwayElo + AwayGoalsLast5 + XGDDiffLast5,3,0.5144736842105263,1.003844756735757,0.2001539623478665
PPGDiff + AwayElo + HomeGoalsPerGame,3,0.5263157894736842,1.003844974613864,0.20021292710703162
GoalAgainstDiffLast5 + AwayGDPerGame + XGForDiffPg,3,0.527027027027027,1.003848220210494,0.2001277506421305
GoalsPerGameDiff + HomeGDPerGame + XGForDiffPg,3,0.5141891891891892,1.0038510689422142,0.20008623698403447
GDPerGameDiff + AwayGoalsLast5 + HomeShotsOnTargetLast5,3,0.5210526315789474,1.003851166732625,0.19994000217566443
ShotDiffLast5 + HomePPG + XGAgainstDiffLast5,3,0.5190789473684211,1.003852746420455,0.19986841640347597
GoalsAgainstPerGameDiff + ShotDiffLast5 + XGForDiffPg,3,0.5256756756756757,1.0038669630621362,0.19981745711648338
GoalsPerGameDiff + HomeElo + HomeGoalsAgainstLast5,3,0.5092105263157894,1.0038719875127766,0.2000687288748713
GDPerGameDiff + GoalsPerGameDiff + HomeShotsAgainstLast5,3,0.5125000000000001,1.003872097821246,0.19990553976066633
GDPerGameDiff + HomePointsLast5 + AwayGoalsLast5,3,0.518421052631579,1.0038900742147896,0.19998537836111097
ShotDiffLast5 + XGAgainstDiffPg + XGDDiffLast5,3,0.5236486486486487,1.0038912636115227,0.19988705332255416
ShotOTDiffLast5 + AwayShotsOnTargetAgainstLast5 + XGForDiffPg,3,0.5263513513513514,1.003901123559494,0.2000829039762689
GoalsAgainstPerGameDiff + AwayShotsOnTargetAgainstLast5 + XGForDiffPg,3,0.5222972972972973,1.0039039013629683,0.1999280010794731
GoalAgainstDiffLast5 + AwayShotsOnTargetLast5 + XGForDiffPg,3,0.5277027027027026,1.003905749320983,0.20013064160080266
HomeElo + HomePointsLast5 + AwayShotsOnTargetAgainstLast5,3,0.5151315789473685,1.0039101793876046,0.19977784773887433
GoalsPerGameDiff + GoalsAgainstPerGameDiff + HomeShotsAgainstLast5,3,0.5125000000000001,1.0039141638551854,0.19991173582786487
HomePPG + HomePointsLast5 + XGDDiffLast5,3,0.5217105263157895,1.003915126946467,0.19999464975342143
GDPerGameDiff + GoalsAgainstPerGameDiff + HomeShotsAgainstLast5,3,0.5131578947368421,1.003920148899084,0.19991011063172506
GDPerGameDiff + HomeGoalsAgainstLast5 + HomeShotsOnTargetLast5,3,0.513157894736842,1.0039213188957068,0.19990154549213365
GoalDiffLast5 + HomeGDPerGame + XGForDiffPg,3,0.5162162162162163,1.00392661640766,0.20010269670008207
GoalsPerGameDiff + HomeElo + HomeGoalsLast5,3,0.5131578947368421,1.0039366584917833,0.20006686676264535
ShotOTDiffLast5 + XGAgainstDiffPg + XGForDiffLast5,3,0.5216216216216216,1.0039404640155156,0.19988862285531434
GoalsPerGameDiff + HomeShotsOnTargetLast5 + XGForDiffPg,3,0.5182432432432432,1.0039474449008559,0.20009134811867216
GDPerGameDiff + AwayShotsOnTargetAgainstLast5 + XGAgainstDiffLast5,3,0.5230263157894738,1.0039625566678194,0.1998515746530967
PPGDiff + HomeGoalsAgainstLast5 + HomeShotsOnTargetAgainstLast5,3,0.5335526315789474,1.0039712227441784,0.2001218496639972
GDPerGameDiff + AwayShotsAgainstLast5 + XGAgainstDiffLast5,3,0.5230263157894737,1.003980061019904,0.19994055256797982
GoalsAgainstPerGameDiff + AwayElo + XGForDiffPg,3,0.522972972972973,1.003980736592526,0.19995550037534096
GDPerGameDiff + HomePointsLast5,2,0.5171052631578947,1.003988128571788,0.2000082319735973
GDPerGameDiff + HomeGoalsAgainstLast5 + XGAgainstDiffLast5,3,0.5230263157894737,1.0039886920039518,0.19985506436117503
GDPerGameDiff + HomeGoalsLast5 + HomeShotsOnTargetAgainstLast5,3,0.5223684210526316,1.0039897951485024,0.19990472580226673
HomeElo + AwayGoalsAgainstLast5 + XGAgainstDiffLast5,3,0.5203947368421052,1.0039904318319248,0.19963669188436103
GoalAgainstDiffLast5 + GDPerGameDiff + HomeShotsOnTargetLast5,3,0.5171052631578948,1.0039977886942157,0.19992608805813805
HomeElo + AwayGoalsAgainstLast5 + AwayShotsOnTargetAgainstLast5,3,0.5118421052631579,1.003999234271753,0.19984335602347733
GDPerGameDiff + HomePointsLast5 + AwayPointsLast5,3,0.5157894736842106,1.0040085227049924,0.20004964416541365
HomeElo + XGAgainstDiffLast5,2,0.5230263157894737,1.0040100858957952,0.19968426862309785
HomePPG + AwayGoalsAgainstLast5 + XGDDiffLast5,3,0.5256578947368421,1.0040109347434876,0.2000594101399994
HomeGoalsAgainstLast5 + AwayGoalsAgainstLast5 + XGForDiffPg,3,0.5256756756756757,1.004016779939894,0.20010767065736038
HomeElo + HomePPG + XGAgainstDiffLast5,3,0.5210526315789473,1.0040203362692495,0.19970398490086655
AwayGoalsAgainstPerGame + HomeShotsOnTargetLast5 + XGForDiffPg,3,0.522972972972973,1.0040215103195693,0.20005606758259728
GoalAgainstDiffLast5 + AwayGoalsLast5 + XGForDiffPg,3,0.5236486486486487,1.0040218091882804,0.20009661142042573
HomePPG + AwayShotsOnTargetAgainstLast5 + XGAgainstDiffPg,3,0.5148648648648649,1.0040370505210436,0.19970186163211628
GoalAgainstDiffLast5 + HomeGoalsAgainstLast5 + XGForDiffPg,3,0.5256756756756757,1.004037106931413,0.20011175906963297
GDPerGameDiff + GoalDiffLast5 + HomeShotsOnTargetAgainstLast5,3,0.5197368421052632,1.0040406727516873,0.19990974662784497
GoalAgainstDiffLast5 + AwayGoalsAgainstLast5 + XGForDiffPg,3,0.5256756756756757,1.004045604023157,0.200114500769056
HomeElo + AwayGoalsLast5 + AwayShotsOnTargetLast5,3,0.5177631578947368,1.004052719954368,0.19966529584433648
AwayPPG + HomeGoalsPerGame + XGForDiffPg,3,0.5101351351351351,1.0040573630269094,0.2003167222470624
AwayPointsLast5 + XGAgainstDiffPg + XGForDiffLast5,3,0.5135135135135136,1.0040757977361667,0.1998804598560722
GoalsAgainstPerGameDiff + GoalDiffLast5 + XGDDiffLast5,3,0.5210526315789474,1.004078715657576,0.20005500645743604
GDPerGameDiff + HomePPG + HomeShotsOnTargetAgainstLast5,3,0.5197368421052632,1.004095455702124,0.19982494214850596
HomeElo + AwayGoalsLast5 + AwayGoalsAgainstLast5,3,0.5210526315789473,1.0041138286806781,0.19980993825774038
HomeElo + AwayPointsLast5 + AwayGoalsLast5,3,0.5151315789473685,1.00412130589644,0.19981421007237318
GoalAgainstDiffLast5 + GoalsPerGameDiff + ShotDiffLast5,3,0.5269736842105264,1.0041272431697006,0.20009365038242927
HomePPG + HomeGoalsLast5 + XGDDiffLast5,3,0.5230263157894737,1.0041333178627787,0.2000689233937797
XGAgainstDiffPg + XGForDiffLast5,2,0.5202702702702703,1.0041436919486115,0.1999596189248833
GDPerGameDiff + PPGDiff + HomeGoalsLast5,3,0.5157894736842106,1.004144164410235,0.2001571648817245
GoalAgainstDiffLast5 + GDPerGameDiff + HomeShotsAgainstLast5,3,0.5111842105263158,1.0041475688186132,0.19992331204537492
GDPerGameDiff + HomeGDPerGame + HomeShotsOnTargetLast5,3,0.5203947368421054,1.0041477885647256,0.20000138272608758
GoalAgainstDiffLast5 + HomePPG + XGDDiffLast5,3,0.5190789473684211,1.0041694456449173,0.20005836549411665
HomePointsLast5 + AwayShotsOnTargetLast5 + XGAgainstDiffPg,3,0.5162162162162162,1.0041747850276317,0.19999620747229288
HomePPG + HomeGoalsAgainstLast5 + XGDDiffLast5,3,0.5217105263157895,1.0041749314045256,0.20006511697594576
ShotOTDiffLast5 + HomeShotsOnTargetLast5 + XGAgainstDiffPg,3,0.5189189189189188,1.0041796089229718,0.19991863128050444
HomeShotsOnTargetLast5 + AwayShotsOnTargetLast5 + XGAgainstDiffPg,3,0.5189189189189188,1.0041816529382965,0.19991846071976496
GoalsAgainstPerGameDiff + HomeGoalsLast5 + XGDDiffLast5,3,0.5217105263157894,1.0041818823985955,0.20003941110842646
HomeGDPerGame + AwayGDPerGame + HomeShotsOnTargetLast5,3,0.5203947368421054,1.0041823965386334,0.20001036350838453
ShotOTDiffLast5 + AwayShotsOnTargetLast5 + XGAgainstDiffPg,3,0.5189189189189188,1.0041866317158097,0.19992025680790929
AwayElo + HomePointsLast5 + XGAgainstDiffLast5,3,0.5243421052631579,1.0041903454955587,0.2003274922403095
GDPerGameDiff + AwayGDPerGame + HomeShotsOnTargetLast5,3,0.5197368421052632,1.004190771321779,0.2000124038454498
ShotOTDiffLast5 + HomeShotsOnTargetLast5 + XGForDiffPg,3,0.520945945945946,1.0041955033594006,0.20009007144315896
HomeShotsOnTargetLast5 + AwayShotsOnTargetLast5 + XGForDiffPg,3,0.520945945945946,1.0041974998520413,0.2000904922392538
ShotOTDiffLast5 + AwayShotsOnTargetLast5 + XGForDiffPg,3,0.520945945945946,1.0042004954721429,0.2000911114378149
GoalAgainstDiffLast5 + AwayShotsOnTargetAgainstLast5 + XGForDiffPg,3,0.5243243243243243,1.0042015679052794,0.20014929019250546
AwayGoalsLast5 + HomeGoalsAgainstLast5 + XGForDiffPg,3,0.5216216216216216,1.004204220605002,0.20002357637843987
ShotOTDiffLast5 + HomeGoalsLast5 + XGForDiffPg,3,0.5175675675675675,1.0042086799095713,0.20019928480089993
GoalsPerGameDiff + ShotDiffLast5 + HomePPG,3,0.525,1.0042344620874242,0.20009834310874866
GoalsPerGameDiff + AwayGoalsAgainstPerGame + XGAgainstDiffPg,3,0.5182432432432432,1.004240406894909,0.20008365474562215
GDPerGameDiff + AwayPPG + HomeShotsOnTargetLast5,3,0.5203947368421052,1.004242358037526,0.20004707840941108
GDPerGameDiff + GoalDiffLast5 + HomePointsLast5,3,0.5177631578947369,1.004244840762968,0.20006052762099572
GDPerGameDiff + HomePPG + HomeShotsOnTargetLast5,3,0.5190789473684211,1.0042467299052011,0.19995126888257703
GoalsPerGameDiff + AwayGoalsAgainstLast5 + XGAgainstDiffPg,3,0.5209459459459459,1.004249014863295,0.20012472637908438
PPGDiff + GoalDiffLast5 + HomeGDPerGame,3,0.5256578947368421,1.0042508179595957,0.2002648418476171
GDPerGameDiff + PPGDiff + AwayShotsOnTargetAgainstLast5,3,0.5203947368421052,1.004260334118253,0.2001327166696329
ShotDiffLast5 + HomePointsLast5 + XGDDiffLast5,3,0.5125000000000001,1.0042795703344845,0.2001893066322638
HomeElo + HomeGoalsAgainstLast5 + AwayShotsOnTargetAgainstLast5,3,0.5111842105263158,1.004280446267734,0.1997947311474963
AwayElo + HomePPG + HomeGoalsLast5,3,0.5157894736842106,1.004281702349253,0.2003340917590707
HomeElo + AwayShotsOnTargetLast5 + HomeShotsOnTargetAgainstLast5,3,0.5164473684210527,1.0042876756471326,0.19961659796060366
GDPerGameDiff + AwayGoalsAgainstPerGame + HomeShotsOnTargetLast5,3,0.5184210526315789,1.0042975255040334,0.20002586611196013
HomeElo + HomeGoalsPerGame + XGAgainstDiffLast5,3,0.5197368421052632,1.0043002920538642,0.19979932213533297
GoalDiffLast5 + HomeElo + AwayGoalsAgainstLast5,3,0.5190789473684211,1.0043057509236482,0.20000984948354167
ShotDiffLast5 + HomeShotsAgainstLast5 + XGAgainstDiffPg,3,0.520945945945946,1.0043101367731504,0.19984270586593128
HomeElo + HomePPG + AwayShotsOnTargetLast5,3,0.5157894736842106,1.0043222881559402,0.19972105718245478
GoalAgainstDiffLast5 + PPGDiff + HomeShotsOnTargetAgainstLast5,3,0.5256578947368421,1.004322764787588,0.20023822176224282
GoalAgainstDiffLast5 + AwayGoalsAgainstPerGame + XGForDiffPg,3,0.5236486486486487,1.004323037835028,0.20021608574845218
GoalsAgainstPerGameDiff + XGForDiffPg + XGForDiffLast5,3,0.5195945945945946,1.004330249782821,0.19992564763139895
GoalsPerGameDiff + ShotDiffLast5 + HomeGDPerGame,3,0.525,1.0043309748989653,0.20007030386462554
PPGDiff + AwayPointsLast5 + AwayShotsOnTargetAgainstLast5,3,0.5223684210526316,1.0043377048808082,0.2002677151999311
ShotOTDiffLast5 + HomeGoalsPerGame + XGForDiffPg,3,0.5114864864864864,1.0043458374272718,0.20015726851536766
GDPerGameDiff + HomePPG + AwayShotsAgainstLast5,3,0.5197368421052632,1.0043476696162759,0.20001494224952773
HomePPG + HomeShotsAgainstLast5 + XGAgainstDiffPg,3,0.5216216216216216,1.0043530650979848,0.1997494678087091
HomeGDPerGame + AwayGoalsAgainstLast5 + XGForDiffPg,3,0.5222972972972972,1.0043616924538543,0.20015185381108008
GoalsPerGameDiff + AwayShotsAgainstLast5 + XGAgainstDiffPg,3,0.5202702702702703,1.0043623985480528,0.20022360764362612
GoalDiffLast5 + XGAgainstDiffPg + XGDDiffLast5,3,0.5236486486486487,1.0043660571125756,0.20015535186375835
HomeShotsOnTargetLast5 + XGForDiffPg,2,0.5216216216216216,1.0043689617464393,0.2001001104762165
GoalsAgainstPerGameDiff + XGAgainstDiffPg + XGForDiffLast5,3,0.5222972972972973,1.0043691731502102,0.1998821779151491
ShotOTDiffLast5 + HomeShotsOnTargetAgainstLast5 + XGAgainstDiffPg,3,0.5236486486486487,1.0043768081711524,0.1998594019398023
ShotDiffLast5 + HomeGDPerGame + AwayShotsOnTargetAgainstLast5,3,0.5243421052631579,1.0043779874414147,0.19963209555253367
HomeGoalsPerGame + AwayShotsOnTargetAgainstLast5 + XGForDiffPg,3,0.5175675675675676,1.0043819221493164,0.20024049836060706
AwayElo + HomeGDPerGame + AwayGoalsAgainstLast5,3,0.5217105263157895,1.0043902655246773,0.19992621197714547
ShotOTDiffLast5 + AwayPPG + XGForDiffPg,3,0.5195945945945946,1.0043905502452888,0.20023482239593643
PPGDiff + HomeGoalsPerGame + AwayShotsOnTargetAgainstLast5,3,0.530921052631579,1.0043912803071986,0.2002720672189403
HomeGDPerGame + HomeGoalsPerGame + XGDDiffLast5,3,0.5230263157894737,1.0043924941030493,0.20006304698591748
HomeElo + HomePPG + AwayPointsLast5,3,0.5203947368421052,1.0044025394469183,0.1999017933863757
PPGDiff + HomePPG + AwayShotsOnTargetAgainstLast5,3,0.5282894736842105,1.0044040225935904,0.20026502109004934
GoalDiffLast5 + HomeShotsOnTargetLast5 + XGAgainstDiffPg,3,0.5155405405405405,1.004405605812499,0.19996902095811211
HomePPG + XGAgainstDiffPg + XGAgainstDiffLast5,3,0.5141891891891892,1.0044096868307544,0.19977061155445838
HomePPG + AwayPPG + AwayShotsOnTargetAgainstLast5,3,0.5289473684210526,1.0044204257416274,0.20026829519701964
HomeGDPerGame + HomeShotsAgainstLast5 + XGDDiffLast5,3,0.5210526315789473,1.0044219669998498,0.20012756339325613
AwayShotsOnTargetLast5 + XGAgainstDiffPg + XGForDiffLast5,3,0.5175675675675676,1.004429523248735,0.20003352354690623
AwayElo + HomeGoalsAgainstLast5 + XGDDiffLast5,3,0.5151315789473684,1.0044333938912753,0.20034407383006805
PPGDiff + AwayPPG + AwayShotsOnTargetAgainstLast5,3,0.5289473684210526,1.004437488233313,0.2002742127536456
PPGDiff + GoalDiffLast5 + HomePointsLast5,3,0.5282894736842105,1.0044452294978479,0.20039364455518627
GoalsPerGameDiff + ShotDiffLast5 + HomeShotsOnTargetAgainstLast5,3,0.5289473684210526,1.0044461988681928,0.20016778222269457
GoalsPerGameDiff + HomePPG + XGAgainstDiffLast5,3,0.5289473684210526,1.0044488903937898,0.20006440551783916
HomeElo + AwayGoalsAgainstPerGame + AwayGoalsAgainstLast5,3,0.5151315789473684,1.0044534467921666,0.2000123371340204
GDPerGameDiff + PPGDiff + AwayShotsAgainstLast5,3,0.5164473684210527,1.00445947519685,0.2002420321674327
HomePPG + HomeGoalsPerGame + XGDDiffLast5,3,0.5236842105263158,1.0044632649678746,0.20012997187162973
ShotDiffLast5 + AwayElo + XGDDiffLast5,3,0.5144736842105263,1.0044637562856282,0.20035042940866352
ShotDiffLast5 + HomeGoalsPerGame + XGDDiffLast5,3,0.5276315789473683,1.0044751210724294,0.2001580622436879
GoalsAgainstPerGameDiff + AwayElo + HomeGDPerGame,3,0.5171052631578947,1.004476623177806,0.1997860471011384
GDPerGameDiff + HomeGDPerGame + HomePointsLast5,3,0.5157894736842106,1.0044890406155669,0.2001358818168838
PPGDiff + HomePointsLast5,2,0.5256578947368421,1.004490299542768,0.20038651889507628
HomeGDPerGame + AwayGDPerGame + HomePointsLast5,3,0.5151315789473685,1.0044923979321185,0.2001379076864457
GDPerGameDiff + AwayGDPerGame + HomePointsLast5,3,0.5151315789473685,1.0044972344991345,0.2001396774558356
HomeGDPerGame + HomeGoalsLast5 + XGDDiffLast5,3,0.5243421052631579,1.0044994644635157,0.20008701880901106
PPGDiff + HomePointsLast5 + AwayGoalsLast5,3,0.5282894736842105,1.0045041182680152,0.20038282117048778
HomeGDPerGame + AwayGoalsLast5 + XGForDiffPg,3,0.5162162162162163,1.0045102289964738,0.2001274291081856
HomeGoalsLast5 + HomeShotsOnTargetLast5 + XGForDiffPg,3,0.5162162162162163,1.0045141345326303,0.2001893446625139
GoalDiffLast5 + AwayElo + HomePPG,3,0.519078947368421,1.0045188364816866,0.20038738029487604
HomeElo + HomeGDPerGame + AwayShotsOnTargetLast5,3,0.5190789473684211,1.0045332394410615,0.19976398262583284
GoalsPerGameDiff + HomeShotsOnTargetLast5 + XGAgainstDiffLast5,3,0.5263157894736842,1.0045365368273813,0.20022321043774577
GoalDiffLast5 + HomeShotsOnTargetLast5 + XGForDiffPg,3,0.518918918918919,1.0045378692863078,0.20019416576109209
AwayElo + HomeGoalsPerGame + HomePointsLast5,3,0.5203947368421054,1.0045395217912347,0.20033832416443811
GoalsAgainstPerGameDiff + XGForDiffPg,2,0.5216216216216216,1.0045418652236828,0.20001828279659853
HomeGDPerGame + HomeGoalsLast5 + XGForDiffPg,3,0.5189189189189188,1.0045434119379473,0.20024577553492443
GDPerGameDiff + HomePPG + AwayShotsOnTargetAgainstLast5,3,0.5282894736842105,1.004550634326758,0.19998216858511006
PPGDiff + HomeGoalsAgainstLast5 + AwayShotsOnTargetLast5,3,0.5236842105263158,1.0045563429468436,0.2003150785016041
AwayPointsLast5 + HomeShotsOnTargetLast5 + XGForDiffPg,3,0.5209459459459459,1.0045658776271318,0.2001768534175035
PPGDiff + GoalsPerGameDiff + HomePointsLast5,3,0.5282894736842105,1.0045729464613016,0.20046341989329522
GDPerGameDiff + AwayElo + AwayPPG,3,0.5157894736842106,1.0045742186502995,0.2000557896881138
ShotOTDiffLast5 + GoalDiffLast5 + XGAgainstDiffPg,3,0.5222972972972972,1.0045876478442537,0.2000580856018976
PPGDiff + HomePPG + AwayShotsAgainstLast5,3,0.5282894736842105,1.0045921351242024,0.20038121377727175
HomeElo + HomeGDPerGame + XGAgainstDiffLast5,3,0.5236842105263158,1.0045960165709664,0.1998020659494697
GDPerGameDiff + HomeShotsOnTargetAgainstLast5,2,0.5184210526315789,1.0045963166929215,0.19999237181672758
PPGDiff + GoalDiffLast5 + AwayShotsOnTargetAgainstLast5,3,0.5256578947368421,1.004597863109375,0.20043076860426234
ShotOTDiffLast5 + AwayGoalsLast5 + XGForDiffPg,3,0.5182432432432433,1.0046065840240153,0.20011470774655724
GDPerGameDiff + HomePointsLast5 + HomeGoalsLast5,3,0.5157894736842106,1.0046109966212695,0.2001428010366165
PPGDiff + HomeGoalsLast5 + HomeGoalsAgainstLast5,3,0.530921052631579,1.0046120948209691,0.20036919957612828
GDPerGameDiff + PPGDiff + AwayShotsOnTargetLast5,3,0.5157894736842105,1.0046136093133442,0.2002511668506005
HomeElo + HomeShotsOnTargetAgainstLast5 + XGAgainstDiffLast5,3,0.5190789473684211,1.0046162972644996,0.19981875256013693
GDPerGameDiff + AwayGoalsAgainstLast5 + HomeShotsOnTargetLast5,3,0.5230263157894737,1.0046214399325675,0.20011621388920162
HomePPG + AwayPPG + AwayShotsAgainstLast5,3,0.5269736842105263,1.0046248607052397,0.20038830680703257
ShotOTDiffLast5 + GoalsAgainstPerGameDiff + XGAgainstDiffPg,3,0.5189189189189188,1.0046293686317749,0.199890231112212
AwayElo + HomePPG + HomeGoalsAgainstLast5,3,0.5151315789473685,1.0046307219450332,0.2002493122732204
GoalDiffLast5 + HomeGDPerGame + XGAgainstDiffPg,3,0.5168918918918919,1.0046341207698986,0.19990097297553847
ShotDiffLast5 + XGAgainstDiffPg + XGForDiffLast5,3,0.5256756756756757,1.0046371142269543,0.1999777759626892
GoalAgainstDiffLast5 + HomeElo + AwayGoalsLast5,3,0.5157894736842106,1.0046373328606242,0.1999739321706875
PPGDiff + AwayPPG + AwayShotsAgainstLast5,3,0.5269736842105263,1.0046395043305163,0.20039339581698298
HomeGoalsPerGame + AwayShotsOnTargetLast5 + XGAgainstDiffPg,3,0.5195945945945947,1.0046403818946055,0.19985460379422731
HomeElo + AwayPointsLast5,2,0.5203947368421052,1.004640536760482,0.19993700399582992
HomeGoalsPerGame + HomePointsLast5 + XGAgainstDiffPg,3,0.5168918918918919,1.0046431358294017,0.19991790226158496
PPGDiff + HomeGDPerGame + HomePointsLast5,3,0.5217105263157895,1.0046571144425522,0.20034740075862573
HomePPG + AwayGoalsAgainstPerGame + XGAgainstDiffPg,3,0.5236486486486487,1.0046574064678886,0.19967329641867823
AwayGDPerGame + XGAgainstDiffPg + XGForDiffLast5,3,0.5216216216216216,1.0046576574378254,0.20017228261160128
HomeElo + AwayGoalsAgainstPerGame,2,0.5138157894736842,1.0046579092651915,0.200052026427793
GoalsAgainstPerGameDiff + AwayPPG + XGForDiffPg,3,0.5202702702702703,1.0046642565462174,0.2000954612918097
GDPerGameDiff + HomeGoalsAgainstLast5 + HomeShotsAgainstLast5,3,0.511842105263158,1.0046649216464276,0.20003368764243384
PPGDiff + HomePointsLast5 + HomeGoalsLast5,3,0.5236842105263158,1.0046715502180696,0.20043543718701626
ShotOTDiffLast5 + GoalsPerGameDiff + XGForDiffPg,3,0.5182432432432431,1.0046724035069354,0.20029245424287312
GoalsAgainstPerGameDiff + AwayGDPerGame + XGForDiffPg,3,0.5222972972972973,1.0046743541736856,0.20007650860590165
PPGDiff + HomeGoalsPerGame + AwayShotsAgainstLast5,3,0.5269736842105264,1.004676237701144,0.20040884590230115
PPGDiff + HomeGDPerGame + AwayGDPerGame,3,0.5217105263157895,1.0046804418512087,0.20019337993825978
HomeElo + HomeGoalsPerGame + AwayShotsOnTargetLast5,3,0.5125,1.0046823254325437,0.19980693812428343
AwayPPG + XGAgainstDiffPg + XGForDiffLast5,3,0.5216216216216216,1.0046887398026494,0.20018289012737708
AwayElo + HomeGoalsPerGame + HomeShotsOnTargetAgainstLast5,3,0.5190789473684211,1.0046924459018416,0.20008290934686598
GDPerGameDiff + AwayPointsLast5 + HomeShotsOnTargetAgainstLast5,3,0.5197368421052632,1.0046943799579202,0.2000296300314057
GDPerGameDiff + PPGDiff + HomeGDPerGame,3,0.5210526315789474,1.0046953707979216,0.2001938077468356
ShotOTDiffLast5 + AwayElo + XGDDiffLast5,3,0.5190789473684211,1.004703772484118,0.20045739326345466
GoalsAgainstPerGameDiff + AwayPointsLast5 + XGForDiffPg,3,0.5209459459459459,1.0047078497454234,0.2000330118260675
HomeElo + AwayShotsOnTargetLast5,2,0.5171052631578947,1.0047082509384215,0.19978761237607506
GDPerGameDiff + PPGDiff + AwayGDPerGame,3,0.5217105263157895,1.0047159329320023,0.20019944524504682
GoalAgainstDiffLast5 + HomeGDPerGame + XGDDiffLast5,3,0.5230263157894738,1.0047159738606493,0.2001223430323081
GDPerGameDiff + AwayElo + HomeGoalsAgainstLast5,3,0.5151315789473684,1.0047173320252734,0.2001734181023119
HomeGDPerGame + AwayShotsOnTargetAgainstLast5 + XGForDiffLast5,3,0.531578947368421,1.0047177769092355,0.2000788058334978
GoalsAgainstPerGameDiff + AwayShotsOnTargetLast5 + XGForDiffPg,3,0.5222972972972973,1.0047182752341643,0.20008489937216214
AwayElo + HomeShotsOnTargetLast5 + HomeShotsOnTargetAgainstLast5,3,0.5125000000000001,1.0047205242508976,0.2001618577356195
GDPerGameDiff + PPGDiff + AwayElo,3,0.5171052631578947,1.0047216430704082,0.20026480538841884
GoalDiffLast5 + XGAgainstDiffPg + XGForDiffLast5,3,0.5222972972972973,1.0047227858899932,0.20012860258190887
HomeElo + HomeGDPerGame + AwayPointsLast5,3,0.5203947368421052,1.0047247487385451,0.1999847545393473
ShotDiffLast5 + HomeShotsOnTargetAgainstLast5 + XGAgainstDiffPg,3,0.5189189189189188,1.0047283755715934,0.199871710911409
GDPerGameDiff + HomePointsLast5 + HomeGoalsAgainstLast5,3,0.5144736842105264,1.004730569836443,0.20015523219527637
ShotDiffLast5 + AwayElo + HomeGoalsPerGame,3,0.5217105263157894,1.0047573165827872,0.20012439921505568
HomeElo + HomeGoalsPerGame + AwayPointsLast5,3,0.5210526315789473,1.0047682712118688,0.1999877446662001
HomePPG + AwayShotsAgainstLast5 + XGAgainstDiffPg,3,0.520945945945946,1.0047946060431237,0.2000109598888346
GDPerGameDiff + GoalsPerGameDiff + HomeShotsOnTargetLast5,3,0.519078947368421,1.0048071093258484,0.20008996325213346
GDPerGameDiff + PPGDiff + GoalDiffLast5,3,0.5190789473684211,1.00480785963274,0.20029467259163955
GDPerGameDiff + GoalsAgainstPerGameDiff + HomeShotsOnTargetLast5,3,0.5184210526315789,1.0048107101209967,0.20008557543149286
PPGDiff + AwayGoalsAgainstLast5 + AwayShotsOnTargetAgainstLast5,3,0.5256578947368421,1.0048116642415224,0.2004292090409467
PPGDiff + GoalDiffLast5 + HomeGoalsAgainstLast5,3,0.525,1.0048124011824173,0.20040486685955478
AwayElo + HomeShotsOnTargetLast5 + XGAgainstDiffLast5,3,0.5105263157894737,1.004812608993269,0.20040538155239143
AwayElo + HomeGoalsPerGame + XGAgainstDiffLast5,3,0.5177631578947368,1.0048203803331193,0.20013797157279933
GDPerGameDiff + PPGDiff + HomePPG,3,0.5230263157894737,1.004827920320304,0.20017658890997242
GDPerGameDiff + AwayPPG + HomePointsLast5,3,0.5164473684210527,1.004828577296751,0.20019091540463319
GoalsPerGameDiff + GoalsAgainstPerGameDiff + HomeShotsOnTargetLast5,3,0.5177631578947368,1.0048287877009807,0.20009263718273418
GDPerGameDiff + HomePPG + AwayShotsOnTargetLast5,3,0.5223684210526315,1.0048479951234006,0.2001368906802012
GoalAgainstDiffLast5 + GoalDiffLast5 + HomeElo,3,0.5164473684210527,1.004849511576918,0.2001806833172002
GDPerGameDiff + AwayGoalsLast5 + HomeShotsOnTargetAgainstLast5,3,0.5203947368421052,1.0048521410813374,0.20003728234734056
GDPerGameDiff + PPGDiff + HomeGoalsAgainstLast5,3,0.5157894736842106,1.0048525220576312,0.20019736888209452
PPGDiff + AwayPointsLast5 + AwayShotsAgainstLast5,3,0.519736842105263,1.0048599937109288,0.20045887639155285
GoalAgainstDiffLast5 + GDPerGameDiff + HomePointsLast5,3,0.5157894736842106,1.0048663788155932,0.20014404457469137
ShotOTDiffLast5 + AwayGoalsLast5 + XGAgainstDiffPg,3,0.518918918918919,1.0048755058963197,0.20001496054922782
GDPerGameDiff + HomePPG + AwayPPG,3,0.5230263157894737,1.0048851876816172,0.20018778502549858
GoalAgainstDiffLast5 + HomeElo + AwayGoalsAgainstPerGame,3,0.5230263157894737,1.0048898484933237,0.20007200090511937
PPGDiff + AwayElo + AwayPointsLast5,3,0.5203947368421052,1.004895502112979,0.20047216937839948
PPGDiff + HomePointsLast5 + HomeGoalsAgainstLast5,3,0.5296052631578947,1.0048977591490864,0.20044189307290988
GDPerGameDiff + AwayGoalsAgainstPerGame + HomePointsLast5,3,0.5171052631578947,1.004898310871512,0.200191072936381
GoalsPerGameDiff + ShotDiffLast5 + HomeGoalsAgainstLast5,3,0.5223684210526316,1.004899689234224,0.20028124187301005
GDPerGameDiff + PPGDiff + AwayPPG,3,0.5223684210526316,1.0049045803353636,0.20019343437307915
HomeElo + HomePPG + AwayGoalsAgainstPerGame,3,0.5164473684210527,1.0049058953350571,0.20009244264543263
HomeGDPerGame + AwayGoalsAgainstLast5 + XGDDiffLast5,3,0.5302631578947368,1.0049122001509643,0.2001748501789349
PPGDiff + HomePPG + AwayShotsOnTargetLast5,3,0.525,1.0049157454338302,0.20041035147336184
GoalsPerGameDiff + AwayShotsOnTargetAgainstLast5 + XGForDiffPg,3,0.518918918918919,1.0049182280739837,0.2004590296837472
HomeGDPerGame + HomeGoalsAgainstLast5 + XGDDiffLast5,3,0.5223684210526316,1.0049196102734208,0.20015395867172006
GDPerGameDiff + PPGDiff + AwayPointsLast5,3,0.5197368421052632,1.0049208570786023,0.20025153828800374
HomeElo + HomeGDPerGame + AwayGoalsAgainstPerGame,3,0.5092105263157894,1.0049305148397405,0.20014030303266403
GoalsAgainstPerGameDiff + HomeElo + AwayGoalsAgainstPerGame,3,0.5125,1.0049316387698752,0.20006239790402366
HomePPG + AwayPPG + AwayShotsOnTargetLast5,3,0.5256578947368421,1.0049319261062153,0.20041366714267544
HomeGDPerGame + AwayShotsAgainstLast5 + XGForDiffLast5,3,0.5203947368421052,1.0049359640921671,0.20015200445764714
PPGDiff + HomeGDPerGame,2,0.5249999999999999,1.004936366181637,0.20035243411779954
ShotDiffLast5 + XGAgainstDiffPg + XGAgainstDiffLast5,3,0.5182432432432433,1.0049388585445365,0.20003281957067354
AwayGoalsLast5 + XGAgainstDiffPg + XGDDiffLast5,3,0.5135135135135135,1.0049583974914063,0.20017471517378763
ShotOTDiffLast5 + XGForDiffPg,2,0.5243243243243243,1.0049601752752078,0.2002761879515362
ShotOTDiffLast5 + HomeGDPerGame + XGAgainstDiffLast5,3,0.5217105263157894,1.0049655109579896,0.200160913723488
HomeShotsOnTargetLast5 + XGForDiffPg + XGForDiffLast5,3,0.5222972972972972,1.004966777873173,0.20018866197730856
PPGDiff + AwayPPG + AwayShotsOnTargetLast5,3,0.5243421052631579,1.0049686069177055,0.20042405716901673
ShotOTDiffLast5 + ShotDiffLast5 + XGAgainstDiffPg,3,0.5243243243243243,1.004970731148696,0.199994972454222
HomeElo + HomeGoalsPerGame + AwayGoalsAgainstPerGame,3,0.5151315789473684,1.0049811163458928,0.20014154182520127
ShotOTDiffLast5 + HomePPG + XGAgainstDiffLast5,3,0.5171052631578948,1.0049819174922052,0.2002699758882032
HomeGDPerGame + AwayShotsOnTargetLast5 + XGAgainstDiffPg,3,0.522972972972973,1.0049825662107563,0.19982081485950354
HomeGDPerGame + HomeShotsOnTargetLast5 + XGAgainstDiffPg,3,0.5128378378378379,1.004984075889276,0.1998698519390103
PPGDiff + AwayPointsLast5 + AwayShotsOnTargetLast5,3,0.5203947368421054,1.0049920843646447,0.20044262834125903
GoalsAgainstPerGameDiff + AwayPointsLast5 + XGDDiffLast5,3,0.5131578947368421,1.004993906319985,0.2001575594218057
PPGDiff + HomeGoalsLast5,2,0.5282894736842105,1.004999848257502,0.20052460415700965
ShotDiffLast5 + HomeGoalsLast5 + XGForDiffPg,3,0.520945945945946,1.0050067839448502,0.20038604070438487
GoalAgainstDiffLast5 + PPGDiff + HomeGoalsLast5,3,0.5289473684210526,1.0050102483284205,0.20047426733916507
HomePPG + XGAgainstDiffPg,2,0.5243243243243243,1.0050143614267366,0.19980291074124665
ShotDiffLast5 + HomeGDPerGame + AwayShotsAgainstLast5,3,0.5243421052631579,1.0050167650164168,0.19990088746255386
HomeElo + HomeGoalsLast5 + AwayShotsOnTargetLast5,3,0.5171052631578947,1.0050211296330072,0.19996181115619782
AwayGDPerGame + HomeShotsOnTargetLast5 + XGDDiffLast5,3,0.5177631578947368,1.0050225858717694,0.20041725492564286
GDPerGameDiff + PPGDiff,2,0.5223684210526315,1.0050236395005094,0.200290785869519
AwayElo + HomePPG + AwayShotsOnTargetAgainstLast5,3,0.5190789473684211,1.0050352467624766,0.20041670395667996
PPGDiff + GoalDiffLast5 + AwayShotsAgainstLast5,3,0.518421052631579,1.0050363059089102,0.20058380663697076
HomeElo + AwayGoalsLast5 + HomeShotsOnTargetLast5,3,0.5078947368421053,1.005043733454772,0.2000739733528928
PPGDiff + HomeGDPerGame + AwayGoalsLast5,3,0.5256578947368421,1.0050437612936043,0.20034580560767412
GoalsAgainstPerGameDiff + AwayGoalsLast5 + XGForDiffPg,3,0.5236486486486487,1.0050473187820272,0.2000852013041406
ShotOTDiffLast5 + XGAgainstDiffPg + XGAgainstDiffLast5,3,0.5162162162162162,1.0050485881784077,0.20018556122528397
PPGDiff + GoalDiffLast5 + AwayPointsLast5,3,0.5223684210526316,1.0050521338862046,0.20051364747425193
GoalAgainstDiffLast5 + HomeElo + AwayShotsOnTargetAgainstLast5,3,0.5157894736842105,1.0050575281905094,0.19997240341737768
GoalsAgainstPerGameDiff + AwayGoalsAgainstPerGame + XGForDiffPg,3,0.5222972972972973,1.005059338709181,0.2001539236630583
AwayPointsLast5 + XGAgainstDiffPg + XGDDiffLast5,3,0.5155405405405405,1.0050693400284332,0.2001732683572372
ShotOTDiffLast5 + GoalDiffLast5 + XGForDiffPg,3,0.5202702702702702,1.0050706341301143,0.20032648898289435
HomePPG + HomeShotsOnTargetAgainstLast5 + XGAgainstDiffPg,3,0.5236486486486487,1.0050734055634982,0.19981971470942977
GoalsAgainstPerGameDiff + AwayGoalsLast5 + XGDDiffLast5,3,0.5157894736842106,1.005077103903035,0.20020648927062662
AwayGoalsAgainstLast5 + HomeShotsOnTargetLast5 + XGForDiffPg,3,0.5175675675675676,1.0050829313382121,0.20033807718286117
AwayGDPerGame + HomeGoalsLast5 + XGForDiffPg,3,0.5141891891891892,1.0050853458009952,0.20057001988472775
HomeElo + HomeGoalsLast5 + XGAgainstDiffLast5,3,0.5164473684210525,1.0050858856640457,0.19994242762048192
GDPerGameDiff + PPGDiff + AwayGoalsLast5,3,0.5223684210526316,1.0050877194823227,0.20028536166279529
PPGDiff + HomePointsLast5 + AwayPointsLast5,3,0.5282894736842105,1.0050895279333447,0.20052497586508142
PPGDiff + AwayGoalsLast5 + AwayShotsOnTargetLast5,3,0.5243421052631578,1.005095927159528,0.2004794379704529
ShotOTDiffLast5 + HomeGoalsAgainstLast5 + XGAgainstDiffPg,3,0.5162162162162162,1.0051138394368142,0.2000491126213142
PPGDiff + HomeGoalsPerGame + AwayShotsOnTargetLast5,3,0.5236842105263158,1.0051155618577146,0.20047518453070176
PPGDiff + HomeGDPerGame + AwayPointsLast5,3,0.5269736842105264,1.005131983527249,0.2004041241378086
HomePointsLast5 + AwayGoalsLast5 + XGAgainstDiffPg,3,0.5141891891891891,1.005141127768246,0.20013517130036562
GDPerGameDiff + AwayPPG + HomeShotsOnTargetAgainstLast5,3,0.518421052631579,1.0051414398898653,0.2000971039196056
PPGDiff + AwayGoalsAgainstPerGame + AwayShotsOnTargetAgainstLast5,3,0.5243421052631579,1.005146287011831,0.2005264794932927
GDPerGameDiff + HomeGDPerGame + HomeShotsOnTargetAgainstLast5,3,0.5184210526315789,1.0051497198981734,0.2001054142065032
HomeGDPerGame + AwayGDPerGame + HomeShotsOnTargetAgainstLast5,3,0.5177631578947368,1.0051526515664988,0.20010719814200997
GoalDiffLast5 + HomePointsLast5 + XGAgainstDiffPg,3,0.5202702702702703,1.005161127580243,0.20018054129228544
GDPerGameDiff + AwayGDPerGame + HomeShotsOnTargetAgainstLast5,3,0.5171052631578947,1.0051750921401106,0.20011225649887082
GoalAgainstDiffLast5 + AwayShotsAgainstLast5 + XGForDiffPg,3,0.5243243243243243,1.0051851500296345,0.20039038607900417
PPGDiff + HomeGoalsLast5 + AwayGoalsLast5,3,0.5276315789473683,1.005186762980404,0.200571908657488
PPGDiff + GoalDiffLast5 + HomeGoalsLast5,3,0.5276315789473683,1.0051898148336043,0.2005730899807764
PPGDiff + GoalDiffLast5 + AwayGoalsLast5,3,0.5276315789473683,1.0051899098344772,0.200572002299312
ShotOTDiffLast5 + AwayPointsLast5 + XGForDiffPg,3,0.522972972972973,1.0052109252177563,0.20031429404014617
GoalsAgainstPerGameDiff + XGAgainstDiffPg + XGDDiffLast5,3,0.5202702702702702,1.0052117872427933,0.2001346377696519
GoalsAgainstPerGameDiff + HomeShotsAgainstLast5 + XGDDiffLast5,3,0.5125,1.005213107755843,0.20024026767714953
GoalDiffLast5 + HomeGoalsPerGame + XGAgainstDiffPg,3,0.5135135135135136,1.0052180622335098,0.20007332901760702
GDPerGameDiff + HomePointsLast5 + AwayGoalsAgainstLast5,3,0.5157894736842106,1.0052246946805665,0.20028990245755798
PPGDiff + AwayGDPerGame + HomePointsLast5,3,0.5217105263157894,1.0052267120967096,0.2005702120485914
GDPerGameDiff + HomeGDPerGame + AwayShotsAgainstLast5,3,0.5203947368421052,1.0052314994001996,0.20018438141894646
PPGDiff + AwayShotsOnTargetLast5 + AwayShotsOnTargetAgainstLast5,3,0.5243421052631578,1.005231945081539,0.20056265112755614
AwayElo + HomeShotsOnTargetAgainstLast5 + XGForDiffLast5,3,0.5144736842105263,1.005232914760641,0.2003885436762673
GDPerGameDiff + HomeGoalsLast5 + AwayShotsOnTargetLast5,3,0.5184210526315789,1.005236219797497,0.20041014959805273
HomeGDPerGame + AwayGDPerGame + AwayShotsAgainstLast5,3,0.5203947368421052,1.005240126568332,0.20018747183736027
ShotDiffLast5 + HomeShotsOnTargetLast5 + XGForDiffPg,3,0.520945945945946,1.0052419163494524,0.20025814671336847
ShotDiffLast5 + AwayElo + XGForDiffPg,3,0.522972972972973,1.0052421993002716,0.2003618454158508
GDPerGameDiff + AwayGDPerGame + AwayShotsAgainstLast5,3,0.5217105263157895,1.0052449701103359,0.20019023548348555
PPGDiff + HomeGDPerGame + HomeGoalsLast5,3,0.5243421052631579,1.0052492736918484,0.20051355454235067
ShotOTDiffLast5 + HomeGoalsPerGame + XGDDiffLast5,3,0.519078947368421,1.005255841154971,0.2003933035398959
AwayGoalsAgainstPerGame + HomePointsLast5 + XGDDiffLast5,3,0.5157894736842106,1.005260041811516,0.2003898805850589
PPGDiff + GoalsAgainstPerGameDiff + HomePointsLast5,3,0.5243421052631578,1.0052648880734167,0.20034057323313895
GoalAgainstDiffLast5 + PPGDiff + HomePointsLast5,3,0.531578947368421,1.005265061374652,0.20050876399293333
HomeShotsOnTargetAgainstLast5 + XGAgainstDiffPg + XGDDiffLast5,3,0.5168918918918919,1.0052668629440942,0.20026942290885003
GoalAgainstDiffLast5 + XGAgainstDiffPg + XGForDiffLast5,3,0.5175675675675675,1.0052824787909769,0.2002464948543596
ShotDiffLast5 + XGAgainstDiffPg,2,0.5195945945945946,1.0052832462138046,0.20004333092561394
GDPerGameDiff + GoalsPerGameDiff + HomePointsLast5,3,0.5157894736842106,1.0052835475564392,0.20026365831901313
HomeElo + AwayGoalsAgainstPerGame + HomeGoalsLast5,3,0.5177631578947368,1.0052837677802133,0.20018860572002628
GoalDiffLast5 + AwayElo + XGDDiffLast5,3,0.5151315789473684,1.0052850681765428,0.20060987346990763
GDPerGameDiff + HomeGoalsPerGame + HomeShotsOnTargetLast5,3,0.5184210526315789,1.0052858794596604,0.20017044093270242
GoalsAgainstPerGameDiff + XGForDiffLast5 + XGDDiffLast5,3,0.5197368421052632,1.0052874675142285,0.20025127823859912
GoalsPerGameDiff + GoalsAgainstPerGameDiff + HomePointsLast5,3,0.5157894736842106,1.0052987699419926,0.20026522740189198
HomeGoalsPerGame + AwayGoalsLast5 + XGAgainstDiffPg,3,0.5249999999999999,1.0052997818997107,0.19995307711069368
GoalsAgainstPerGameDiff + XGAgainstDiffLast5 + XGDDiffLast5,3,0.5197368421052632,1.0053036735346614,0.2002545561175761
GDPerGameDiff + GoalsAgainstPerGameDiff + HomePointsLast5,3,0.5171052631578947,1.005307224061268,0.2002635943341273
HomeElo + HomeShotsAgainstLast5 + XGAgainstDiffLast5,3,0.5171052631578947,1.005307700501565,0.20000824421312957
GDPerGameDiff + HomeGoalsPerGame + HomeShotsOnTargetAgainstLast5,3,0.5190789473684211,1.0053090851087878,0.20010619159038118
GoalsAgainstPerGameDiff + XGForDiffLast5 + XGAgainstDiffLast5,3,0.5197368421052632,1.00531759211392,0.20025711068465568
GoalsPerGameDiff + HomePointsLast5 + XGAgainstDiffLast5,3,0.5190789473684211,1.0053224659440843,0.20041665726201138
GDPerGameDiff + HomeGoalsLast5 + AwayShotsAgainstLast5,3,0.5151315789473685,1.0053284843191657,0.20040711930339572
AwayShotsOnTargetAgainstLast5 + XGAgainstDiffPg + XGForDiffLast5,3,0.5243243243243243,1.0053339340130134,0.2002644065377534
XGAgainstDiffPg + XGDDiffLast5,2,0.5195945945945946,1.0053377123508969,0.2003086182040212
HomeGoalsLast5 + AwayShotsAgainstLast5 + XGForDiffPg,3,0.525,1.0053400177700107,0.20062908700702217
HomeGoalsPerGame + HomeShotsOnTargetLast5 + XGAgainstDiffPg,3,0.5175675675675676,1.0053428966617182,0.2000586446483534
ShotOTDiffLast5 + HomeGDPerGame + AwayShotsAgainstLast5,3,0.5171052631578947,1.0053507465069254,0.20018767565762802
ShotDiffLast5 + AwayShotsOnTargetAgainstLast5 + XGForDiffPg,3,0.5182432432432432,1.0053519647221623,0.20035631051556668
PPGDiff + AwayShotsOnTargetAgainstLast5,2,0.5223684210526316,1.0053605846762317,0.20055619773336272
PPGDiff + GoalDiffLast5 + AwayElo,3,0.5263157894736842,1.0053738957343528,0.2006528226841653
GoalsPerGameDiff + HomeShotsAgainstLast5 + XGForDiffLast5,3,0.525,1.005374922751489,0.20062297313932428
HomePPG + HomePointsLast5 + XGAgainstDiffPg,3,0.5195945945945946,1.005378413057677,0.19996862262849008
PPGDiff + AwayGoalsAgainstPerGame + HomePointsLast5,3,0.5269736842105263,1.0053845881498393,0.20055362988781883
ShotOTDiffLast5 + HomePointsLast5 + XGDDiffLast5,3,0.5151315789473685,1.0053901285183302,0.2005128542600168
AwayGoalsLast5 + HomeShotsOnTargetLast5 + XGAgainstDiffPg,3,0.5162162162162163,1.005393068949942,0.2001237513360051
ShotOTDiffLast5 + AwayGoalsAgainstPerGame + XGForDiffPg,3,0.5195945945945946,1.005398864237283,0.20039119890310914
ShotOTDiffLast5 + XGAgainstDiffPg,2,0.5195945945945946,1.0054011775876164,0.2001767817896661
PPGDiff + GoalsPerGameDiff + AwayShotsOnTargetAgainstLast5,3,0.5230263157894737,1.0054024538864257,0.2006189806743889
GoalsPerGameDiff + HomeGDPerGame + XGAgainstDiffLast5,3,0.530921052631579,1.005406376123117,0.20027303803712926
GoalsPerGameDiff + AwayElo + XGForDiffPg,3,0.5209459459459459,1.0054077591427106,0.2005769466806306
GoalsAgainstPerGameDiff + HomeShotsOnTargetAgainstLast5 + XGDDiffLast5,3,0.5184210526315789,1.0054097893087406,0.20028015611967184
AwayElo + HomePPG + AwayShotsOnTargetLast5,3,0.5210526315789473,1.0054118821455298,0.20053376007556165
GoalsAgainstPerGameDiff + AwayShotsAgainstLast5 + XGForDiffPg,3,0.525,1.0054130979518108,0.20030319663721066
HomeGDPerGame + HomeGoalsPerGame + XGForDiffPg,3,0.5175675675675676,1.0054137114433002,0.20032540149127612
GDPerGameDiff + AwayElo + HomeGoalsPerGame,3,0.5144736842105264,1.005413954925019,0.2003383526165212
ShotDiffLast5 + HomeGoalsAgainstLast5 + XGAgainstDiffPg,3,0.5175675675675675,1.0054149149874656,0.20003162513673167
ShotDiffLast5 + AwayGoalsLast5 + XGAgainstDiffPg,3,0.520945945945946,1.0054186117949009,0.20006886039870025
ShotOTDiffLast5 + XGForDiffPg + XGForDiffLast5,3,0.5175675675675676,1.0054256705084663,0.20030490762172512
ShotOTDiffLast5 + AwayGDPerGame + XGForDiffPg,3,0.5236486486486487,1.005429779290065,0.20042302245327898
ShotOTDiffLast5 + AwayShotsAgainstLast5 + XGForDiffPg,3,0.5195945945945946,1.0054501772823687,0.20042686723346487
GoalsAgainstPerGameDiff + ShotDiffLast5 + XGAgainstDiffPg,3,0.5216216216216216,1.0054533339837253,0.19994219563472496
GDPerGameDiff + HomeGDPerGame + AwayShotsOnTargetAgainstLast5,3,0.5223684210526316,1.0054548671257422,0.20018951186137746
PPGDiff + GoalsAgainstPerGameDiff + HomeGoalsLast5,3,0.5197368421052632,1.0054610762862752,0.20039473915939437
HomeElo + HomeGoalsAgainstLast5 + XGAgainstDiffLast5,3,0.5190789473684211,1.0054620148838282,0.19986771295264139
HomeGDPerGame + AwayGDPerGame + AwayShotsOnTargetAgainstLast5,3,0.5223684210526316,1.0054662070382292,0.20019310629762496
GoalsAgainstPerGameDiff + XGDDiffLast5,2,0.5164473684210525,1.0054681664134462,0.20030138933379388
GDPerGameDiff + AwayGDPerGame + AwayShotsOnTargetAgainstLast5,3,0.5217105263157895,1.005474746421101,0.2001965190644774
ShotOTDiffLast5 + AwayPointsLast5 + XGAgainstDiffPg,3,0.5175675675675676,1.00547695163439,0.20014828181322816
HomeElo + HomePointsLast5 + AwayShotsOnTargetLast5,3,0.519736842105263,1.005477550895401,0.1999564264918056
PPGDiff + AwayPointsLast5 + HomeGoalsLast5,3,0.5289473684210526,1.0054817220052978,0.20063425296264656
AwayGDPerGame + XGAgainstDiffPg + XGDDiffLast5,3,0.5202702702702703,1.005489328953261,0.20042507747931057
GDPerGameDiff + HomeGoalsAgainstLast5 + AwayShotsOnTargetAgainstLast5,3,0.5171052631578947,1.0054919673866338,0.20021909852587153
HomeGoalsLast5 + AwayShotsOnTargetLast5 + XGForDiffPg,3,0.5162162162162162,1.0054934737228476,0.2006143795882247
GDPerGameDiff + PPGDiff + AwayGoalsAgainstPerGame,3,0.5203947368421052,1.0055003854935207,0.20040215090541397
HomeGoalsPerGame + HomePointsLast5 + XGDDiffLast5,3,0.5144736842105263,1.0055062104947416,0.20039261040780834
GDPerGameDiff + HomeGoalsLast5 + AwayShotsOnTargetAgainstLast5,3,0.519078947368421,1.0055064871368549,0.20037155734299772
HomeGoalsLast5 + XGForDiffPg,2,0.5128378378378379,1.0055166568474583,0.2005650948879128
HomeShotsAgainstLast5 + XGAgainstDiffPg + XGDDiffLast5,3,0.5182432432432432,1.00552207232684,0.2003414205485017
GDPerGameDiff + HomeGoalsPerGame + HomePointsLast5,3,0.5171052631578947,1.005526247929831,0.20026985889262658
PPGDiff + GoalsPerGameDiff + HomeGoalsAgainstLast5,3,0.5223684210526316,1.00552728139323,0.20060501101455386
ShotDiffLast5 + AwayPPG + XGAgainstDiffPg,3,0.5222972972972972,1.0055287902741827,0.20023329382074692
GDPerGameDiff + PPGDiff + HomeGoalsPerGame,3,0.5177631578947368,1.0055318375440085,0.20038656838121055
PPGDiff + GoalsPerGameDiff + HomeGDPerGame,3,0.5203947368421052,1.0055356550167187,0.20056383158913926
AwayPPG + XGAgainstDiffPg + XGDDiffLast5,3,0.5189189189189188,1.0055363348078648,0.20044419809082004
GoalsAgainstPerGameDiff + AwayGoalsAgainstLast5 + XGForDiffPg,3,0.5175675675675675,1.005545735656602,0.2002851187756885
AwayGoalsAgainstPerGame + HomeGoalsLast5 + XGForDiffPg,3,0.5195945945945946,1.0055484870404454,0.20059259644579527
ShotDiffLast5 + AwayPointsLast5 + XGAgainstDiffPg,3,0.5202702702702703,1.0055506176938478,0.2001102378020089
PPGDiff + HomePPG + HomeGDPerGame,3,0.5269736842105264,1.0055515103506063,0.20048150761723302
ShotDiffLast5 + AwayPPG + HomePointsLast5,3,0.5144736842105264,1.0055523394168433,0.2003899470728157
HomePointsLast5 + AwayGoalsLast5 + XGDDiffLast5,3,0.5177631578947368,1.0055558868582581,0.2005232001714116
HomeElo + AwayGoalsLast5 + HomeShotsAgainstLast5,3,0.5072368421052632,1.0055590217213033,0.20012306976304853
GDPerGameDiff + AwayGoalsAgainstPerGame + HomeShotsOnTargetAgainstLast5,3,0.5210526315789473,1.0055590965567935,0.2001443094891364
GoalsPerGameDiff + HomeGoalsLast5 + XGForDiffPg,3,0.5195945945945946,1.0055620314635232,0.2006101612038458
GoalsAgainstPerGameDiff + AwayGoalsAgainstLast5 + XGDDiffLast5,3,0.5157894736842105,1.0055634719727882,0.20027792268497063
GoalsAgainstPerGameDiff + AwayGDPerGame + XGDDiffLast5,3,0.5164473684210527,1.0055686293213975,0.20040024633087686
PPGDiff + AwayPPG + HomeGDPerGame,3,0.5256578947368421,1.00556930055365,0.20048625230746542
GoalAgainstDiffLast5 + GDPerGameDiff + PPGDiff,3,0.5190789473684211,1.0055746587763692,0.20036557234897873
HomePPG + AwayPPG + HomeGDPerGame,3,0.5263157894736842,1.0055807998380877,0.20048590265292915
GoalsPerGameDiff + HomeShotsAgainstLast5 + AwayShotsOnTargetAgainstLast5,3,0.5203947368421052,1.0055877075011233,0.20045208250815547
HomePPG + AwayGDPerGame + HomeShotsOnTargetLast5,3,0.5236842105263158,1.0055878914556748,0.20038366468961388
GDPerGameDiff + AwayGoalsAgainstLast5 + HomeShotsOnTargetAgainstLast5,3,0.5151315789473684,1.005589240658895,0.2001868181133952
GoalsAgainstPerGameDiff + HomeShotsAgainstLast5 + XGForDiffLast5,3,0.5203947368421052,1.0055900657341523,0.20021323452013856
GoalAgainstDiffLast5 + PPGDiff + HomeGDPerGame,3,0.5236842105263158,1.0055926351217455,0.20047840768323827
ShotOTDiffLast5 + AwayPPG + XGAgainstDiffPg,3,0.525,1.0055989992403336,0.20033855117320534
HomeGDPerGame + HomePointsLast5 + XGAgainstDiffPg,3,0.5202702702702703,1.0056090260474315,0.20008705441403515
ShotDiffLast5 + HomeGoalsPerGame + XGForDiffPg,3,0.5189189189189188,1.005613487902034,0.20040631924351832
HomePointsLast5 + HomeShotsOnTargetLast5 + XGDDiffLast5,3,0.5217105263157895,1.0056149773149463,0.200581927606764
PPGDiff + HomeGoalsPerGame + HomePointsLast5,3,0.5223684210526315,1.0056214837753743,0.200557366678695
AwayElo + AwayShotsOnTargetLast5 + XGDDiffLast5,3,0.5118421052631579,1.0056220652254049,0.20064032839434107
HomePPG + HomeGDPerGame + XGAgainstDiffPg,3,0.522972972972973,1.0056247877688995,0.19996574369427736
HomeGDPerGame + AwayGoalsLast5 + XGAgainstDiffPg,3,0.525,1.0056267342202498,0.19992209551154458
ShotDiffLast5 + AwayGDPerGame + XGAgainstDiffPg,3,0.5236486486486487,1.0056279356152669,0.20027550809898725
HomePPG + AwayShotsOnTargetAgainstLast5 + XGForDiffLast5,3,0.5230263157894737,1.0056371247588136,0.20048096409826274
PPGDiff + AwayGoalsLast5 + AwayShotsOnTargetAgainstLast5,3,0.5223684210526316,1.005638992760185,0.20060413233360705
HomeElo + AwayPointsLast5 + HomeGoalsLast5,3,0.519078947368421,1.0056405743983536,0.20023966127328655
GoalsPerGameDiff + AwayElo + XGAgainstDiffLast5,3,0.5256578947368421,1.0056462280307423,0.20059801034361754
AwayElo + AwayShotsOnTargetAgainstLast5 + XGForDiffPg,3,0.5162162162162163,1.005648043705332,0.20055275777632145
HomeGoalsPerGame + AwayGoalsLast5 + XGDDiffLast5,3,0.5203947368421052,1.005668924813665,0.20043027960847767
HomePPG + HomeGoalsLast5 + XGAgainstDiffPg,3,0.5121621621621621,1.0056747509201864,0.2000360771282152
HomeElo + AwayGoalsAgainstPerGame + HomePointsLast5,3,0.5203947368421052,1.0056887263675274,0.2002425185759669
AwayElo + XGDDiffLast5,2,0.511842105263158,1.005702267685356,0.20068275971211186
AwayShotsOnTargetLast5 + XGAgainstDiffPg + XGDDiffLast5,3,0.518918918918919,1.0057062513208512,0.2004183323422555
PPGDiff + AwayElo + AwayGDPerGame,3,0.5230263157894737,1.005708251373767,0.2006618074546935
AwayElo + XGForDiffPg,2,0.5155405405405405,1.0057121065405805,0.200555223725598
ShotOTDiffLast5 + GoalsPerGameDiff + HomeShotsAgainstLast5,3,0.5223684210526316,1.00571308682414,0.2005523903789138
AwayGoalsLast5 + HomeShotsOnTargetLast5 + XGForDiffPg,3,0.5202702702702703,1.005715338713991,0.2003532448879253
PPGDiff + AwayGDPerGame + AwayShotsOnTargetAgainstLast5,3,0.5269736842105263,1.0057166948388971,0.200642662858906
AwayGoalsAgainstLast5 + XGAgainstDiffPg + XGForDiffLast5,3,0.5229729729729731,1.0057215274022193,0.20035208241405517
HomeElo + HomePointsLast5 + AwayPointsLast5,3,0.5217105263157894,1.0057256863649684,0.20018075444681036
PPGDiff + AwayGoalsAgainstPerGame + AwayShotsAgainstLast5,3,0.5217105263157895,1.0057296552937922,0.20073142711273834
GoalsPerGameDiff + ShotDiffLast5 + XGForDiffPg,3,0.5162162162162163,1.005734917299812,0.200533452107246
GoalDiffLast5 + AwayShotsOnTargetAgainstLast5 + XGForDiffPg,3,0.5202702702702702,1.0057396339772129,0.20063296534455122
GoalAgainstDiffLast5 + PPGDiff + GoalDiffLast5,3,0.5282894736842105,1.0057420879257455,0.20062268359205102
AwayGoalsAgainstPerGame + XGAgainstDiffPg + XGForDiffLast5,3,0.5189189189189188,1.0057451371328183,0.20033659930235956
GDPerGameDiff + AwayElo + AwayPointsLast5,3,0.5125,1.0057512300593316,0.20042376181722474
HomeGoalsLast5 + XGForDiffPg + XGForDiffLast5,3,0.5108108108108108,1.0057513574611854,0.20053953737212216
PPGDiff + AwayShotsAgainstLast5 + AwayShotsOnTargetLast5,3,0.5197368421052632,1.005754830489594,0.2007450674233349
HomePointsLast5 + AwayShotsOnTargetLast5 + XGDDiffLast5,3,0.5157894736842106,1.0057566235768924,0.20063344428896968
PPGDiff + GoalDiffLast5 + HomePPG,3,0.5249999999999999,1.005760100627036,0.20065885178752435
GoalsAgainstPerGameDiff + AwayShotsOnTargetLast5 + XGDDiffLast5,3,0.5164473684210527,1.0057679519692941,0.20041403734300622
PPGDiff + GoalDiffLast5 + AwayShotsOnTargetLast5,3,0.5249999999999999,1.005769516727541,0.20071624532713794
GoalDiffLast5 + HomePPG + AwayPPG,3,0.525657894736842,1.0057749875984672,0.20066389045418503
ShotOTDiffLast5 + AwayGDPerGame + XGAgainstDiffPg,3,0.522972972972973,1.0057794061698824,0.20040075310496097
AwayShotsOnTargetAgainstLast5 + XGForDiffPg,2,0.5168918918918919,1.0057862960039585,0.20054659352132986
PPGDiff + AwayShotsAgainstLast5,2,0.5217105263157895,1.0057914268253036,0.20072415301561292
GDPerGameDiff + GoalsPerGameDiff + HomeShotsOnTargetAgainstLast5,3,0.5197368421052632,1.0057933542945907,0.20024711295992528
AwayPointsLast5 + HomeGoalsLast5 + XGForDiffPg,3,0.5155405405405405,1.0057952887613801,0.20065820105507837
AwayElo + AwayShotsOnTargetLast5 + XGForDiffPg,3,0.5148648648648649,1.0057994076232657,0.20056143354083736
PPGDiff + GoalDiffLast5 + AwayPPG,3,0.5249999999999999,1.0058007619175457,0.20067002433496378
PPGDiff + HomeGDPerGame + AwayGoalsAgainstPerGame,3,0.5190789473684211,1.0058021620340731,0.2004279016801128
PPGDiff + GoalsPerGameDiff + AwayShotsAgainstLast5,3,0.5184210526315789,1.0058073256686426,0.20077665958429555
GDPerGameDiff + HomeGoalsAgainstLast5 + AwayShotsAgainstLast5,3,0.5144736842105263,1.0058082121995824,0.20035621361897915
AwayPPG + HomeShotsOnTargetLast5 + XGDDiffLast5,3,0.5171052631578947,1.0058088873557571,0.20064293272569358
AwayPointsLast5 + AwayShotsOnTargetAgainstLast5 + XGForDiffPg,3,0.520945945945946,1.0058120344053658,0.20051695453878066
AwayElo + AwayGoalsAgainstLast5 + XGDDiffLast5,3,0.5151315789473685,1.0058151789723195,0.20067611377994993
PPGDiff + GoalDiffLast5,2,0.5243421052631578,1.0058158388874927,0.20071540042155792
HomeGoalsPerGame + XGDDiffLast5,2,0.519078947368421,1.005824955873137,0.2004903554655283
GoalsPerGameDiff + GoalsAgainstPerGameDiff + HomeShotsOnTargetAgainstLast5,3,0.5197368421052632,1.0058286532307683,0.20025214595187965
GDPerGameDiff + GoalsAgainstPerGameDiff + HomeShotsOnTargetAgainstLast5,3,0.5197368421052632,1.0058290777445786,0.20024840382619288
GoalDiffLast5 + HomeGoalsPerGame + XGDDiffLast5,3,0.5210526315789473,1.0058387483688296,0.2004506336886494
GoalDiffLast5 + AwayElo + XGForDiffPg,3,0.5209459459459459,1.0058551128419602,0.20067059978278337
HomePPG + AwayGDPerGame + HomeShotsOnTargetAgainstLast5,3,0.5184210526315789,1.0058691387616392,0.20033033835503164
GoalAgainstDiffLast5 + GoalsAgainstPerGameDiff + XGDDiffLast5,3,0.518421052631579,1.0058729220131972,0.20032307214723538
AwayElo + XGForDiffPg + XGForDiffLast5,3,0.5155405405405405,1.005875352097564,0.200524893460727
HomeGoalsPerGame + HomeShotsAgainstLast5 + XGAgainstDiffPg,3,0.5222972972972972,1.005875783450313,0.20011857743780073
PPGDiff + AwayElo + AwayShotsOnTargetAgainstLast5,3,0.5236842105263159,1.0058777547443793,0.2006993083222918
HomePPG + HomeGoalsPerGame + XGAgainstDiffPg,3,0.5182432432432432,1.0058802744839062,0.19997064120923305
ShotOTDiffLast5 + HomeGDPerGame + AwayShotsOnTargetAgainstLast5,3,0.5203947368421052,1.0058914988024759,0.20024556182666417
PPGDiff + AwayGDPerGame + AwayShotsAgainstLast5,3,0.5236842105263158,1.0058950773612623,0.20074892454030416
AwayShotsOnTargetLast5 + AwayShotsOnTargetAgainstLast5 + XGForDiffPg,3,0.5168918918918919,1.0058990230925189,0.20057440529919635
PPGDiff + AwayShotsOnTargetLast5,2,0.5243421052631578,1.0059001550660551,0.2007087194574844
HomeGoalsPerGame + HomeShotsOnTargetLast5 + XGForDiffPg,3,0.5162162162162162,1.0059008047647526,0.2004076559714743
HomeGoalsPerGame + XGAgainstDiffPg + XGAgainstDiffLast5,3,0.5148648648648648,1.0059008501617335,0.20016025842467192
PPGDiff + HomeGoalsAgainstLast5,2,0.5256578947368421,1.0059016444875983,0.2005997979577769
AwayElo + AwayGoalsLast5 + XGForDiffPg,3,0.5114864864864865,1.0059059476503993,0.20051049591473522
PPGDiff + HomeGoalsPerGame + HomeGoalsAgainstLast5,3,0.5263157894736842,1.0059064203738546,0.20056850014908612
HomeGoalsPerGame + HomeShotsOnTargetAgainstLast5 + XGDDiffLast5,3,0.5197368421052632,1.0059161822549,0.20046255202947988
AwayShotsOnTargetAgainstLast5 + XGForDiffPg + XGForDiffLast5,3,0.5141891891891892,1.0059170701658418,0.20051747662633718
GoalsPerGameDiff + AwayElo + HomeShotsOnTargetAgainstLast5,3,0.5151315789473685,1.0059188189123751,0.20061390822057681
GDPerGameDiff + HomeGoalsAgainstLast5 + HomeShotsOnTargetAgainstLast5,3,0.5164473684210527,1.0059236060787073,0.20023736371476628
GDPerGameDiff + GoalDiffLast5 + HomePPG,3,0.5230263157894737,1.0059351126338512,0.20036165149626628
PPGDiff + HomePointsLast5 + AwayGoalsAgainstLast5,3,0.5289473684210526,1.005937147380932,0.20075393829504948
AwayPPG + HomeGDPerGame + XGAgainstDiffLast5,3,0.5151315789473684,1.0059401213857464,0.20029459505783867
GoalAgainstDiffLast5 + HomeElo + AwayPointsLast5,3,0.5164473684210527,1.0059449055078153,0.2002358960624216
HomeElo + HomePointsLast5 + XGAgainstDiffLast5,3,0.5243421052631578,1.0059462832649042,0.19999221009468165
ShotDiffLast5 + AwayShotsOnTargetLast5 + XGAgainstDiffPg,3,0.522972972972973,1.0059492654211537,0.20022227402970866
AwayGDPerGame + HomeGoalsPerGame + XGForDiffPg,3,0.5135135135135136,1.0059541336032036,0.20066802596332897
PPGDiff + GoalsPerGameDiff + HomeGoalsLast5,3,0.5243421052631579,1.005955243917758,0.2007759383701233
ShotDiffLast5 + AwayPPG + XGForDiffPg,3,0.516891891891892,1.0059585238343145,0.20055767121991588
AwayElo + HomePPG + AwayGDPerGame,3,0.5171052631578947,1.005961114667143,0.20062365003901184
GDPerGameDiff + HomeGDPerGame + AwayShotsOnTargetLast5,3,0.519078947368421,1.0059670166370942,0.2003905275762649
GoalsPerGameDiff + ShotDiffLast5 + AwayElo,3,0.5236842105263158,1.0059719560597307,0.2006647732144146
HomeGDPerGame + AwayGDPerGame + AwayShotsOnTargetLast5,3,0.519078947368421,1.0059745212804552,0.20039283358722487
GDPerGameDiff + HomePPG + HomeGDPerGame,3,0.5177631578947368,1.0059770040932348,0.2003845431884074
AwayPPG + AwayShotsOnTargetAgainstLast5 + XGForDiffPg,3,0.5162162162162163,1.0059783075412285,0.20063550780150285
GDPerGameDiff + AwayGDPerGame + AwayShotsOnTargetLast5,3,0.519078947368421,1.0059893492988734,0.200398180676266
PPGDiff + AwayGoalsAgainstPerGame + HomeGoalsLast5,3,0.5256578947368421,1.0059911421494996,0.20071596655098145
GoalsAgainstPerGameDiff + AwayPPG + XGDDiffLast5,3,0.5144736842105263,1.0059944013258297,0.20050827354140444
PPGDiff + AwayGoalsAgainstLast5 + AwayShotsAgainstLast5,3,0.5203947368421052,1.0059998467269164,0.20076395286062543
HomeGoalsAgainstLast5 + XGAgainstDiffPg + XGDDiffLast5,3,0.5168918918918919,1.006000684296498,0.2004129775048766
PPGDiff + GoalDiffLast5 + HomeGoalsPerGame,3,0.5256578947368421,1.0060009696263645,0.2006992818023373
HomePPG + HomeGDPerGame + AwayGDPerGame,3,0.5171052631578947,1.0060023341535724,0.20039468648862901
GDPerGameDiff + AwayGoalsAgainstLast5 + AwayShotsOnTargetAgainstLast5,3,0.5118421052631579,1.006043695786253,0.2004212887456241
AwayElo + AwayPointsLast5 + XGForDiffPg,3,0.5128378378378379,1.006044110305038,0.2006047665994916
GoalDiffLast5 + HomeShotsAgainstLast5 + XGAgainstDiffPg,3,0.5128378378378379,1.0060445710892116,0.20038402452418333
GDPerGameDiff + HomePPG + AwayGDPerGame,3,0.5177631578947368,1.006044588489868,0.2004036033811253
HomePointsLast5 + HomeShotsAgainstLast5 + XGAgainstDiffPg,3,0.5168918918918919,1.006051472640476,0.20035963032484924
GoalAgainstDiffLast5 + GDPerGameDiff + HomeShotsOnTargetAgainstLast5,3,0.5197368421052632,1.0060587833819838,0.20029316374248188
PPGDiff + AwayElo,2,0.5236842105263158,1.006065498675398,0.20076051162151176
GDPerGameDiff + AwayGoalsAgainstPerGame + AwayShotsOnTargetAgainstLast5,3,0.5131578947368421,1.0060798256726247,0.20044726086440262
HomePointsLast5 + AwayPointsLast5 + XGAgainstDiffPg,3,0.5168918918918919,1.0060890902269404,0.20042901162289015
GoalAgainstDiffLast5 + PPGDiff + AwayShotsOnTargetLast5,3,0.5230263157894737,1.0061108700404122,0.20069932318367564
ShotOTDiffLast5 + AwayGoalsAgainstLast5 + XGForDiffPg,3,0.525,1.0061135698859847,0.20057204798159625
PPGDiff + GoalsAgainstPerGameDiff + GoalDiffLast5,3,0.5217105263157894,1.0061147560995467,0.20053285974862656
PPGDiff + AwayGoalsLast5 + AwayShotsAgainstLast5,3,0.5223684210526316,1.00611970919655,0.2007799321623796
ShotOTDiffLast5 + GoalsAgainstPerGameDiff + HomeShotsAgainstLast5,3,0.5282894736842105,1.0061270672268934,0.20031905974968536
GDPerGameDiff + AwayElo + AwayGoalsLast5,3,0.5144736842105263,1.006139401906624,0.2004911484894275
GoalAgainstDiffLast5 + PPGDiff + HomeGoalsPerGame,3,0.5276315789473685,1.0061405980476135,0.20064034063016703
GDPerGameDiff + AwayElo + AwayGoalsAgainstPerGame,3,0.5105263157894736,1.0061431763168567,0.20051878033224815
AwayElo + HomePPG + AwayShotsAgainstLast5,3,0.5190789473684211,1.0061494730818392,0.20071274665563674
HomeElo + AwayPointsLast5 + AwayGoalsAgainstLast5,3,0.5210526315789473,1.006151884043704,0.20032342826347702
PPGDiff + HomeGDPerGame + HomeGoalsAgainstLast5,3,0.5223684210526316,1.006155989001574,0.20055736068623065
GoalsAgainstPerGameDiff + AwayElo + HomePointsLast5,3,0.5131578947368421,1.006156125206133,0.20062938748510148
HomeGoalsPerGame + AwayGoalsAgainstPerGame + XGDDiffLast5,3,0.5269736842105263,1.0061614622841806,0.2005702884220123
PPGDiff + AwayShotsAgainstLast5 + AwayShotsOnTargetAgainstLast5,3,0.5210526315789474,1.0061713467036824,0.20082731968300307
HomeGoalsPerGame + HomeShotsAgainstLast5 + XGDDiffLast5,3,0.5230263157894737,1.0061749061649155,0.20050783704003378
GDPerGameDiff + GoalDiffLast5 + AwayElo,3,0.5138157894736842,1.0061823785529405,0.2005729948065009
HomePointsLast5 + HomeShotsOnTargetAgainstLast5 + XGAgainstDiffPg,3,0.518918918918919,1.0061890159536595,0.20039463014365105
HomeGoalsPerGame + AwayPointsLast5 + XGDDiffLast5,3,0.5203947368421054,1.0061898255872266,0.20054007796176615
GDPerGameDiff + PPGDiff + AwayGoalsAgainstLast5,3,0.5203947368421052,1.0061970971243697,0.20056180857649916
GoalsAgainstPerGameDiff + AwayGoalsAgainstPerGame + XGDDiffLast5,3,0.5157894736842105,1.0061971779332082,0.20042878276335915
PPGDiff + GoalsAgainstPerGameDiff + HomeGDPerGame,3,0.519078947368421,1.006198897011779,0.20044352183061037
AwayElo + HomePPG,2,0.5131578947368421,1.0062003623901083,0.20069172697852358
GDPerGameDiff + HomePPG + HomePointsLast5,3,0.5164473684210527,1.00621407582581,0.20039104470802935
PPGDiff + AwayElo + AwayGoalsLast5,3,0.5236842105263158,1.00621675855785,0.2007653236540478
GoalDiffLast5 + HomeElo + HomeShotsAgainstLast5,3,0.5138157894736842,1.006231920830903,0.20048657671771472
HomeGoalsPerGame + AwayPointsLast5 + XGAgainstDiffPg,3,0.5236486486486487,1.0062366018140014,0.2002406304111606
PPGDiff + AwayGoalsLast5 + HomeGoalsAgainstLast5,3,0.5249999999999999,1.006237307476622,0.2006661229613193
HomePointsLast5 + AwayShotsOnTargetAgainstLast5 + XGAgainstDiffPg,3,0.5243243243243243,1.0062568861071377,0.20042890188056364
AwayElo + XGForDiffLast5 + XGDDiffLast5,3,0.5105263157894737,1.0062581213155068,0.20079223650705935
GoalAgainstDiffLast5 + HomeElo + XGAgainstDiffLast5,3,0.5184210526315789,1.006258465210322,0.20015715314996138
GoalsPerGameDiff + AwayElo + HomeShotsOnTargetLast5,3,0.5296052631578948,1.006261504134831,0.20083867021149945
ShotDiffLast5 + AwayPPG + HomeGoalsPerGame,3,0.5282894736842105,1.0062623425641315,0.20063364576511053
GoalsAgainstPerGameDiff + HomeShotsOnTargetLast5 + XGAgainstDiffPg,3,0.5148648648648648,1.006264164345434,0.20011189760434395
ShotDiffLast5 + AwayShotsOnTargetAgainstLast5 + XGAgainstDiffPg,3,0.5222972972972972,1.0062682458775716,0.2002751642092294
AwayElo + XGForDiffLast5 + XGAgainstDiffLast5,3,0.5105263157894737,1.0062686401315086,0.20079420519525654
GoalAgainstDiffLast5 + AwayElo + HomePPG,3,0.5171052631578947,1.0062701332244215,0.200679808329715
HomePointsLast5 + HomeShotsOnTargetAgainstLast5 + XGDDiffLast5,3,0.5157894736842105,1.006273763604772,0.200729402341472
PPGDiff + AwayPointsLast5 + HomeGoalsAgainstLast5,3,0.5256578947368421,1.0062750329247632,0.20067624017591684
GoalAgainstDiffLast5 + PPGDiff + AwayPointsLast5,3,0.5210526315789473,1.0062792411962571,0.2006913924133198
GoalsPerGameDiff + ShotDiffLast5 + AwayShotsOnTargetAgainstLast5,3,0.525,1.0062800035216584,0.20065428206546998
AwayGDPerGame + HomeShotsAgainstLast5 + XGDDiffLast5,3,0.5151315789473684,1.0062822656566217,0.20068750869970045
AwayElo + XGAgainstDiffLast5 + XGDDiffLast5,3,0.5105263157894737,1.0062830413980217,0.20079814166693638
GDPerGameDiff + HomePPG + AwayGoalsLast5,3,0.5210526315789474,1.0062849932506817,0.20038749638423536
ShotOTDiffLast5 + GoalsAgainstPerGameDiff + XGAgainstDiffLast5,3,0.5171052631578947,1.0062904087494327,0.2004867116019413
HomePPG + AwayShotsAgainstLast5 + XGForDiffLast5,3,0.5131578947368421,1.0062941170861488,0.2006454715703412
PPGDiff + GoalsPerGameDiff + AwayElo,3,0.5223684210526316,1.0062978795872648,0.20086556010787252
GDPerGameDiff + HomePPG + AwayPointsLast5,3,0.525,1.0063010049456795,0.20044071858989534
HomeGoalsLast5 + AwayGoalsLast5 + XGForDiffPg,3,0.5168918918918919,1.006301023086131,0.2007052657427581
GoalDiffLast5 + HomeGoalsLast5 + XGForDiffPg,3,0.5168918918918919,1.0063100423343938,0.2007065574723214
AwayElo + AwayPPG + XGForDiffPg,3,0.5155405405405405,1.0063137547449776,0.20068427818046244
GoalDiffLast5 + AwayGoalsLast5 + XGForDiffPg,3,0.5168918918918919,1.0063143944135522,0.20070676064062384
HomeGoalsPerGame + XGForDiffPg,2,0.5128378378378378,1.0063177610797656,0.20065127079954753
PPGDiff + HomeGDPerGame + AwayGoalsAgainstLast5,3,0.5223684210526316,1.0063254464635087,0.20064722111650832
PPGDiff + GoalsPerGameDiff + AwayShotsOnTargetLast5,3,0.5269736842105264,1.0063263974820469,0.2008633110920849
AwayGoalsLast5 + AwayShotsOnTargetAgainstLast5 + XGForDiffPg,3,0.5168918918918919,1.0063272876991134,0.20058386814386273
HomePointsLast5 + AwayPointsLast5 + XGDDiffLast5,3,0.5197368421052632,1.0063279833924326,0.20067851420546337
AwayGDPerGame + HomeGoalsLast5 + XGDDiffLast5,3,0.5217105263157895,1.0063333560010963,0.2007604100157391
PPGDiff + AwayElo + AwayShotsOnTargetLast5,3,0.5223684210526316,1.0063389914700611,0.2008174289011384
HomeGoalsPerGame + XGForDiffPg + XGForDiffLast5,3,0.5148648648648648,1.0063424773292131,0.20063082045703184
PPGDiff + HomeGoalsPerGame,2,0.5243421052631579,1.0063438473365678,0.20073184951494497
PPGDiff + HomeGDPerGame + HomeGoalsPerGame,3,0.5243421052631578,1.0063450679945092,0.2006937417980093
HomeShotsOnTargetLast5 + XGAgainstDiffPg + XGAgainstDiffLast5,3,0.5101351351351351,1.0063507852259699,0.20035803863658644
PPGDiff + AwayGDPerGame + HomeGoalsLast5,3,0.5269736842105263,1.0063538777527148,0.200857648187982
ShotOTDiffLast5 + GoalAgainstDiffLast5 + XGAgainstDiffPg,3,0.5168918918918919,1.0063692087587883,0.20044327943116635
GDPerGameDiff + AwayGoalsAgainstPerGame + AwayShotsAgainstLast5,3,0.5131578947368421,1.0063698754453254,0.20058559532458978
PPGDiff + GoalsPerGameDiff + GoalsAgainstPerGameDiff,3,0.519078947368421,1.0063718647869726,0.200571049835671
ShotDiffLast5 + HomeGoalsPerGame + XGAgainstDiffLast5,3,0.5197368421052632,1.006372131195417,0.2004190768093898
GoalsAgainstPerGameDiff + ShotDiffLast5 + HomePointsLast5,3,0.5276315789473685,1.006373985435812,0.20024270987513718
HomeElo + AwayGoalsAgainstPerGame + HomeGoalsAgainstLast5,3,0.5177631578947368,1.006377103005753,0.20036559997142545
GDPerGameDiff + HomePPG,2,0.5210526315789473,1.0063777205950304,0.20040667553625793
ShotDiffLast5 + HomePPG + AwayShotsOnTargetAgainstLast5,3,0.5177631578947368,1.0063783929137022,0.2003235241356809
GDPerGameDiff + AwayGoalsLast5 + AwayShotsOnTargetLast5,3,0.5171052631578947,1.0063808053646675,0.2004988284066375
PPGDiff + HomeGoalsPerGame + HomeGoalsLast5,3,0.5289473684210526,1.0063816799395855,0.20076369327871332
HomeGoalsPerGame + HomeShotsOnTargetAgainstLast5 + XGAgainstDiffPg,3,0.518918918918919,1.0063831484673353,0.20014718868027873
GDPerGameDiff + PPGDiff + GoalsPerGameDiff,3,0.519078947368421,1.0063908373418564,0.20057525479438845
GoalAgainstDiffLast5 + PPGDiff + GoalsPerGameDiff,3,0.5184210526315789,1.0063925640439662,0.2008180441160261
AwayPointsLast5 + HomeShotsOnTargetLast5 + XGAgainstDiffPg,3,0.5162162162162162,1.0063944150192694,0.20036852193717863
GoalAgainstDiffLast5 + PPGDiff + AwayElo,3,0.5256578947368421,1.006397378396798,0.20079788591963818
GDPerGameDiff + PPGDiff + GoalsAgainstPerGameDiff,3,0.519078947368421,1.0064056537020614,0.20057362809582527
AwayElo + AwayPPG + XGDDiffLast5,3,0.5105263157894737,1.006406030041964,0.20084106131593815
GoalsPerGameDiff + HomeGoalsPerGame + XGForDiffPg,3,0.5128378378378379,1.0064424914624137,0.2007277324009825
GoalsPerGameDiff + AwayPPG + XGForDiffPg,3,0.5155405405405405,1.0064424938613037,0.20081710386340754
AwayShotsAgainstLast5 + XGAgainstDiffPg + XGForDiffLast5,3,0.5216216216216215,1.0064431908925422,0.2005357668262055
GoalsPerGameDiff + HomeShotsOnTargetAgainstLast5 + XGForDiffLast5,3,0.5164473684210527,1.0064450647296674,0.20078390174513536
AwayElo + AwayGDPerGame + XGDDiffLast5,3,0.5105263157894737,1.0064522232048723,0.20082988690804335
ShotOTDiffLast5 + AwayShotsOnTargetAgainstLast5 + XGAgainstDiffPg,3,0.5236486486486487,1.0064569241549255,0.20045710472882247
HomePPG + AwayGoalsAgainstLast5 + XGAgainstDiffPg,3,0.5162162162162163,1.006458055789714,0.20027275756851026
HomePointsLast5 + XGAgainstDiffPg + XGAgainstDiffLast5,3,0.5155405405405405,1.006458162039775,0.20043170068599944
GoalsAgainstPerGameDiff + HomePPG + XGForDiffLast5,3,0.5177631578947368,1.006462420939131,0.2003107645806296
GoalsAgainstPerGameDiff + ShotDiffLast5 + XGAgainstDiffLast5,3,0.5151315789473684,1.0064656346383298,0.20036509721192516
PPGDiff + AwayGDPerGame + AwayShotsOnTargetLast5,3,0.5217105263157895,1.0064687552256426,0.20086237654193484
GDPerGameDiff + AwayElo,2,0.5118421052631579,1.006471892909428,0.2005914104627712
HomePointsLast5 + XGDDiffLast5,2,0.5203947368421052,1.0064753002636997,0.20074245673630473
AwayElo + HomeGoalsLast5 + HomeShotsOnTargetAgainstLast5,3,0.5190789473684211,1.0064788453880038,0.2007518856680515
HomeGoalsPerGame + AwayShotsOnTargetLast5 + XGDDiffLast5,3,0.5197368421052632,1.0064801765240219,0.20067000521827752
AwayGDPerGame + HomePointsLast5 + XGForDiffLast5,3,0.5171052631578947,1.0064890597946237,0.20079136303038414
GoalsAgainstPerGameDiff + AwayElo + HomePPG,3,0.5144736842105263,1.0065056743941752,0.2004374614674334
PPGDiff + GoalsAgainstPerGameDiff + AwayShotsOnTargetAgainstLast5,3,0.525,1.0065060591933142,0.20064175367868498
HomeGoalsLast5 + HomeShotsOnTargetLast5 + XGAgainstDiffPg,3,0.5087837837837839,1.0065205076429735,0.20039006460158032
HomeElo + AwayPointsLast5 + HomeGoalsAgainstLast5,3,0.5177631578947369,1.006525866819061,0.20029378351936972
HomeGDPerGame + AwayPointsLast5 + XGAgainstDiffPg,3,0.525,1.0065358680057914,0.20021036947925694
AwayGoalsAgainstLast5 + XGAgainstDiffPg + XGDDiffLast5,3,0.5155405405405404,1.0065488661529263,0.2005677427412994
HomeGoalsPerGame + AwayShotsAgainstLast5 + XGForDiffPg,3,0.5216216216216216,1.0065501568918398,0.20072379652390943
HomeShotsAgainstLast5 + HomeShotsOnTargetLast5 + XGAgainstDiffPg,3,0.5108108108108108,1.0065518798104085,0.2002526458923636
GoalsPerGameDiff + XGForDiffPg,2,0.5094594594594595,1.0065519244649814,0.2008028768789011
GDPerGameDiff + GoalDiffLast5 + AwayShotsOnTargetAgainstLast5,3,0.5151315789473684,1.0065607504470697,0.200585226437044
GoalsAgainstPerGameDiff + HomeGoalsAgainstLast5 + XGDDiffLast5,3,0.5177631578947368,1.0065736987804392,0.2005224183277789
PPGDiff + HomeGoalsLast5 + AwayGoalsAgainstLast5,3,0.525,1.0065737387950118,0.2009019377850309
PPGDiff + GoalsAgainstPerGameDiff + AwayShotsOnTargetLast5,3,0.5197368421052632,1.0065748679626787,0.20062450602341275
HomeGoalsLast5 + AwayGoalsAgainstLast5 + XGForDiffPg,3,0.5195945945945946,1.0065771586732173,0.20085944663302238
GoalAgainstDiffLast5 + PPGDiff + AwayShotsAgainstLast5,3,0.5236842105263158,1.0065786258790594,0.20082491406445901
HomeElo + AwayGoalsLast5 + HomeShotsOnTargetAgainstLast5,3,0.5019736842105263,1.0065836495722489,0.20035546333965124
GoalAgainstDiffLast5 + ShotDiffLast5 + XGAgainstDiffPg,3,0.5155405405405405,1.0065887538922835,0.20038901549597907
PPGDiff + HomeGoalsPerGame + AwayGoalsLast5,3,0.5263157894736843,1.0065970610301496,0.20077010411167476
GoalsAgainstPerGameDiff + HomeGoalsPerGame + XGAgainstDiffPg,3,0.5216216216216216,1.0065979107639622,0.20007363252122026
GoalsPerGameDiff + HomePPG + XGForDiffLast5,3,0.518421052631579,1.0066054605693968,0.20085671932808494
GoalDiffLast5 + AwayElo + HomeShotsAgainstLast5,3,0.5177631578947368,1.0066077362782737,0.20085019443568197
PPGDiff + GoalDiffLast5 + AwayGDPerGame,3,0.5230263157894737,1.0066103043823758,0.2009142022812964
AwayPPG + XGForDiffPg + XGForDiffLast5,3,0.5135135135135135,1.0066111676361649,0.20074445528303395
AwayPPG + XGForDiffPg,2,0.5121621621621621,1.0066172475579855,0.20078683191688287
ShotOTDiffLast5 + ShotDiffLast5 + XGForDiffPg,3,0.5216216216216216,1.0066201654171862,0.20058386804125009
GoalsAgainstPerGameDiff + HomePPG + XGAgainstDiffPg,3,0.5249999999999999,1.0066244421074448,0.20005343414679322
AwayElo + HomeGoalsAgainstLast5 + HomeShotsOnTargetLast5,3,0.5197368421052633,1.0066254229329306,0.20072225633028087
AwayGDPerGame + AwayShotsOnTargetAgainstLast5 + XGForDiffPg,3,0.5182432432432432,1.0066261207847182,0.2007386978623527
ShotOTDiffLast5 + AwayElo + HomeGoalsPerGame,3,0.5210526315789474,1.006627412853275,0.20067667240946535
GoalDiffLast5 + XGForDiffPg + XGForDiffLast5,3,0.5168918918918919,1.0066300714817458,0.20072684108344283
PPGDiff + GoalsPerGameDiff + HomePPG,3,0.5236842105263158,1.0066303425478917,0.20085066437224303
GoalsAgainstPerGameDiff + HomePointsLast5 + XGForDiffLast5,3,0.5171052631578947,1.0066348090123536,0.20048257589258023
HomeGoalsPerGame + AwayGoalsAgainstPerGame + XGForDiffPg,3,0.5195945945945947,1.006636642680278,0.20072625151369572
GoalsPerGameDiff + HomePPG + AwayPPG,3,0.5236842105263158,1.006638470547344,0.2008553073316698
GDPerGameDiff + HomeGoalsLast5,2,0.5217105263157895,1.0066426283287293,0.20061021472105514
PPGDiff + GoalsAgainstPerGameDiff + HomeGoalsPerGame,3,0.5157894736842106,1.0066432775422736,0.20053980877931302
ShotDiffLast5 + GoalDiffLast5 + XGForDiffPg,3,0.5195945945945947,1.0066441968230704,0.2007326328640201
HomeShotsOnTargetLast5 + HomeShotsOnTargetAgainstLast5 + XGAgainstDiffPg,3,0.5114864864864865,1.0066455806833488,0.2002346512498827
GoalsPerGameDiff + XGForDiffPg + XGForDiffLast5,3,0.5108108108108108,1.0066576483644978,0.20079157130441058
PPGDiff + GoalsPerGameDiff + AwayPPG,3,0.5236842105263158,1.0066611874257134,0.20085947759962805
ShotOTDiffLast5 + AwayElo + HomeShotsOnTargetAgainstLast5,3,0.5177631578947368,1.006666939964025,0.20059657190716684
HomeGoalsPerGame + XGForDiffLast5 + XGDDiffLast5,3,0.5177631578947368,1.0066671317005533,0.20066171069688438
AwayElo + HomeShotsOnTargetAgainstLast5 + XGAgainstDiffPg,3,0.5155405405405405,1.0066775756545572,0.20050308428051786
GoalsPerGameDiff + AwayGoalsLast5 + XGForDiffPg,3,0.5148648648648649,1.006677806727408,0.20076408673403812
GoalDiffLast5 + HomePointsLast5 + XGDDiffLast5,3,0.5190789473684211,1.0066785907612823,0.20077495966601358
GoalDiffLast5 + AwayPPG + XGForDiffPg,3,0.5162162162162163,1.0066807545751104,0.20088444818026502
GDPerGameDiff + GoalDiffLast5 + AwayShotsAgainstLast5,3,0.5118421052631579,1.0066890045224501,0.20067637232045962
HomePointsLast5 + XGAgainstDiffPg,2,0.5162162162162163,1.0066930446303493,0.20045391764605366
HomeGoalsPerGame + XGAgainstDiffLast5 + XGDDiffLast5,3,0.5177631578947368,1.0066951900891012,0.2006668419400116
GDPerGameDiff + HomeGoalsLast5 + AwayGoalsLast5,3,0.5203947368421052,1.0066994857280822,0.20061537344843006
ShotDiffLast5 + XGForDiffPg,2,0.5195945945945947,1.00670013355052,0.20064452211780828
PPGDiff + HomePPG,2,0.5236842105263159,1.0067007055654882,0.20080503242443096
GDPerGameDiff + GoalDiffLast5 + AwayGoalsLast5,3,0.5203947368421052,1.0067025681083082,0.20061734491102742
PPGDiff + HomePPG + HomePointsLast5,3,0.525,1.0067041645251618,0.20080770486934235
GDPerGameDiff + HomeGoalsAgainstLast5 + AwayShotsOnTargetLast5,3,0.5171052631578947,1.006705488080349,0.20055712909573783
HomeGoalsPerGame + XGAgainstDiffPg,2,0.520945945945946,1.0067054916401892,0.20026629026083168
HomeGoalsPerGame + XGForDiffLast5 + XGAgainstDiffLast5,3,0.5184210526315789,1.0067081587822926,0.20067056855862817
GDPerGameDiff + GoalDiffLast5 + HomeGoalsLast5,3,0.5203947368421052,1.006708408087816,0.20061807552159958
GDPerGameDiff + AwayPointsLast5 + AwayShotsOnTargetAgainstLast5,3,0.5157894736842105,1.0067102503499061,0.2005336887405992
GoalAgainstDiffLast5 + PPGDiff + AwayShotsOnTargetAgainstLast5,3,0.5256578947368421,1.0067152096381766,0.2007877551467182
ShotDiffLast5 + AwayGoalsAgainstLast5 + XGAgainstDiffPg,3,0.5209459459459459,1.0067163926622176,0.20041954110765658
GoalsPerGameDiff + HomeShotsAgainstLast5 + AwayShotsAgainstLast5,3,0.5203947368421052,1.006716597998003,0.20075219061089844
PPGDiff + HomePPG + AwayGDPerGame,3,0.5203947368421052,1.0067216649335538,0.20079645056315867
AwayElo + HomePPG + AwayGoalsLast5,3,0.5151315789473684,1.0067222594224083,0.20078495606001626
PPGDiff + HomePPG + AwayPPG,3,0.5236842105263159,1.0067238028783276,0.200811111040261
PPGDiff + GoalsAgainstPerGameDiff + AwayShotsAgainstLast5,3,0.5171052631578947,1.006723932263552,0.20074577411562705
PPGDiff + AwayPPG + AwayGDPerGame,3,0.5197368421052632,1.0067280344360758,0.20079899539880855
PPGDiff + GoalDiffLast5 + AwayGoalsAgainstPerGame,3,0.5236842105263158,1.0067305794550951,0.20088713185331075
PPGDiff + HomePPG + AwayGoalsLast5,3,0.525,1.0067306908896088,0.20078897285944494
HomePPG + AwayPPG,2,0.5230263157894737,1.0067333684992068,0.20081232448278608
PPGDiff + AwayPPG + HomePointsLast5,3,0.5256578947368421,1.0067344745517957,0.2008179766321015
HomeGDPerGame + AwayShotsOnTargetAgainstLast5 + XGAgainstDiffPg,3,0.5182432432432432,1.0067345402483645,0.2001934109858613
PPGDiff + AwayPPG,2,0.5236842105263159,1.006735816904642,0.20081499430564587
PPGDiff + AwayElo + AwayShotsAgainstLast5,3,0.5203947368421052,1.0067359121434094,0.20094159853624313
GoalsAgainstPerGameDiff + HomeElo + HomeShotsAgainstLast5,3,0.5144736842105264,1.0067366402387317,0.20034519057901348
GDPerGameDiff + AwayPointsLast5 + AwayShotsAgainstLast5,3,0.5144736842105263,1.0067389384856973,0.20060124621180356
HomePPG + AwayPPG + HomePointsLast5,3,0.5243421052631578,1.0067394784160324,0.2008161185291486
PPGDiff + HomePPG + HomeGoalsLast5,3,0.525,1.0067408634247488,0.20088046099173673
HomeElo + HomeGoalsAgainstLast5 + AwayShotsOnTargetLast5,3,0.5164473684210527,1.0067452678029518,0.20015291409920774
PPGDiff,1,0.5263157894736842,1.0067476755253475,0.2008565616308203
ShotDiffLast5 + AwayElo + XGAgainstDiffLast5,3,0.5046052631578948,1.0067491450007886,0.20079266616354272
AwayGoalsAgainstLast5 + AwayShotsOnTargetAgainstLast5 + XGForDiffPg,3,0.5175675675675675,1.006755914391073,0.2007771017864139
ShotDiffLast5 + AwayElo + HomeShotsOnTargetAgainstLast5,3,0.5125,1.006761099798735,0.2006297418281242
PPGDiff + AwayPointsLast5,2,0.525,1.0067624995487707,0.20084608960227515
HomePPG + AwayPPG + AwayGoalsLast5,3,0.525,1.0067635296073174,0.20079766717925213
GDPerGameDiff + HomeGoalsLast5 + HomeGoalsAgainstLast5,3,0.5197368421052632,1.0067686610608853,0.20057328261673643
HomePointsLast5 + XGForDiffLast5 + XGDDiffLast5,3,0.5203947368421052,1.0067700106750355,0.20079601414831377
GDPerGameDiff + AwayElo + AwayShotsOnTargetAgainstLast5,3,0.5118421052631579,1.0067759080191023,0.20064819146389057
PPGDiff + AwayPPG + AwayGoalsLast5,3,0.5256578947368421,1.0067793794620783,0.20080236684329947
PPGDiff + AwayElo + AwayGoalsAgainstPerGame,3,0.5236842105263159,1.006783600550507,0.2008964751239054
HomePPG + AwayPPG + HomeGoalsLast5,3,0.5256578947368421,1.006783744113178,0.2008922876875703
HomePointsLast5 + XGForDiffLast5 + XGAgainstDiffLast5,3,0.5203947368421052,1.006787532948436,0.20079902731630989
HomePPG + AwayPPG + AwayGDPerGame,3,0.5203947368421052,1.0067889240111239,0.2008106990011846
GoalsPerGameDiff + AwayShotsAgainstLast5 + XGForDiffPg,3,0.5135135135135135,1.0067890906118282,0.2008879679917443
GoalsAgainstPerGameDiff + ShotDiffLast5 + GoalDiffLast5,3,0.5210526315789474,1.0067925240430218,0.20049556402708843
HomeGoalsPerGame + AwayPointsLast5 + XGForDiffPg,3,0.5128378378378378,1.0067934384497856,0.2007738995605906
GoalDiffLast5 + HomeGDPerGame + AwayGDPerGame,3,0.5190789473684211,1.0067978410763563,0.20060490767718564
PPGDiff + AwayPPG + HomeGoalsLast5,3,0.5256578947368421,1.0067985571154976,0.200896438970073
AwayGoalsAgainstPerGame + AwayShotsOnTargetAgainstLast5 + XGForDiffPg,3,0.5121621621621621,1.0067994981753947,0.20077932832600942
GDPerGameDiff + GoalDiffLast5 + HomeGDPerGame,3,0.5190789473684211,1.0067996639144428,0.20060285805939496
PPGDiff + AwayGoalsAgainstPerGame + AwayShotsOnTargetLast5,3,0.5223684210526316,1.0068004119014309,0.2009100439351343
GoalDiffLast5 + HomeGoalsPerGame + XGForDiffPg,3,0.5162162162162162,1.006801261346939,0.20081207570393853
ShotDiffLast5 + HomeGDPerGame + AwayGoalsAgainstPerGame,3,0.5236842105263158,1.0068014036975823,0.2003785603680153
HomePointsLast5 + XGAgainstDiffLast5 + XGDDiffLast5,3,0.5203947368421052,1.0068059043090278,0.2008026616958763
GDPerGameDiff + AwayPointsLast5 + HomeGoalsLast5,3,0.5203947368421052,1.0068109969150743,0.20066950533890923
AwayGDPerGame + AwayPointsLast5 + XGDDiffLast5,3,0.5118421052631579,1.0068158615250595,0.2007367863495273
ShotDiffLast5 + HomePointsLast5 + XGAgainstDiffLast5,3,0.5092105263157894,1.0068160138379243,0.20064893311749032
AwayElo + HomeGoalsPerGame + XGForDiffLast5,3,0.5098684210526316,1.0068186805347987,0.20083125829360096
GDPerGameDiff + GoalDiffLast5 + AwayGDPerGame,3,0.5190789473684211,1.006819934103014,0.20061015388075698
GoalsPerGameDiff + AwayShotsOnTargetLast5 + XGForDiffPg,3,0.5101351351351351,1.0068252852768202,0.20087473587613555
GDPerGameDiff + AwayElo + AwayShotsOnTargetLast5,3,0.5144736842105264,1.0068256716265325,0.20067124310282153
ShotDiffLast5 + AwayGoalsAgainstPerGame + XGAgainstDiffPg,3,0.5162162162162163,1.006828894547301,0.20043830195223222
PPGDiff + HomeGoalsPerGame + AwayPointsLast5,3,0.5256578947368421,1.0068318920312493,0.2008486251718812
PPGDiff + GoalsAgainstPerGameDiff + AwayElo,3,0.5210526315789474,1.0068477565073088,0.20071070679857922
GoalAgainstDiffLast5 + GoalsPerGameDiff + XGForDiffLast5,3,0.5171052631578947,1.0068551599696782,0.20091386791035887
PPGDiff + HomePPG + HomeGoalsAgainstLast5,3,0.5230263157894737,1.0068564822135586,0.20076516903319555
GoalAgainstDiffLast5 + HomePPG + XGAgainstDiffPg,3,0.520945945945946,1.0068642811601727,0.20033321597248333
HomeGoalsPerGame + AwayShotsOnTargetLast5 + XGForDiffPg,3,0.5128378378378379,1.0068681192168032,0.20079565698090707
GoalsAgainstPerGameDiff + HomeElo + HomeShotsOnTargetLast5,3,0.5164473684210527,1.0068720520963537,0.20039292417699647
HomeElo + HomePPG + AwayGoalsLast5,3,0.5085526315789474,1.0068727469756809,0.20050667504358946
PPGDiff + GoalsAgainstPerGameDiff + HomeGoalsAgainstLast5,3,0.525,1.0068743454570077,0.20065992569702684
AwayPPG + AwayShotsOnTargetLast5 + XGForDiffPg,3,0.5101351351351352,1.0068754750409608,0.2008432048267078
HomeGoalsPerGame + HomeShotsOnTargetLast5 + XGDDiffLast5,3,0.5210526315789474,1.0068760433895592,0.2007097361433675
PPGDiff + AwayPPG + HomeGoalsAgainstLast5,3,0.5223684210526316,1.006887461746785,0.2007749848344901
GDPerGameDiff + AwayGoalsAgainstLast5 + AwayShotsAgainstLast5,3,0.5144736842105263,1.0068929854415964,0.20067566866464975
HomePPG + AwayPPG + HomeGoalsAgainstLast5,3,0.5230263157894737,1.0068937635713948,0.20077295094584738
ShotOTDiffLast5 + AwayGoalsAgainstPerGame + XGAgainstDiffPg,3,0.5222972972972973,1.0068940237841244,0.20057579900073688
HomeGoalsPerGame + HomeGoalsLast5 + XGForDiffPg,3,0.5121621621621621,1.0068945472536353,0.200807135280672
ShotDiffLast5 + AwayGDPerGame + XGDDiffLast5,3,0.5151315789473684,1.00689537165681,0.20087035829657907
AwayElo + AwayGoalsAgainstPerGame + XGDDiffLast5,3,0.5151315789473684,1.0068955650554277,0.20088004232350434
GoalAgainstDiffLast5 + PPGDiff + HomePPG,3,0.5263157894736842,1.0068959810136529,0.20080748900803636
HomeShotsAgainstLast5 + AwayShotsOnTargetAgainstLast5 + XGForDiffLast5,3,0.5236842105263158,1.0068960327555834,0.20072448327174272
AwayGoalsAgainstPerGame + XGAgainstDiffPg + XGDDiffLast5,3,0.5162162162162163,1.0069080606807994,0.20064719812822024
HomeShotsOnTargetLast5 + XGAgainstDiffPg,2,0.5087837837837839,1.0069114432125108,0.20037512293018928
GoalAgainstDiffLast5 + PPGDiff,2,0.5230263157894737,1.0069158174435846,0.20086341334276356
HomePointsLast5 + HomeShotsAgainstLast5 + XGDDiffLast5,3,0.5092105263157894,1.0069161361074657,0.20083374237048354
HomeGoalsPerGame + HomeGoalsAgainstLast5 + XGDDiffLast5,3,0.5144736842105263,1.0069217053353534,0.2006796261131321
PPGDiff + GoalsPerGameDiff,2,0.5256578947368421,1.0069262187619148,0.20097363359584172
GoalAgainstDiffLast5 + HomePPG + AwayPPG,3,0.5256578947368421,1.0069334790918594,0.2008169980002484
PPGDiff + GoalsPerGameDiff + AwayPointsLast5,3,0.525,1.0069417301079335,0.20095414807683845
GDPerGameDiff + AwayShotsOnTargetLast5 + AwayShotsOnTargetAgainstLast5,3,0.5164473684210527,1.00694222910353,0.20066295940444834
GoalAgainstDiffLast5 + PPGDiff + AwayPPG,3,0.5256578947368421,1.006946812044592,0.20082129962162665
GoalsPerGameDiff + AwayPointsLast5 + XGForDiffPg,3,0.5101351351351351,1.0069496966238902,0.20088106950715665
HomeGoalsPerGame + AwayShotsOnTargetAgainstLast5 + XGAgainstDiffPg,3,0.5277027027027027,1.0069525335459288,0.2004032786532583
PPGDiff + AwayGoalsLast5,2,0.5276315789473683,1.0069534173431505,0.20089733068828497
GDPerGameDiff + GoalDiffLast5 + HomeGoalsAgainstLast5,3,0.5177631578947368,1.006957596469091,0.20061540904633812
PPGDiff + HomePPG + AwayPointsLast5,3,0.5223684210526316,1.0069606274354057,0.20087541919990648
AwayPPG + AwayGoalsLast5 + XGForDiffPg,3,0.5114864864864865,1.0069654472172518,0.20078261182646398
GoalsPerGameDiff + HomePointsLast5 + XGForDiffLast5,3,0.5171052631578947,1.0069692104478574,0.20104868426120936
PPGDiff + GoalsPerGameDiff + GoalDiffLast5,3,0.5230263157894737,1.0069748872566728,0.20099056806062873
HomePointsLast5 + AwayShotsAgainstLast5 + XGDDiffLast5,3,0.5190789473684211,1.0069757000716928,0.20080994621155604
ShotDiffLast5 + AwayElo + HomeGoalsLast5,3,0.5197368421052632,1.006975823631225,0.20085210343325327
HomePointsLast5 + HomeGoalsLast5 + XGAgainstDiffPg,3,0.5101351351351351,1.0069758387647298,0.20054132372327976
HomeGDPerGame + XGAgainstDiffPg + XGAgainstDiffLast5,3,0.5081081081081081,1.0069795419089362,0.2002726173716775
ShotOTDiffLast5 + AwayGoalsAgainstLast5 + XGAgainstDiffPg,3,0.5195945945945947,1.0069823328300693,0.20058464391139194
AwayElo + AwayGDPerGame + XGForDiffPg,3,0.5175675675675676,1.0069881347574066,0.20079163998563418
GoalAgainstDiffLast5 + GDPerGameDiff + HomePPG,3,0.5236842105263158,1.0069892465296553,0.20048396493333273
HomePPG + AwayPPG + AwayPointsLast5,3,0.5223684210526316,1.0069896692455984,0.2008823864684408
HomeShotsOnTargetLast5 + AwayShotsOnTargetAgainstLast5 + XGAgainstDiffPg,3,0.5108108108108108,1.0069915417957593,0.2005188167980025
GoalsPerGameDiff + AwayGoalsAgainstPerGame + XGForDiffPg,3,0.5155405405405405,1.0069940329682305,0.20087714740679494
ShotDiffLast5 + HomeGDPerGame + AwayPointsLast5,3,0.5296052631578947,1.0069944057037339,0.20034776238023005
GDPerGameDiff + AwayShotsOnTargetAgainstLast5,2,0.5118421052631579,1.0069955277114346,0.20062815883627724
AwayPPG + AwayPointsLast5 + XGForDiffPg,3,0.5148648648648648,1.00699619683727,0.20084715927858535
ShotOTDiffLast5 + GoalAgainstDiffLast5 + GoalsPerGameDiff,3,0.525,1.0070023566079402,0.20087038278112024
HomeGDPerGame + AwayGoalsAgainstPerGame + XGForDiffLast5,3,0.511842105263158,1.0070079661565632,0.20063136958786776
GDPerGameDiff + AwayPointsLast5 + AwayShotsOnTargetLast5,3,0.5164473684210527,1.007008573915194,0.20064696308836882
PPGDiff + AwayPPG + AwayPointsLast5,3,0.5223684210526316,1.0070170422081153,0.20088946405392252
GoalAgainstDiffLast5 + GDPerGameDiff + HomeGoalsLast5,3,0.5177631578947368,1.0070255533398584,0.20063039581590347
PPGDiff + AwayPointsLast5 + AwayGoalsLast5,3,0.5263157894736842,1.007028251606424,0.20089371837754136
ShotDiffLast5 + AwayPointsLast5 + XGForDiffPg,3,0.5182432432432432,1.0070350901944327,0.2007113083156402
AwayPPG + AwayPointsLast5 + XGDDiffLast5,3,0.5085526315789474,1.0070354267305626,0.2008791814542398
HomeGoalsPerGame + AwayShotsAgainstLast5 + XGDDiffLast5,3,0.5210526315789473,1.007040318746089,0.20074093404298218
GoalAgainstDiffLast5 + XGAgainstDiffPg + XGDDiffLast5,3,0.518918918918919,1.00704733163951,0.20068400264196548
HomePPG + HomeShotsAgainstLast5 + XGForDiffLast5,3,0.5144736842105263,1.0070564929128456,0.2007677892715111
HomeElo + HomeGDPerGame + AwayGoalsLast5,3,0.506578947368421,1.0070566506069543,0.20054108241676571
GDPerGameDiff + HomeGoalsPerGame + AwayShotsAgainstLast5,3,0.5151315789473684,1.007059256616178,0.20068404879173213
GDPerGameDiff + AwayShotsAgainstLast5,2,0.5111842105263158,1.0070783976598001,0.20072069173010143
ShotDiffLast5 + AwayPPG + XGDDiffLast5,3,0.5151315789473684,1.007079001063734,0.20091857121919116
GoalAgainstDiffLast5 + PPGDiff + AwayGoalsLast5,3,0.5223684210526316,1.0070818624223516,0.20089018570629993
GDPerGameDiff + GoalDiffLast5 + AwayPointsLast5,3,0.5177631578947368,1.0070836401118173,0.2007005632301212
GDPerGameDiff + AwayGoalsLast5 + AwayShotsOnTargetAgainstLast5,3,0.5177631578947368,1.0070843724403673,0.20062068334485633
GoalsAgainstPerGameDiff + HomeElo + AwayGoalsAgainstLast5,3,0.5111842105263158,1.0070938319246778,0.2005779294881361
GDPerGameDiff + HomeGoalsPerGame + AwayShotsOnTargetAgainstLast5,3,0.5210526315789473,1.0070994829293596,0.20061113518116538
GoalsPerGameDiff + HomeGDPerGame + XGForDiffLast5,3,0.5072368421052632,1.0071022768911304,0.20092772442471685
ShotDiffLast5 + AwayGDPerGame + XGForDiffPg,3,0.5168918918918919,1.0071099981315577,0.20076613663524978
HomeElo + HomeGoalsPerGame + AwayGoalsLast5,3,0.5072368421052631,1.0071144669712147,0.20057131743353862
HomeGoalsPerGame + HomeGoalsLast5 + XGDDiffLast5,3,0.5223684210526316,1.007120829031501,0.20073665873980548
HomeElo + AwayGoalsLast5,2,0.5059210526315789,1.0071220791696325,0.20055799543311167
AwayElo + HomeGoalsAgainstLast5 + XGForDiffLast5,3,0.5125000000000001,1.0071244342724954,0.2008465752535831
PPGDiff + GoalsPerGameDiff + AwayGoalsLast5,3,0.5256578947368421,1.0071244383011673,0.20099304937161128
GDPerGameDiff + AwayPPG + AwayShotsAgainstLast5,3,0.5171052631578947,1.0071286956709207,0.20064596979332494
GoalAgainstDiffLast5 + GDPerGameDiff + AwayElo,3,0.513157894736842,1.0071303227611825,0.20068546387210917
PPGDiff + AwayGoalsAgainstPerGame + HomeGoalsAgainstLast5,3,0.5256578947368421,1.0071363391466237,0.20082313635192034
HomePPG + HomeGoalsAgainstLast5 + XGAgainstDiffPg,3,0.5222972972972972,1.0071383216462904,0.20023734554164746
ShotDiffLast5 + AwayShotsOnTargetLast5 + XGForDiffPg,3,0.5182432432432432,1.0071388697456034,0.20073748108223322
ShotDiffLast5 + HomeGoalsLast5 + XGDDiffLast5,3,0.5210526315789474,1.0071433080813224,0.20088936867902096
HomePointsLast5 + AwayShotsAgainstLast5 + XGAgainstDiffPg,3,0.5148648648648648,1.0071439635670374,0.2006883933932368
AwayGoalsAgainstPerGame + HomePointsLast5 + XGAgainstDiffPg,3,0.5168918918918919,1.0071451875420212,0.2005967795810837
GDPerGameDiff + AwayShotsAgainstLast5 + AwayShotsOnTargetLast5,3,0.5144736842105263,1.0071793803717397,0.20078272676393666
GoalsAgainstPerGameDiff + ShotDiffLast5 + HomeGoalsPerGame,3,0.5289473684210526,1.0071829854852643,0.20030795506167262
GoalAgainstDiffLast5 + HomeGoalsPerGame + XGDDiffLast5,3,0.5223684210526316,1.007184377656841,0.200725629631646
GoalsAgainstPerGameDiff + AwayElo + HomeShotsOnTargetLast5,3,0.5171052631578947,1.0071858171931318,0.20071172973183876
GoalDiffLast5 + XGForDiffPg,2,0.5175675675675676,1.0071865013293353,0.20093486659315155
GoalsAgainstPerGameDiff + AwayShotsAgainstLast5 + XGDDiffLast5,3,0.5138157894736841,1.0071989874060048,0.2006900859978327
GoalsAgainstPerGameDiff + AwayShotsOnTargetAgainstLast5 + XGDDiffLast5,3,0.5157894736842105,1.007200618401276,0.20062599515053095
GDPerGameDiff + AwayGoalsLast5 + AwayShotsAgainstLast5,3,0.5105263157894737,1.007205940485116,0.20071750424039247
GoalsAgainstPerGameDiff + HomePointsLast5 + XGAgainstDiffPg,3,0.5263513513513514,1.0072104290841843,0.20041422697049902
AwayElo + AwayShotsAgainstLast5 + XGDDiffLast5,3,0.5098684210526316,1.0072146554219157,0.20100995612113928
GDPerGameDiff + GoalDiffLast5,2,0.5164473684210527,1.0072158458962917,0.20073285517939404
ShotDiffLast5 + AwayGoalsAgainstPerGame + XGForDiffPg,3,0.5175675675675675,1.0072180504485533,0.20075826706968738
AwayElo + HomePPG + AwayPointsLast5,3,0.5144736842105263,1.0072188722014932,0.20090492191026896
GDPerGameDiff + HomePPG + AwayGoalsAgainstPerGame,3,0.5203947368421052,1.0072194390450728,0.20059755607894822
AwayElo + HomeGoalsPerGame + HomeGoalsAgainstLast5,3,0.5236842105263158,1.0072208647041225,0.20084451627019503
GDPerGameDiff + AwayPPG + AwayShotsOnTargetAgainstLast5,3,0.5184210526315789,1.0072215202979111,0.20059635554120683
GoalsPerGameDiff + GoalDiffLast5 + XGForDiffPg,3,0.5155405405405405,1.00722165107188,0.2009620872444821
GDPerGameDiff + AwayShotsOnTargetLast5,2,0.5151315789473684,1.0072218315343693,0.20073261169315013
AwayShotsAgainstLast5 + AwayShotsOnTargetAgainstLast5 + XGForDiffPg,3,0.5148648648648648,1.0072250131247285,0.2009295025638608
AwayPPG + HomeGoalsLast5 + XGAgainstDiffPg,3,0.5162162162162163,1.0072310223344325,0.20081837200475872
AwayGDPerGame + HomePointsLast5 + HomeShotsAgainstLast5,3,0.5138157894736841,1.0072341021350057,0.20090187842013665
GoalsPerGameDiff + AwayGDPerGame + XGForDiffPg,3,0.5135135135135136,1.007247520071338,0.20095217141769578
PPGDiff + GoalDiffLast5 + AwayGoalsAgainstLast5,3,0.5256578947368421,1.0072585019239304,0.20104984201881992
ShotDiffLast5 + GoalDiffLast5 + XGDDiffLast5,3,0.5138157894736842,1.0072790944774712,0.20096660216229578
AwayPPG + HomeShotsAgainstLast5 + XGDDiffLast5,3,0.5157894736842105,1.0072896964686209,0.20099158814963047
AwayPPG + HomeGoalsLast5 + XGDDiffLast5,3,0.5197368421052632,1.007292626827611,0.20100090055228625
AwayShotsOnTargetAgainstLast5 + XGAgainstDiffPg + XGDDiffLast5,3,0.5182432432432432,1.007297711463294,0.20070125453848275
PPGDiff + GoalsPerGameDiff + HomeGoalsPerGame,3,0.5256578947368421,1.0073040440647874,0.2010175169632366
ShotDiffLast5 + AwayGoalsLast5 + XGForDiffPg,3,0.5182432432432432,1.007308442668211,0.20070772026013614
HomeGoalsPerGame + AwayShotsOnTargetAgainstLast5 + XGDDiffLast5,3,0.5230263157894737,1.0073108640142192,0.20073191487039788
GDPerGameDiff + AwayElo + AwayShotsAgainstLast5,3,0.5118421052631579,1.0073132051632023,0.20080024725055265
GoalAgainstDiffLast5 + AwayElo + XGDDiffLast5,3,0.5098684210526316,1.0073179258377365,0.20101423096242554
GDPerGameDiff + HomeGDPerGame + AwayGDPerGame,3,0.5210526315789474,1.0073180184529358,0.20066272668976895
GDPerGameDiff + HomeGDPerGame,2,0.5210526315789474,1.0073206781760007,0.20066226733494746
AwayGDPerGame + HomeShotsOnTargetAgainstLast5 + XGDDiffLast5,3,0.5098684210526316,1.0073251222939077,0.20092863646186693
HomeGDPerGame + AwayGDPerGame,2,0.5203947368421052,1.0073277287185973,0.20066561584234668
ShotOTDiffLast5 + GoalsAgainstPerGameDiff + HomePPG,3,0.5217105263157895,1.0073285974249975,0.2005108194528894
AwayGDPerGame + HomeGoalsLast5 + XGAgainstDiffPg,3,0.5081081081081081,1.0073326163634462,0.20083848713939323
ShotDiffLast5 + HomeShotsOnTargetAgainstLast5 + XGDDiffLast5,3,0.5151315789473685,1.0073328213218888,0.200886521533211
GDPerGameDiff + GoalDiffLast5 + AwayShotsOnTargetLast5,3,0.5171052631578947,1.007336460751943,0.20078382232197028
ShotDiffLast5 + AwayShotsAgainstLast5 + XGForDiffPg,3,0.520945945945946,1.0073381893881574,0.2008046785604611
PPGDiff + HomeGoalsPerGame + AwayGoalsAgainstPerGame,3,0.5256578947368421,1.007338621285875,0.2009547358139668
GDPerGameDiff + AwayGDPerGame,2,0.5210526315789473,1.0073476557976906,0.2006709389652364
GoalsAgainstPerGameDiff + HomeGoalsPerGame + XGForDiffLast5,3,0.5157894736842106,1.007350270798403,0.20052565023684757
ShotOTDiffLast5 + AwayShotsAgainstLast5 + XGAgainstDiffPg,3,0.5195945945945946,1.0073508193838197,0.20070084018674295
PPGDiff + AwayGDPerGame + HomeGoalsAgainstLast5,3,0.5210526315789474,1.0073624490764677,0.20094537652330294
XGForDiffPg + XGForDiffLast5,2,0.5128378378378378,1.007369758639172,0.20081568345951453
AwayElo + HomePointsLast5 + AwayShotsOnTargetLast5,3,0.5243421052631578,1.007370599052581,0.2011158151597946
GDPerGameDiff + HomeGoalsPerGame + AwayShotsOnTargetLast5,3,0.5190789473684211,1.0073737592064187,0.20075490312181635
HomeGDPerGame + HomeShotsAgainstLast5 + XGAgainstDiffPg,3,0.5148648648648648,1.0073765550130498,0.20035769249545726
GDPerGameDiff + HomePPG + HomeGoalsAgainstLast5,3,0.5138157894736843,1.0073816681790788,0.20056531671777938
GDPerGameDiff + HomeGDPerGame + AwayPointsLast5,3,0.5210526315789474,1.007384239630417,0.20071159619943682
GDPerGameDiff + AwayPPG + AwayShotsOnTargetLast5,3,0.5217105263157895,1.0073848307729991,0.20068635481498057
GoalsAgainstPerGameDiff + HomeShotsOnTargetAgainstLast5 + XGForDiffLast5,3,0.5197368421052632,1.007391709674863,0.20056197965712902
GoalAgainstDiffLast5 + PPGDiff + AwayGoalsAgainstPerGame,3,0.5236842105263158,1.0073933737699194,0.2009682326597184
ShotDiffLast5 + HomePPG + AwayShotsAgainstLast5,3,0.5210526315789474,1.0073935295720942,0.20065665233307847
XGForDiffPg,1,0.5162162162162163,1.007394134487294,0.2008582479422711
AwayGoalsLast5 + XGForDiffPg + XGForDiffLast5,3,0.5155405405405405,1.0073993986036167,0.200768457912151
HomeGDPerGame + AwayGDPerGame + AwayPointsLast5,3,0.5210526315789474,1.00739968793816,0.20071737384274177
ShotOTDiffLast5 + GoalsPerGameDiff + HomeShotsOnTargetAgainstLast5,3,0.5184210526315789,1.0074011571342143,0.20089053305495383
AwayElo + AwayShotsOnTargetAgainstLast5 + XGDDiffLast5,3,0.511842105263158,1.0074052848720763,0.20101683660429845
GDPerGameDiff + AwayGDPerGame + AwayPointsLast5,3,0.5210526315789474,1.007413678351228,0.20071998583084497
ShotDiffLast5 + AwayGoalsLast5 + XGDDiffLast5,3,0.5138157894736842,1.00741462139486,0.20088944767654968
GoalsPerGameDiff + HomeGoalsAgainstLast5 + XGForDiffLast5,3,0.5118421052631579,1.007415053190664,0.20105246539958144
HomeGoalsPerGame + AwayGoalsAgainstLast5 + XGForDiffPg,3,0.5195945945945946,1.007419305088371,0.20094902892612876
ShotOTDiffLast5 + GoalsPerGameDiff + HomePPG,3,0.518421052631579,1.0074210081470767,0.20096406509768905
GoalDiffLast5 + AwayPointsLast5 + XGForDiffPg,3,0.5168918918918919,1.0074302573057847,0.20097131614339497
GoalDiffLast5 + HomeElo + HomeShotsOnTargetAgainstLast5,3,0.5078947368421053,1.0074367496312682,0.2007666953986746
AwayElo + HomePointsLast5 + AwayShotsOnTargetAgainstLast5,3,0.5164473684210527,1.0074416593106563,0.20111795053820816
AwayGDPerGame + HomeShotsAgainstLast5 + XGForDiffLast5,3,0.5243421052631579,1.0074497377254847,0.20093656806702945
PPGDiff + HomeGoalsAgainstLast5 + AwayGoalsAgainstLast5,3,0.5223684210526316,1.0074545696292665,0.20098213476775503
ShotOTDiffLast5 + GoalsAgainstPerGameDiff + HomePointsLast5,3,0.5203947368421052,1.007456037259951,0.20065641239126678
GoalAgainstDiffLast5 + PPGDiff + HomeGoalsAgainstLast5,3,0.5230263157894737,1.0074593866553148,0.20098334243938076
HomePointsLast5 + HomeGoalsLast5 + XGDDiffLast5,3,0.5210526315789474,1.0074598980825227,0.2009659824091339
HomeGoalsPerGame + AwayGoalsLast5 + XGForDiffPg,3,0.5135135135135136,1.007462312057526,0.2008626285611382
PPGDiff + GoalsPerGameDiff + AwayGDPerGame,3,0.5217105263157894,1.0074636170779514,0.20109583898863848
GoalAgainstDiffLast5 + PPGDiff + AwayGoalsAgainstLast5,3,0.5230263157894737,1.0074662907651402,0.20098522992800402
GDPerGameDiff + AwayElo + AwayGoalsAgainstLast5,3,0.5072368421052631,1.0074827067156216,0.20080661917918952
HomePointsLast5 + AwayShotsOnTargetAgainstLast5 + XGDDiffLast5,3,0.5217105263157894,1.0074945127212738,0.200856152111558
GDPerGameDiff + HomePPG + HomeGoalsLast5,3,0.5203947368421052,1.007495102316443,0.20069690401058768
ShotOTDiffLast5 + AwayGoalsLast5 + XGDDiffLast5,3,0.5151315789473684,1.0074976928115325,0.2009513491069818
GoalDiffLast5 + AwayElo + XGAgainstDiffPg,3,0.5155405405405405,1.0074991460855014,0.20094511512692698
PPGDiff + AwayGoalsAgainstLast5 + AwayShotsOnTargetLast5,3,0.5223684210526315,1.0075015975674464,0.20109472130611172
PPGDiff + GoalsAgainstPerGameDiff + AwayPointsLast5,3,0.5177631578947368,1.0075120046103823,0.2007826558991022
PPGDiff + AwayGoalsAgainstPerGame + AwayPointsLast5,3,0.5230263157894737,1.0075187385907858,0.2009887224343057
ShotOTDiffLast5 + AwayGDPerGame + XGDDiffLast5,3,0.5164473684210525,1.00752082615958,0.20107918172755837
GoalDiffLast5 + HomeElo + HomeGoalsLast5,3,0.5052631578947369,1.0075217752420584,0.20074533417987245
PPGDiff + GoalsAgainstPerGameDiff,2,0.5190789473684211,1.007526003298096,0.20079950627745594
PPGDiff + GoalsAgainstPerGameDiff + HomePPG,3,0.519078947368421,1.007528942883499,0.20075656780888088
ShotDiffLast5 + HomeShotsOnTargetLast5 + XGDDiffLast5,3,0.5151315789473685,1.007541538338182,0.2009376299211201
GoalsAgainstPerGameDiff + HomeElo + HomeGDPerGame,3,0.5138157894736842,1.0075507686205685,0.20060282822713
PPGDiff + AwayGDPerGame + HomeGoalsPerGame,3,0.5236842105263158,1.0075554592640148,0.20106111733444915
HomePointsLast5 + HomeGoalsAgainstLast5 + XGDDiffLast5,3,0.5184210526315789,1.0075554852147823,0.2009925954426813
GoalDiffLast5 + HomeShotsOnTargetLast5 + XGDDiffLast5,3,0.5184210526315789,1.0075586669559022,0.20099921877691249
GoalDiffLast5 + AwayShotsOnTargetLast5 + XGForDiffPg,3,0.5175675675675676,1.0075620729312753,0.20103219538592676
ShotDiffLast5 + HomeShotsAgainstLast5 + XGDDiffLast5,3,0.5171052631578947,1.007565302627879,0.2009132471174483
ShotOTDiffLast5 + AwayElo + XGAgainstDiffLast5,3,0.5111842105263158,1.0075654706147787,0.20106802580906472
GoalsAgainstPerGameDiff + HomeGDPerGame + XGForDiffLast5,3,0.5111842105263158,1.0075658800961549,0.20055013090785948
GoalsAgainstPerGameDiff + ShotDiffLast5 + HomePPG,3,0.5289473684210526,1.0075662226103,0.2003481840974505
HomeGoalsAgainstLast5 + HomeShotsOnTargetLast5 + XGAgainstDiffPg,3,0.5108108108108108,1.0075670119931532,0.2004962628334517
GoalDiffLast5 + AwayGDPerGame + XGForDiffPg,3,0.5195945945945946,1.0075687311141155,0.20103552026640553
PPGDiff + GoalsAgainstPerGameDiff + AwayPPG,3,0.519078947368421,1.0075701512780961,0.20076706440036984
GDPerGameDiff + AwayGoalsAgainstPerGame + HomeGoalsLast5,3,0.5203947368421052,1.0075711514697736,0.20080362972885799
ShotOTDiffLast5 + GoalsAgainstPerGameDiff + HomeGoalsPerGame,3,0.5203947368421052,1.007571478136672,0.20054750919456188
GDPerGameDiff + HomeGDPerGame + HomeGoalsLast5,3,0.5230263157894737,1.0075720049272106,0.20079813272909044
GoalDiffLast5 + AwayGoalsAgainstPerGame + XGForDiffPg,3,0.5155405405405404,1.0075720416340062,0.20099336595752615
GDPerGameDiff + HomeGoalsAgainstLast5,2,0.5164473684210527,1.0075726749818454,0.20069693500791508
PPGDiff + AwayGDPerGame + AwayPointsLast5,3,0.5203947368421052,1.0075773228113962,0.20104921967219302
HomeGDPerGame + AwayGDPerGame + HomeGoalsLast5,3,0.5223684210526315,1.0075776851500187,0.20080329202158567
GDPerGameDiff + HomePPG + AwayGoalsAgainstLast5,3,0.5243421052631579,1.0075822513333381,0.20067691932190884
GDPerGameDiff + AwayGDPerGame + HomeGoalsLast5,3,0.5223684210526315,1.0075829259323061,0.20080427700910453
GoalAgainstDiffLast5 + HomeGoalsPerGame + XGAgainstDiffPg,3,0.522972972972973,1.007584971090834,0.20058465675082188
GoalsPerGameDiff + AwayElo + HomeGoalsAgainstLast5,3,0.5210526315789474,1.0075873763065932,0.2011478174265794
GoalsAgainstPerGameDiff + HomePPG + AwayPPG,3,0.519078947368421,1.0075904862729248,0.20076548853389567
AwayPPG + HomeGDPerGame + AwayShotsAgainstLast5,3,0.5256578947368421,1.007591635177306,0.20078182106052303
ShotDiffLast5 + AwayShotsAgainstLast5 + XGAgainstDiffPg,3,0.5155405405405405,1.0075962450076879,0.20064281866116376
GoalsPerGameDiff + AwayGoalsAgainstLast5 + XGForDiffPg,3,0.518918918918919,1.00759881015347,0.20106788633709105
AwayElo + HomeGoalsLast5 + XGAgainstDiffLast5,3,0.5164473684210527,1.0075991933916666,0.20110688858095863
HomeGDPerGame + HomeGoalsPerGame + XGAgainstDiffPg,3,0.5216216216216216,1.0076035211101202,0.20044880926529196
GoalAgainstDiffLast5 + PPGDiff + GoalsAgainstPerGameDiff,3,0.5223684210526316,1.0076113256523922,0.2009496987208264
GoalDiffLast5 + AwayShotsAgainstLast5 + XGForDiffPg,3,0.5189189189189188,1.007611466788695,0.20105677698788235
GoalAgainstDiffLast5 + GDPerGameDiff + GoalDiffLast5,3,0.519078947368421,1.0076160958954121,0.20075717698615156
GoalsPerGameDiff + ShotDiffLast5 + AwayShotsAgainstLast5,3,0.5223684210526316,1.0076166068484158,0.20102345688107576
HomeGoalsPerGame + AwayGoalsAgainstLast5 + XGDDiffLast5,3,0.5203947368421054,1.0076177344959274,0.20085787009464487
PPGDiff + AwayGoalsAgainstPerGame,2,0.5263157894736843,1.007617976951817,0.20104318404840565
ShotOTDiffLast5 + HomeShotsAgainstLast5 + XGDDiffLast5,3,0.5171052631578947,1.0076187342133318,0.20096227363503866
ShotOTDiffLast5 + GoalsPerGameDiff + HomeGDPerGame,3,0.5210526315789474,1.0076283788376381,0.2009564508222589
GoalAgainstDiffLast5 + PPGDiff + AwayGDPerGame,3,0.5210526315789473,1.0076319164546879,0.20104474800763242
GDPerGameDiff + AwayPPG + HomeGDPerGame,3,0.519736842105263,1.007632695359111,0.20075967724542
HomeGoalsLast5 + AwayShotsOnTargetLast5 + XGAgainstDiffPg,3,0.5101351351351351,1.0076334201543915,0.20083069823672756
GDPerGameDiff + AwayGoalsAgainstPerGame + AwayShotsOnTargetLast5,3,0.5164473684210527,1.007634846924049,0.2008273679255147
AwayPointsLast5 + XGForDiffPg + XGForDiffLast5,3,0.5155405405405405,1.0076357738288289,0.20086945911934082
GDPerGameDiff + GoalDiffLast5 + AwayPPG,3,0.5184210526315789,1.0076425753188138,0.20078875073464184
AwayPPG + HomeGDPerGame + AwayGDPerGame,3,0.519078947368421,1.0076462120427125,0.20076453427494922
PPGDiff + HomePPG + AwayGoalsAgainstPerGame,3,0.5197368421052632,1.0076498054593295,0.2009980545021204
ShotOTDiffLast5 + HomePPG + AwayShotsAgainstLast5,3,0.5138157894736842,1.00765028979751,0.20094505421606218
AwayGoalsAgainstPerGame + HomeShotsOnTargetLast5 + XGDDiffLast5,3,0.5118421052631579,1.0076513218995742,0.20091298844605165
GoalsPerGameDiff + HomeShotsOnTargetAgainstLast5 + AwayShotsOnTargetAgainstLast5,3,0.5263157894736842,1.0076531031407459,0.20082410032254733
ShotDiffLast5 + AwayGoalsAgainstLast5 + XGForDiffPg,3,0.518918918918919,1.0076544425104936,0.2008766201328623
GDPerGameDiff + AwayPPG + AwayGDPerGame,3,0.5203947368421052,1.0076596821461612,0.20076566663048706
PPGDiff + AwayGDPerGame,2,0.525,1.0076713450228243,0.20109321584286563
HomePPG + AwayPPG + AwayGoalsAgainstPerGame,3,0.5197368421052632,1.0076761387387976,0.20100450585499288
HomeGDPerGame + XGAgainstDiffPg,2,0.5168918918918919,1.0076806992670133,0.20036515399294388
GoalDiffLast5 + HomeElo + AwayGoalsLast5,3,0.5052631578947369,1.0076834908747785,0.20076996093005955
HomeGoalsPerGame + HomeGoalsAgainstLast5 + XGAgainstDiffPg,3,0.518918918918919,1.0076872149454292,0.20048265645871371
HomeElo + HomeGoalsLast5 + AwayGoalsLast5,3,0.5052631578947369,1.0077025707751703,0.20077265618001333
AwayShotsOnTargetLast5 + XGForDiffPg,2,0.5168918918918919,1.0077062567060784,0.2009465199202774
GDPerGameDiff,1,0.5203947368421052,1.0077156149951318,0.20078251291887234
AwayShotsOnTargetLast5 + XGForDiffPg + XGForDiffLast5,3,0.5141891891891892,1.0077165994540924,0.20090721718334786
ShotOTDiffLast5 + GoalsPerGameDiff + HomePointsLast5,3,0.5197368421052633,1.0077170074355732,0.20111458836432758
PPGDiff + AwayPPG + AwayGoalsAgainstPerGame,3,0.5197368421052632,1.0077212923885819,0.20101633749978634
GoalAgainstDiffLast5 + GDPerGameDiff + AwayShotsOnTargetLast5,3,0.5184210526315789,1.0077274843405435,0.20078018318910146
HomeElo + AwayGoalsAgainstLast5 + HomeShotsAgainstLast5,3,0.5138157894736842,1.0077275562243724,0.2005933397890159
ShotOTDiffLast5 + HomePPG + AwayShotsOnTargetAgainstLast5,3,0.513157894736842,1.0077282968267673,0.20092004221464235
HomeGDPerGame + HomeGoalsLast5 + XGAgainstDiffPg,3,0.5094594594594595,1.007729275289925,0.20052024887890205
GDPerGameDiff + GoalsPerGameDiff + HomePPG,3,0.5177631578947368,1.0077363925874625,0.20067978349458349
ShotOTDiffLast5 + AwayPPG + XGDDiffLast5,3,0.5125,1.007737569011236,0.2011468478933103
ShotDiffLast5 + HomePointsLast5 + AwayShotsOnTargetAgainstLast5,3,0.5190789473684211,1.0077383272531537,0.2006818944156504
GDPerGameDiff + AwayPointsLast5,2,0.5217105263157894,1.0077405935054595,0.20079190677221645
GoalsPerGameDiff + GoalsAgainstPerGameDiff + HomePPG,3,0.5177631578947368,1.0077415741198026,0.2006775227962859
GDPerGameDiff + AwayPointsLast5 + HomeGoalsAgainstLast5,3,0.5177631578947368,1.007742169451209,0.20074168518707655
HomeGoalsLast5 + HomeShotsAgainstLast5 + XGAgainstDiffPg,3,0.5047297297297297,1.0077435481572188,0.2006794765977379
AwayGDPerGame + AwayGoalsLast5 + XGDDiffLast5,3,0.518421052631579,1.0077510643841687,0.20093646904789705
GDPerGameDiff + HomeGDPerGame + AwayGoalsLast5,3,0.5210526315789473,1.00775523745067,0.20075885144271652
HomeGDPerGame + AwayGoalsAgainstPerGame + XGAgainstDiffPg,3,0.5202702702702702,1.0077564015857683,0.2003150957467671
HomePointsLast5 + HomeGoalsAgainstLast5 + XGAgainstDiffPg,3,0.5155405405405407,1.007757277340131,0.20071162737772114
GDPerGameDiff + GoalsPerGameDiff + AwayElo,3,0.513157894736842,1.0077589245137122,0.20083672619018672
GoalAgainstDiffLast5 + HomeShotsOnTargetLast5 + XGAgainstDiffPg,3,0.5141891891891892,1.0077621644562498,0.20070001285240308
PPGDiff + AwayElo + AwayGoalsAgainstLast5,3,0.5210526315789473,1.0077628853106975,0.2011463473737317
GDPerGameDiff + GoalsAgainstPerGameDiff + HomePPG,3,0.5171052631578947,1.0077645185240889,0.2006787042371323
AwayShotsAgainstLast5 + XGForDiffPg,2,0.5168918918918919,1.0077702964123363,0.20099109708914883
HomeGDPerGame + AwayGDPerGame + AwayGoalsLast5,3,0.5203947368421052,1.007773317634966,0.20076493513547206
GDPerGameDiff + AwayGoalsLast5,2,0.5217105263157894,1.0077741947952732,0.2007758842367136
GoalsPerGameDiff + GoalsAgainstPerGameDiff + AwayElo,3,0.513157894736842,1.0077788797371068,0.20083873678627573
AwayElo + AwayGoalsAgainstLast5 + XGForDiffPg,3,0.5175675675675675,1.0077792270594532,0.20103376622069102
AwayGDPerGame + XGForDiffPg + XGForDiffLast5,3,0.5128378378378379,1.007780622810996,0.20095348516106676
ShotDiffLast5 + AwayPointsLast5 + XGDDiffLast5,3,0.5125,1.0077844364216801,0.20100121074012903
AwayElo + AwayShotsAgainstLast5 + XGForDiffPg,3,0.5168918918918919,1.0077855776824873,0.20101796618506934
HomeGoalsPerGame + HomeGoalsLast5 + XGAgainstDiffPg,3,0.518918918918919,1.0077862369728499,0.20055023426941104
ShotOTDiffLast5 + HomeGDPerGame + AwayGoalsAgainstPerGame,3,0.525,1.0077862656031629,0.20078131427268167
GDPerGameDiff + GoalsAgainstPerGameDiff + AwayElo,3,0.5118421052631579,1.0077870570343475,0.20083641624979517
PPGDiff + GoalsAgainstPerGameDiff + AwayGoalsLast5,3,0.5210526315789474,1.0077916333225232,0.2008495029986907
AwayPointsLast5 + XGForDiffPg,2,0.5141891891891892,1.0077917048010616,0.2009577055150373
GDPerGameDiff + AwayGDPerGame + AwayGoalsLast5,3,0.5203947368421052,1.00779248323113,0.2007696166850467
ShotOTDiffLast5 + AwayGDPerGame + HomePointsLast5,3,0.5125000000000001,1.0077985259508333,0.2010015523507
GDPerGameDiff + GoalDiffLast5 + AwayGoalsAgainstPerGame,3,0.5157894736842106,1.0078013597061781,0.20084520828297434
ShotOTDiffLast5 + GoalDiffLast5 + XGDDiffLast5,3,0.5131578947368421,1.0078041771997084,0.2010785582345117
HomeGDPerGame + AwayShotsAgainstLast5 + XGAgainstDiffPg,3,0.522972972972973,1.0078091683684733,0.20053925070222847
GDPerGameDiff + AwayShotsAgainstLast5 + AwayShotsOnTargetAgainstLast5,3,0.5144736842105263,1.0078123947820057,0.2009309740262105
AwayElo + AwayGoalsAgainstPerGame + XGForDiffPg,3,0.5121621621621621,1.007827165343379,0.20096572867456855
GoalsPerGameDiff + HomeShotsAgainstLast5 + XGAgainstDiffLast5,3,0.5276315789473685,1.0078303121147818,0.20096886949460394
GoalsAgainstPerGameDiff + HomeElo + HomeGoalsPerGame,3,0.5111842105263158,1.0078313098435523,0.20067598836330106
AwayGDPerGame + XGForDiffPg,2,0.5114864864864864,1.0078340649632982,0.2010030050604866
AwayPPG + HomeShotsAgainstLast5 + XGAgainstDiffPg,3,0.5101351351351352,1.0078349758973233,0.20077145976835092
ShotDiffLast5 + AwayElo + HomeGoalsAgainstLast5,3,0.5144736842105263,1.0078462747301469,0.2008984963703727
GoalsAgainstPerGameDiff + HomeElo + HomeShotsOnTargetAgainstLast5,3,0.5138157894736842,1.0078487701980317,0.2005857195860721
GoalsAgainstPerGameDiff + HomeElo,2,0.5125000000000001,1.0078490302262741,0.20066822643517948
GDPerGameDiff + GoalDiffLast5 + HomeGoalsPerGame,3,0.518421052631579,1.0078575879086764,0.20082843734720782
PPGDiff + GoalsPerGameDiff + AwayGoalsAgainstPerGame,3,0.5230263157894737,1.0078615361667116,0.2011774134226112
ShotDiffLast5 + XGDDiffLast5,2,0.5118421052631579,1.0078626962358697,0.2010348095548738
AwayGoalsAgainstPerGame + HomeShotsOnTargetLast5 + XGAgainstDiffPg,3,0.5128378378378378,1.0078798440521433,0.20068606175070006
PPGDiff + HomeGoalsPerGame + AwayGoalsAgainstLast5,3,0.5230263157894737,1.0078801760920206,0.2010977293091681
ShotDiffLast5 + HomeGoalsAgainstLast5 + XGDDiffLast5,3,0.5125,1.0078884765467793,0.20097520940090213
PPGDiff + AwayGoalsAgainstPerGame + AwayGoalsLast5,3,0.5269736842105264,1.0078887469509503,0.20109811286708199
ShotOTDiffLast5 + HomeShotsOnTargetAgainstLast5 + XGDDiffLast5,3,0.5098684210526316,1.0078913122531317,0.2010610762642073
GDPerGameDiff + AwayPPG + HomeGoalsLast5,3,0.5230263157894737,1.0078922113644744,0.20087501259030938
AwayPPG + AwayShotsAgainstLast5 + XGForDiffPg,3,0.5162162162162163,1.0078932588298342,0.20104831429597325
GoalsAgainstPerGameDiff + HomeElo + HomePPG,3,0.5138157894736842,1.0078951385288983,0.20073232410366765
GDPerGameDiff + AwayGoalsLast5 + HomeGoalsAgainstLast5,3,0.5138157894736842,1.0079039442589326,0.20075655242052187
HomeGDPerGame + HomeShotsOnTargetAgainstLast5 + XGAgainstDiffPg,3,0.5155405405405405,1.0079101466615104,0.20038485755135726
AwayGoalsAgainstPerGame + XGForDiffPg + XGForDiffLast5,3,0.5114864864864865,1.007925539894501,0.20095058929003115
GoalsPerGameDiff + HomePointsLast5 + AwayShotsOnTargetAgainstLast5,3,0.5171052631578947,1.0079264790081006,0.20117429450325824
AwayShotsAgainstLast5 + HomeShotsOnTargetLast5 + XGAgainstDiffPg,3,0.5168918918918919,1.0079280770102768,0.20082379629800642
ShotDiffLast5 + XGForDiffPg + XGForDiffLast5,3,0.5189189189189188,1.0079340041302847,0.2008248565660054
AwayShotsAgainstLast5 + XGAgainstDiffPg + XGDDiffLast5,3,0.5162162162162162,1.0079471532302804,0.2008767207090469
GoalsAgainstPerGameDiff + ShotDiffLast5 + HomeGoalsLast5,3,0.5171052631578947,1.0079502034570884,0.20065488201924198
AwayPPG + HomeGDPerGame + AwayShotsOnTargetAgainstLast5,3,0.5210526315789474,1.0079508348175366,0.20075899645269787
ShotOTDiffLast5 + AwayElo + HomeGoalsAgainstLast5,3,0.5138157894736842,1.007955339464285,0.20097677121640986
GoalsAgainstPerGameDiff + ShotDiffLast5 + HomeShotsAgainstLast5,3,0.5151315789473684,1.007964228188327,0.20058769359386905
GDPerGameDiff + HomeGoalsLast5 + AwayGoalsAgainstLast5,3,0.5203947368421052,1.0079697268540477,0.20090411316643697
GoalsPerGameDiff + HomeGoalsLast5 + XGAgainstDiffLast5,3,0.5236842105263158,1.007973626708734,0.20102826842389754
GoalAgainstDiffLast5 + GDPerGameDiff + HomeGDPerGame,3,0.5203947368421052,1.007978190331015,0.20075258925334427
GoalAgainstDiffLast5 + HomeGDPerGame + AwayGDPerGame,3,0.5203947368421052,1.007988621010933,0.20075740888677326
GoalDiffLast5 + HomeShotsOnTargetAgainstLast5 + XGAgainstDiffPg,3,0.5195945945945946,1.0079942224538052,0.20073178362594454
GoalAgainstDiffLast5 + GDPerGameDiff + AwayGDPerGame,3,0.5210526315789474,1.0080008912352865,0.20076006033151855
AwayGDPerGame + HomeShotsAgainstLast5 + XGAgainstDiffPg,3,0.5114864864864865,1.0080028484773813,0.20074308239803362
ShotDiffLast5 + GoalDiffLast5 + XGAgainstDiffLast5,3,0.5151315789473684,1.0080046973237753,0.20105983185611295
AwayPPG + HomeShotsOnTargetAgainstLast5 + XGDDiffLast5,3,0.5118421052631579,1.0080139051256447,0.201165516197495
GoalsAgainstPerGameDiff + AwayElo + XGForDiffLast5,3,0.5217105263157895,1.0080148689184483,0.20086026569548548
HomeGoalsPerGame + AwayGoalsAgainstPerGame + XGAgainstDiffPg,3,0.518918918918919,1.00802264080882,0.20058900043239167
ShotOTDiffLast5 + GoalsPerGameDiff + HomeGoalsAgainstLast5,3,0.5131578947368421,1.0080263033790196,0.20109990805324107
AwayShotsAgainstLast5 + XGForDiffPg + XGForDiffLast5,3,0.5175675675675676,1.0080317507915082,0.20098103460362313
AwayShotsAgainstLast5 + AwayShotsOnTargetLast5 + XGForDiffPg,3,0.5175675675675676,1.0080348404133224,0.20103931986297913
GDPerGameDiff + GoalsAgainstPerGameDiff + HomeGoalsLast5,3,0.5197368421052632,1.0080375468186342,0.2008427955359502
GoalAgainstDiffLast5 + GDPerGameDiff + AwayShotsAgainstLast5,3,0.5118421052631579,1.0080379624695008,0.20085940783817452
GDPerGameDiff + GoalsPerGameDiff + HomeGoalsLast5,3,0.5197368421052632,1.0080419043070752,0.20084911663487431
AwayGoalsAgainstPerGame + XGForDiffPg,2,0.5128378378378378,1.0080477711329752,0.20100811273641886
GoalsPerGameDiff + GoalsAgainstPerGameDiff + HomeGoalsLast5,3,0.5197368421052632,1.0080482076732826,0.200846516062248
ShotDiffLast5 + AwayGoalsAgainstPerGame + XGDDiffLast5,3,0.5118421052631579,1.008049535952098,0.20103432570781862
PPGDiff + GoalsAgainstPerGameDiff + AwayGoalsAgainstPerGame,3,0.5177631578947368,1.0080583022712986,0.20093981987837384
AwayElo + HomePPG + HomeGoalsPerGame,3,0.5092105263157894,1.0080686059007173,0.20109991152392925
AwayElo + HomeGoalsAgainstLast5 + XGAgainstDiffPg,3,0.5087837837837837,1.0080779999892486,0.20099308115525283
GDPerGameDiff + HomeGoalsPerGame,2,0.5203947368421052,1.00807928259987,0.20083814007791145
GoalDiffLast5 + HomeElo,2,0.5098684210526316,1.0080800803013878,0.20100814929630906
AwayPPG + AwayGDPerGame + XGForDiffPg,3,0.5108108108108108,1.0080933004960384,0.20107848589829888
ShotOTDiffLast5 + AwayPointsLast5 + XGDDiffLast5,3,0.5131578947368421,1.008101392766829,0.20111796743316862
GoalAgainstDiffLast5 + GDPerGameDiff + AwayPointsLast5,3,0.5203947368421052,1.0081029930330758,0.20079225050246277
GDPerGameDiff + HomeGoalsPerGame + AwayGoalsLast5,3,0.5203947368421052,1.0081050983320141,0.20083128168547787
GoalAgainstDiffLast5 + HomePointsLast5 + XGDDiffLast5,3,0.5144736842105263,1.008106420089455,0.2010638522432213
GDPerGameDiff + HomeGoalsPerGame + HomeGoalsAgainstLast5,3,0.5125,1.0081084067047532,0.2007841114718341
PPGDiff + HomePPG + AwayGoalsAgainstLast5,3,0.5217105263157895,1.0081211398582783,0.20115155157840645
HomeShotsAgainstLast5 + AwayShotsAgainstLast5 + XGForDiffLast5,3,0.5111842105263158,1.0081260994159322,0.20096231453549576
AwayGoalsLast5 + XGForDiffPg,2,0.5162162162162162,1.0081264843040234,0.20095798218663097
ShotOTDiffLast5 + GoalsAgainstPerGameDiff + AwayElo,3,0.525,1.0081316994080571,0.20090905607188012
AwayPointsLast5 + AwayShotsOnTargetLast5 + XGForDiffPg,3,0.5135135135135136,1.0081327918253644,0.20104642850725418
GoalDiffLast5 + HomeElo + HomeShotsOnTargetLast5,3,0.5078947368421053,1.0081339738049917,0.20092951749363738
ShotOTDiffLast5 + GoalsAgainstPerGameDiff + HomeGDPerGame,3,0.519078947368421,1.008138895734973,0.20065700708616402
GoalsPerGameDiff + ShotDiffLast5 + AwayGoalsAgainstPerGame,3,0.5236842105263159,1.0081420905673124,0.20111864797791643
AwayGDPerGame + HomeGoalsAgainstLast5 + XGDDiffLast5,3,0.5157894736842106,1.0081450435527364,0.20112143947842445
PPGDiff + AwayPointsLast5 + AwayGoalsAgainstLast5,3,0.5197368421052632,1.008145891676833,0.20116151157373563
HomeGoalsPerGame + AwayShotsAgainstLast5 + XGAgainstDiffPg,3,0.5243243243243243,1.0081475610850708,0.20078692555427688
GoalsAgainstPerGameDiff + ShotDiffLast5 + HomeGDPerGame,3,0.525,1.008148177618825,0.2004370038086941
AwayPPG + HomePointsLast5 + XGForDiffLast5,3,0.518421052631579,1.0081519585480514,0.201242950660886
HomePPG + AwayPPG + AwayGoalsAgainstLast5,3,0.5217105263157895,1.008153530152524,0.20115927389839372
HomeElo + HomePointsLast5 + AwayGoalsLast5,3,0.5032894736842105,1.0081582275917083,0.20076997111613426
PPGDiff + AwayPPG + AwayGoalsAgainstLast5,3,0.5210526315789473,1.0081583557641836,0.20116200312491714
GDPerGameDiff + AwayPPG,2,0.5210526315789473,1.0081634284968344,0.2008397438609004
GoalDiffLast5 + AwayGoalsAgainstLast5 + XGForDiffPg,3,0.5189189189189188,1.0081666502966549,0.20116854349426153
AwayElo + HomePPG + AwayGoalsAgainstPerGame,3,0.5131578947368421,1.0081706236074128,0.2011381821264074
HomeShotsOnTargetLast5 + HomeShotsOnTargetAgainstLast5 + XGDDiffLast5,3,0.5151315789473684,1.008175965215965,0.20108622700602885
PPGDiff + AwayGDPerGame + AwayGoalsLast5,3,0.5236842105263159,1.008177155713652,0.20120251894604899
AwayGDPerGame + AwayPointsLast5 + XGForDiffPg,3,0.5094594594594595,1.0081814588548323,0.20106883970456313
GDPerGameDiff + AwayGoalsAgainstPerGame,2,0.5210526315789474,1.0081824392464118,0.20088818487898213
ShotDiffLast5 + GoalDiffLast5 + HomeGDPerGame,3,0.5230263157894737,1.0081961915759452,0.2008500308681747
GDPerGameDiff + AwayPointsLast5 + AwayGoalsLast5,3,0.5210526315789473,1.0082060814570282,0.20089163011367378
ShotDiffLast5 + HomeGDPerGame + AwayGoalsLast5,3,0.5249999999999999,1.0082100861260417,0.20069858531641607
GoalsPerGameDiff + HomeShotsOnTargetAgainstLast5 + XGAgainstDiffLast5,3,0.5243421052631578,1.0082113982742864,0.20104014216760044
GDPerGameDiff + AwayGoalsAgainstPerGame + AwayPointsLast5,3,0.5217105263157894,1.0082201000672315,0.20089712519666791
AwayPPG + AwayGoalsLast5 + XGDDiffLast5,3,0.5210526315789473,1.0082269838964475,0.20111506931235698
AwayGDPerGame + AwayGoalsLast5 + XGForDiffPg,3,0.5128378378378378,1.0082316586528288,0.20102718321697527
PPGDiff + AwayGoalsAgainstLast5,2,0.5210526315789473,1.0082336691010076,0.20122497245484244
GDPerGameDiff + HomePPG + HomeGoalsPerGame,3,0.5210526315789474,1.0082364099643548,0.20074661002319247
AwayPointsLast5 + AwayGoalsLast5 + XGForDiffPg,3,0.5141891891891892,1.0082372809938844,0.20100174282678057
ShotOTDiffLast5 + HomeGoalsLast5 + XGDDiffLast5,3,0.5171052631578947,1.0082373902177328,0.20118672177472935
HomePointsLast5 + AwayGoalsAgainstLast5 + XGDDiffLast5,3,0.5151315789473684,1.008239495851135,0.20110671681446404
HomeShotsOnTargetLast5 + XGDDiffLast5,2,0.5164473684210527,1.0082396220367136,0.20113523351279072
GoalAgainstDiffLast5 + GDPerGameDiff + HomeGoalsPerGame,3,0.5197368421052632,1.0082583858372045,0.20082822325955169
PPGDiff + HomePPG + HomeGoalsPerGame,3,0.5269736842105263,1.0082586225649064,0.20116893376083056
PPGDiff + GoalsAgainstPerGameDiff + AwayGDPerGame,3,0.5190789473684211,1.0082599177840201,0.20099534470135733
AwayElo + HomePPG + AwayGoalsAgainstLast5,3,0.5164473684210527,1.0082693268343244,0.201188054347862
AwayGoalsAgainstPerGame + HomeShotsAgainstLast5 + XGDDiffLast5,3,0.5052631578947369,1.0082713393267722,0.20095914907522175
GoalAgainstDiffLast5 + GDPerGameDiff,2,0.5190789473684211,1.0082718128640065,0.2008485526732102
ShotOTDiffLast5 + HomeShotsOnTargetLast5 + XGDDiffLast5,3,0.5190789473684211,1.0082874819286674,0.20119210632389253
AwayGDPerGame + AwayShotsOnTargetLast5 + XGForDiffPg,3,0.5081081081081081,1.0082889221593971,0.20111048937849507
ShotOTDiffLast5 + AwayShotsOnTargetLast5 + XGDDiffLast5,3,0.5190789473684211,1.0082955067162434,0.2011941685782912
HomePPG + AwayPPG + HomeGoalsPerGame,3,0.5263157894736842,1.0082996140691964,0.20118139603135174
HomeShotsOnTargetLast5 + AwayShotsOnTargetLast5 + XGDDiffLast5,3,0.5190789473684211,1.008306831638384,0.20119687402866382
GoalsPerGameDiff + ShotDiffLast5 + HomeGoalsLast5,3,0.5236842105263158,1.0083084186003257,0.20117757080288923
PPGDiff + AwayPPG + HomeGoalsPerGame,3,0.5263157894736842,1.0083145051134423,0.20118612927109905
GDPerGameDiff + HomeGoalsPerGame + HomeGoalsLast5,3,0.5223684210526316,1.0083175809872116,0.2009168242958367
AwayPPG + AwayGoalsAgainstLast5 + XGForDiffPg,3,0.5148648648648648,1.0083232908589113,0.20116778770972815
AwayGoalsAgainstPerGame + AwayPointsLast5 + XGForDiffPg,3,0.5108108108108108,1.0083264675249604,0.20102784180779928
GoalsPerGameDiff + ShotDiffLast5 + HomeShotsOnTargetLast5,3,0.5210526315789473,1.008333422438485,0.20113975501720902
GDPerGameDiff + AwayGoalsAgainstPerGame + AwayGoalsLast5,3,0.5210526315789473,1.0083385359972747,0.20090692279541963
GoalAgainstDiffLast5 + GDPerGameDiff + AwayShotsOnTargetAgainstLast5,3,0.5138157894736842,1.0083402545599813,0.20084537317033505
GDPerGameDiff + GoalsPerGameDiff + AwayShotsOnTargetAgainstLast5,3,0.5098684210526316,1.0083416342853437,0.2009118273404093
GDPerGameDiff + GoalsPerGameDiff + AwayShotsAgainstLast5,3,0.5118421052631579,1.008342700682815,0.2009837003183877
GoalAgainstDiffLast5 + GDPerGameDiff + AwayGoalsLast5,3,0.5243421052631579,1.0083513568596232,0.20085032618371162
GDPerGameDiff + AwayPPG + AwayGoalsLast5,3,0.5217105263157894,1.00835160480166,0.20087199282794488
GoalsPerGameDiff + GoalsAgainstPerGameDiff + AwayShotsOnTargetAgainstLast5,3,0.5111842105263158,1.0083546344912664,0.2009115017883367
HomePointsLast5 + AwayGoalsAgainstLast5 + XGAgainstDiffPg,3,0.5148648648648649,1.008368092370874,0.20098039785388874
GoalAgainstDiffLast5 + GoalsAgainstPerGameDiff + HomeElo,3,0.5138157894736841,1.008369738022093,0.2008328292959071
AwayPPG + HomeGoalsPerGame + XGAgainstDiffLast5,3,0.5223684210526316,1.0083702524711646,0.2009757582720535
AwayElo + HomePointsLast5 + AwayShotsAgainstLast5,3,0.5125,1.008371413984945,0.20133268087720924
GDPerGameDiff + HomeGoalsPerGame + AwayPointsLast5,3,0.5223684210526316,1.0083730131941993,0.200935363210801
GoalsPerGameDiff + GoalsAgainstPerGameDiff + AwayShotsAgainstLast5,3,0.5125000000000001,1.0083730821867976,0.2009877238636939
GDPerGameDiff + GoalsAgainstPerGameDiff + AwayShotsOnTargetAgainstLast5,3,0.5118421052631579,1.0083753014070886,0.20091350853641293
GDPerGameDiff + GoalsAgainstPerGameDiff + AwayShotsAgainstLast5,3,0.5125000000000001,1.0083783476739656,0.2009853816415915
GDPerGameDiff + GoalDiffLast5 + AwayGoalsAgainstLast5,3,0.5144736842105263,1.0083819316477822,0.20098322403403215
HomePPG + AwayGDPerGame + HomePointsLast5,3,0.5184210526315789,1.0083867122171597,0.20102979559310816
ShotDiffLast5 + AwayShotsOnTargetLast5 + XGDDiffLast5,3,0.5144736842105263,1.0083873357151503,0.2011572643607734
HomeGoalsLast5 + HomeShotsOnTargetLast5 + XGDDiffLast5,3,0.5184210526315789,1.0083919440196727,0.20118291966972854
GoalsAgainstPerGameDiff + HomeElo + HomeGoalsLast5,3,0.5118421052631579,1.0083962811621963,0.20083260269662087
PPGDiff + GoalsPerGameDiff + AwayGoalsAgainstLast5,3,0.525,1.0084152149024292,0.2013239379778687
GoalDiffLast5 + HomeShotsAgainstLast5 + XGDDiffLast5,3,0.5151315789473684,1.008416070516663,0.20119964314193736
GDPerGameDiff + AwayGoalsAgainstLast5 + AwayShotsOnTargetLast5,3,0.5144736842105263,1.008416722794312,0.2009926200840973
AwayGoalsAgainstPerGame + AwayShotsOnTargetLast5 + XGForDiffPg,3,0.5128378378378379,1.0084168753595364,0.2010898872756581
AwayGoalsLast5 + HomeShotsOnTargetLast5 + XGDDiffLast5,3,0.5131578947368421,1.0084270047356743,0.20115769973457012
GoalDiffLast5 + HomeElo + HomePPG,3,0.5052631578947369,1.0084329735953257,0.20110060680723832
PPGDiff + AwayGoalsAgainstPerGame + AwayGoalsAgainstLast5,3,0.5217105263157895,1.0084361703187223,0.20126563939371026
GDPerGameDiff + AwayPPG + AwayPointsLast5,3,0.5203947368421052,1.008439157718641,0.2009314445601093
GDPerGameDiff + AwayPPG + HomeGoalsAgainstLast5,3,0.5144736842105263,1.008440928309457,0.20085119753793457
HomeShotsAgainstLast5 + HomeShotsOnTargetLast5 + XGDDiffLast5,3,0.5144736842105263,1.0084458092989066,0.2011148096974692
AwayPointsLast5 + AwayShotsAgainstLast5 + XGForDiffPg,3,0.5209459459459459,1.008447663283212,0.20109818646193448
GoalsPerGameDiff + HomePointsLast5 + AwayShotsAgainstLast5,3,0.5197368421052632,1.0084520754064026,0.20134742641027237
AwayGDPerGame + HomeShotsAgainstLast5 + HomeShotsOnTargetLast5,3,0.5164473684210527,1.0084666399379714,0.20092740516849036
AwayElo + HomePointsLast5 + HomeGoalsLast5,3,0.5151315789473685,1.0084694701680368,0.20140401367349178
PPGDiff + AwayGoalsLast5 + AwayGoalsAgainstLast5,3,0.5223684210526316,1.008470812837835,0.20127267175881175
AwayElo + HomePointsLast5,2,0.518421052631579,1.0084714931567873,0.20137582558710124
GoalAgainstDiffLast5 + HomePPG + XGForDiffLast5,3,0.5236842105263158,1.0084734120262366,0.20105570120078406
ShotOTDiffLast5 + XGDDiffLast5,2,0.5131578947368421,1.008476846408051,0.20124339927403764
ShotOTDiffLast5 + AwayGoalsAgainstPerGame + XGDDiffLast5,3,0.5164473684210527,1.0084801663271126,0.20118743066475728
ShotOTDiffLast5 + HomeGoalsPerGame + XGAgainstDiffLast5,3,0.5177631578947368,1.0084826210075575,0.2010057002832024
AwayGoalsAgainstLast5 + XGForDiffPg,2,0.5155405405405405,1.0084849519837176,0.20115771386660358
GoalDiffLast5 + AwayGoalsLast5 + XGAgainstDiffPg,3,0.5101351351351352,1.008486795417437,0.20093193010520538
GoalAgainstDiffLast5 + GDPerGameDiff + AwayGoalsAgainstPerGame,3,0.5157894736842106,1.008488461247864,0.20091037391570918
AwayGoalsAgainstPerGame + AwayGoalsAgainstLast5 + XGForDiffPg,3,0.5128378378378379,1.0084936523092545,0.20115579175830156
GoalsPerGameDiff + AwayShotsOnTargetLast5 + XGAgainstDiffLast5,3,0.5236842105263158,1.0084997268395413,0.2011860201986714
GoalsPerGameDiff + ShotDiffLast5 + AwayGoalsLast5,3,0.5223684210526316,1.008506057841307,0.2011329094848771
GoalDiffLast5 + AwayGDPerGame + XGDDiffLast5,3,0.5197368421052632,1.008506177356009,0.2012918052028594
GDPerGameDiff + GoalsPerGameDiff + HomeGoalsAgainstLast5,3,0.5144736842105263,1.008510670309603,0.20093717537359027
AwayGoalsAgainstPerGame + HomeGoalsLast5 + XGDDiffLast5,3,0.5197368421052632,1.0085134755013108,0.201138596906645
GoalDiffLast5 + HomeGoalsLast5 + XGAgainstDiffPg,3,0.5094594594594595,1.008517321834726,0.20093936503009754
HomeGoalsLast5 + AwayGoalsLast5 + XGAgainstDiffPg,3,0.5108108108108108,1.008517444696576,0.20093848815958754
ShotDiffLast5 + HomeGoalsLast5 + XGAgainstDiffLast5,3,0.5177631578947368,1.0085272639883338,0.20109920918276405
HomeGDPerGame + AwayGDPerGame + HomeGoalsAgainstLast5,3,0.5151315789473684,1.008531542425524,0.2008707197242172
AwayGoalsAgainstLast5 + XGForDiffPg + XGForDiffLast5,3,0.5162162162162162,1.0085376649177853,0.20111497841375237
GoalsPerGameDiff + AwayGoalsAgainstPerGame + HomeShotsAgainstLast5,3,0.5151315789473684,1.0085387011166294,0.20110826968673692
GDPerGameDiff + GoalsAgainstPerGameDiff + HomeGoalsAgainstLast5,3,0.5138157894736842,1.008539445467942,0.20093639227771126
GDPerGameDiff + HomeGDPerGame + HomeGoalsAgainstLast5,3,0.5157894736842105,1.008542072477182,0.20087077658713673
AwayGoalsLast5 + AwayShotsOnTargetLast5 + XGForDiffPg,3,0.5162162162162162,1.0085451933136227,0.20106493621487428
GDPerGameDiff + AwayGDPerGame + HomeGoalsAgainstLast5,3,0.5157894736842105,1.0085454601810442,0.2008740643267237
GoalDiffLast5 + HomeElo + HomeGDPerGame,3,0.5078947368421053,1.0085471567166941,0.20111115403353738
AwayPPG + HomeShotsAgainstLast5 + XGForDiffLast5,3,0.5118421052631579,1.0085502722891238,0.2013083870187293
GoalsPerGameDiff + GoalsAgainstPerGameDiff + HomeGoalsAgainstLast5,3,0.5144736842105263,1.0085516812719222,0.2009423767582575
AwayPPG + HomeGoalsPerGame + HomeShotsAgainstLast5,3,0.5177631578947368,1.0085533023225393,0.20119561304838315
AwayGoalsAgainstLast5 + HomeShotsOnTargetLast5 + XGAgainstDiffPg,3,0.5135135135135135,1.0085622890947905,0.200875121622208
GoalDiffLast5 + HomeElo + HomeGoalsPerGame,3,0.5111842105263158,1.008567656895101,0.20115674135012787
ShotOTDiffLast5 + HomeGoalsAgainstLast5 + XGDDiffLast5,3,0.5144736842105263,1.0085679704905481,0.20119025474157995
HomeGoalsPerGame + AwayGoalsAgainstLast5 + XGAgainstDiffPg,3,0.522972972972973,1.0085799611542776,0.20078252803394006
GoalsPerGameDiff + ShotDiffLast5,2,0.5236842105263158,1.0085841884841458,0.20123000069371813
GDPerGameDiff + GoalsPerGameDiff + AwayShotsOnTargetLast5,3,0.5164473684210527,1.008584489557665,0.2009784459987603
AwayGoalsAgainstPerGame + AwayGoalsLast5 + XGForDiffPg,3,0.5114864864864865,1.0085946439315083,0.2010602134484382
AwayPPG + HomeGDPerGame + HomeShotsAgainstLast5,3,0.5223684210526316,1.0086046998817384,0.20090213958098538
GoalsPerGameDiff + HomeGDPerGame + AwayShotsOnTargetAgainstLast5,3,0.5276315789473685,1.0086057849764183,0.20100941405559827
PPGDiff + AwayGDPerGame + AwayGoalsAgainstPerGame,3,0.5256578947368421,1.0086083708994036,0.20128875650025266
ShotDiffLast5 + HomePPG + AwayPointsLast5,3,0.5282894736842105,1.0086095439133858,0.2008185840275663
GDPerGameDiff + AwayGDPerGame + AwayGoalsAgainstLast5,3,0.5177631578947368,1.0086120241039391,0.20093322463544436
GoalDiffLast5 + AwayPPG + XGDDiffLast5,3,0.518421052631579,1.0086157210287778,0.2013540668430107
GoalsPerGameDiff + AwayGoalsAgainstPerGame + XGAgainstDiffLast5,3,0.525,1.0086162459083357,0.2011054710285366
GDPerGameDiff + HomeGDPerGame + AwayGoalsAgainstLast5,3,0.5177631578947368,1.0086211084544483,0.2009326378685617
GoalsPerGameDiff + HomeGDPerGame + AwayShotsAgainstLast5,3,0.5282894736842105,1.008622656602384,0.20105554370360795
GDPerGameDiff + GoalsAgainstPerGameDiff + AwayShotsOnTargetLast5,3,0.5164473684210525,1.008623536688593,0.20097983437278943
GoalsPerGameDiff + GoalsAgainstPerGameDiff + AwayShotsOnTargetLast5,3,0.5171052631578947,1.0086276610392162,0.2009840182024076
HomeGDPerGame + AwayGDPerGame + AwayGoalsAgainstLast5,3,0.5177631578947368,1.0086311880479912,0.20093617263846555
GDPerGameDiff + AwayGDPerGame + AwayGoalsAgainstPerGame,3,0.5230263157894737,1.0086326406917765,0.20092448031631888
GDPerGameDiff + HomeGDPerGame + AwayGoalsAgainstPerGame,3,0.5230263157894737,1.008634525586891,0.2009206310260341
AwayPPG + HomeGDPerGame + AwayShotsOnTargetLast5,3,0.5236842105263158,1.008637792267514,0.20098405688388815
AwayGDPerGame + AwayGoalsAgainstPerGame + XGForDiffPg,3,0.5135135135135136,1.0086388581502637,0.20110264413345097
HomeGDPerGame + AwayGDPerGame + AwayGoalsAgainstPerGame,3,0.5223684210526316,1.0086461504131412,0.2009241599084735
HomePPG + HomeShotsOnTargetAgainstLast5 + XGForDiffLast5,3,0.5157894736842105,1.0086477687075828,0.20109787171959523
AwayGDPerGame + XGDDiffLast5,2,0.5144736842105263,1.0086529632577683,0.20130351440801952
GDPerGameDiff + AwayGoalsAgainstPerGame + HomeGoalsAgainstLast5,3,0.5177631578947368,1.0086548467739744,0.20089782103106588
AwayElo + HomePointsLast5 + HomeGoalsAgainstLast5,3,0.5203947368421054,1.008670807933968,0.20135823987421414
GoalsPerGameDiff + HomeGDPerGame + AwayGDPerGame,3,0.5203947368421052,1.0086777271947274,0.2009241272798805
GoalsAgainstPerGameDiff + ShotDiffLast5 + AwayElo,3,0.5230263157894737,1.0086782269006493,0.20090044869181276
ShotOTDiffLast5 + GoalsAgainstPerGameDiff + HomeShotsOnTargetAgainstLast5,3,0.5210526315789474,1.0086867835483997,0.20085119946750477
GoalsPerGameDiff + XGAgainstDiffLast5,2,0.5243421052631579,1.0086936215288458,0.20117938294965
GDPerGameDiff + GoalsPerGameDiff + HomeGDPerGame,3,0.5203947368421052,1.0086957299853643,0.20092194905040192
GoalsPerGameDiff + AwayPointsLast5 + XGAgainstDiffLast5,3,0.5236842105263158,1.008702034332306,0.20114514728777336
GoalsPerGameDiff + AwayGoalsLast5 + XGAgainstDiffLast5,3,0.5249999999999999,1.0087025151754259,0.20113027635270014
GDPerGameDiff + GoalsPerGameDiff + AwayGDPerGame,3,0.5210526315789473,1.0087064636893224,0.20092579408207292
GoalAgainstDiffLast5 + HomePointsLast5 + XGAgainstDiffPg,3,0.5182432432432432,1.0087099542378908,0.2009457419209914
GoalAgainstDiffLast5 + GDPerGameDiff + AwayPPG,3,0.5197368421052632,1.0087248129597872,0.20090116076744902
GoalDiffLast5 + AwayGoalsLast5 + XGDDiffLast5,3,0.5125,1.0087290119013541,0.20124763298594736
GDPerGameDiff + GoalsAgainstPerGameDiff + HomeGDPerGame,3,0.5203947368421052,1.0087374861109755,0.2009237026071376
HomeGoalsLast5 + HomeShotsOnTargetAgainstLast5 + XGAgainstDiffPg,3,0.5006756756756756,1.0087384768475414,0.20083274509336083
GDPerGameDiff + HomeGDPerGame + HomeGoalsPerGame,3,0.5217105263157895,1.0087394723187018,0.20096095375394696
GoalsPerGameDiff + GoalsAgainstPerGameDiff + HomeGDPerGame,3,0.5203947368421052,1.0087395368864376,0.2009254810676081
HomeGoalsLast5 + AwayGoalsLast5 + XGDDiffLast5,3,0.5138157894736841,1.0087405619920513,0.20124985302297613
HomeGDPerGame + AwayGDPerGame + HomeGoalsPerGame,3,0.5217105263157895,1.008744822909984,0.2009654996212357
GoalsPerGameDiff + HomeGoalsAgainstLast5 + XGAgainstDiffLast5,3,0.5210526315789473,1.0087506721236572,0.20115917646808607
GDPerGameDiff + AwayGDPerGame + HomeGoalsPerGame,3,0.5217105263157895,1.008751224394509,0.2009671333336584
GoalDiffLast5 + HomeGoalsLast5 + XGDDiffLast5,3,0.5125,1.0087533694921613,0.2012539710019265
GDPerGameDiff + GoalsAgainstPerGameDiff + AwayGDPerGame,3,0.5210526315789473,1.0087559086142384,0.2009293734786497
GoalsPerGameDiff + ShotDiffLast5 + AwayPointsLast5,3,0.5230263157894737,1.0087577527759488,0.20126189007808648
GoalsAgainstPerGameDiff + AwayElo + HomeGoalsPerGame,3,0.5190789473684211,1.0087595317591018,0.20093900286836244
ShotDiffLast5 + AwayGDPerGame + HomeShotsAgainstLast5,3,0.5138157894736842,1.0087598076752504,0.20111910578879846
GoalsAgainstPerGameDiff + AwayElo + HomeShotsAgainstLast5,3,0.5085526315789474,1.0087647998670373,0.20098441749661983
GoalsAgainstPerGameDiff + HomeGDPerGame + AwayGDPerGame,3,0.5203947368421052,1.0087654040134633,0.2009266254863814
AwayGoalsLast5 + AwayShotsAgainstLast5 + XGForDiffPg,3,0.520945945945946,1.0087680848230471,0.20112667566374337
AwayGoalsAgainstLast5 + AwayShotsOnTargetLast5 + XGForDiffPg,3,0.5155405405405405,1.008768928768306,0.20122587736815575
GoalsPerGameDiff + GoalsAgainstPerGameDiff + AwayGDPerGame,3,0.5210526315789473,1.0087714689669096,0.20093753829484995
ShotOTDiffLast5 + ShotDiffLast5 + XGDDiffLast5,3,0.5105263157894737,1.0087738767033712,0.20122953201635219
GDPerGameDiff + GoalsPerGameDiff + GoalDiffLast5,3,0.5197368421052632,1.0087744528454017,0.20099909704928812
HomeGDPerGame + HomeShotsAgainstLast5 + XGForDiffLast5,3,0.5125000000000001,1.0087789655970156,0.2011344870030915
PPGDiff + GoalsAgainstPerGameDiff + AwayGoalsAgainstLast5,3,0.5171052631578947,1.0087806703006001,0.20114506047903918
GoalDiffLast5 + AwayElo + HomePointsLast5,3,0.5171052631578947,1.0087847603696223,0.20145635192138722
AwayPointsLast5 + HomeShotsOnTargetLast5 + XGDDiffLast5,3,0.5144736842105263,1.008785227530392,0.20125238465774434
ShotDiffLast5 + HomePointsLast5 + AwayShotsAgainstLast5,3,0.5138157894736841,1.0087869939796268,0.20097809518714924
AwayGoalsAgainstLast5 + AwayShotsAgainstLast5 + XGForDiffPg,3,0.5135135135135135,1.0087945080676204,0.20124471583752965
GoalsPerGameDiff + AwayElo + XGForDiffLast5,3,0.5118421052631579,1.0087945445845374,0.20149651126192977
GoalsAgainstPerGameDiff + GoalDiffLast5 + XGAgainstDiffPg,3,0.5175675675675675,1.0088029075514537,0.20085684547846558
AwayPPG + AwayGoalsAgainstPerGame + XGForDiffPg,3,0.5121621621621621,1.0088173571035093,0.20117860984792926
AwayGDPerGame + AwayGoalsAgainstLast5 + XGForDiffPg,3,0.5175675675675675,1.0088186457654025,0.2012449790234388
GoalAgainstDiffLast5 + GDPerGameDiff + AwayGoalsAgainstLast5,3,0.5157894736842106,1.008821580594834,0.200967308194653
AwayGoalsAgainstPerGame + AwayShotsAgainstLast5 + XGForDiffPg,3,0.5114864864864865,1.0088219834242114,0.2012249284920491
GDPerGameDiff + GoalsAgainstPerGameDiff + GoalDiffLast5,3,0.5190789473684211,1.0088284887225019,0.20100314812969486
GDPerGameDiff + HomeGoalsAgainstLast5 + AwayGoalsAgainstLast5,3,0.5157894736842106,1.008830816410437,0.20096888500541532
GoalAgainstDiffLast5 + GDPerGameDiff + HomeGoalsAgainstLast5,3,0.5157894736842106,1.0088329393971185,0.20096915645856728
GDPerGameDiff + AwayGoalsAgainstPerGame + AwayGoalsAgainstLast5,3,0.5190789473684211,1.008837246702838,0.20104378199228348
AwayPPG + HomeGDPerGame + HomeShotsOnTargetLast5,3,0.5203947368421052,1.0088444869050328,0.20108580542363763
ShotOTDiffLast5 + GoalsAgainstPerGameDiff + XGForDiffLast5,3,0.5230263157894737,1.0088484124418469,0.20094548687930888
GoalsPerGameDiff + GoalsAgainstPerGameDiff + GoalDiffLast5,3,0.5190789473684211,1.0088595003521643,0.20101244232070115
ShotDiffLast5 + AwayGDPerGame + HomeGoalsPerGame,3,0.5210526315789474,1.0088614422336395,0.20127213097927218
GDPerGameDiff + AwayGoalsAgainstLast5,2,0.5197368421052632,1.0088722359381452,0.2010393200248384
GDPerGameDiff + HomeGoalsPerGame + AwayGoalsAgainstPerGame,3,0.5203947368421052,1.0088735837281289,0.20101545300950585
GoalDiffLast5 + AwayPointsLast5 + XGDDiffLast5,3,0.5125,1.008875870788958,0.20132174949239953
GoalsPerGameDiff + HomeGoalsPerGame + XGAgainstDiffLast5,3,0.5236842105263159,1.0088764214944583,0.20112320707323464
GoalsPerGameDiff + ShotDiffLast5 + AwayPPG,3,0.5197368421052633,1.0088797364830835,0.20133585863205333
HomeGoalsLast5 + HomeShotsOnTargetAgainstLast5 + XGDDiffLast5,3,0.5151315789473684,1.008887864068465,0.20127856398969352
GoalsAgainstPerGameDiff + HomeGoalsLast5 + XGAgainstDiffPg,3,0.5114864864864865,1.008903302214255,0.20078831475676354
GDPerGameDiff + AwayPPG + AwayGoalsAgainstPerGame,3,0.5210526315789473,1.0089033759535124,0.2010041504778527
HomeGoalsLast5 + HomeShotsAgainstLast5 + XGDDiffLast5,3,0.5171052631578947,1.0089064380610824,0.20126427039180422
GoalDiffLast5 + HomeShotsOnTargetAgainstLast5 + XGDDiffLast5,3,0.5151315789473684,1.0089123098292612,0.20132519111644193
AwayGDPerGame + AwayGoalsAgainstLast5 + XGDDiffLast5,3,0.5118421052631579,1.0089228927670895,0.20132604029184187
AwayPointsLast5 + AwayGoalsAgainstLast5 + XGForDiffPg,3,0.5135135135135135,1.0089239811272546,0.2011983775999146
AwayElo + AwayGDPerGame + HomePointsLast5,3,0.5171052631578947,1.0089302689192292,0.20147274727581882
PPGDiff + AwayGDPerGame + AwayGoalsAgainstLast5,3,0.5223684210526316,1.0089381288987207,0.2014032921715341
AwayPPG + HomeGoalsAgainstLast5 + XGDDiffLast5,3,0.513157894736842,1.0089433940414387,0.2013454154258578
AwayElo + HomeGoalsPerGame + HomeShotsOnTargetLast5,3,0.5125,1.0089470977944786,0.20123936935884268
ShotOTDiffLast5 + GoalsPerGameDiff + AwayElo,3,0.5197368421052633,1.008952106393034,0.20146305084196697
ShotOTDiffLast5 + AwayGDPerGame + HomeShotsAgainstLast5,3,0.5223684210526316,1.0089553939671707,0.20117132842329524
GoalsPerGameDiff + ShotDiffLast5 + AwayGoalsAgainstLast5,3,0.5210526315789473,1.0089587533950573,0.20127047578600699
HomeGoalsLast5 + XGAgainstDiffPg + XGAgainstDiffLast5,3,0.5027027027027027,1.0089875413258955,0.2010237668281747
GoalAgainstDiffLast5 + ShotDiffLast5 + XGDDiffLast5,3,0.5151315789473685,1.0089884135093854,0.20121479994047997
GDPerGameDiff + AwayGoalsLast5 + AwayGoalsAgainstLast5,3,0.5190789473684211,1.0089896555252436,0.20104591676709857
GoalsPerGameDiff + AwayShotsAgainstLast5 + HomeShotsOnTargetAgainstLast5,3,0.5177631578947368,1.0089925988936812,0.20115303945542495
HomePointsLast5 + AwayShotsOnTargetAgainstLast5 + XGForDiffLast5,3,0.5230263157894737,1.008992937290741,0.20132389002729706
AwayElo + HomePointsLast5 + AwayGoalsLast5,3,0.5144736842105264,1.0090091308202491,0.20146834248611753
HomeGoalsAgainstLast5 + HomeShotsOnTargetLast5 + XGDDiffLast5,3,0.5157894736842105,1.0090276591868939,0.20126611356705568
AwayPPG + HomeGoalsPerGame + XGForDiffLast5,3,0.5151315789473684,1.00902921468326,0.20152700655464428
GoalDiffLast5 + HomeGoalsAgainstLast5 + XGAgainstDiffPg,3,0.518918918918919,1.009042871114568,0.20102478615114222
GoalAgainstDiffLast5 + HomeGDPerGame + XGForDiffLast5,3,0.5164473684210527,1.0090429480801575,0.2011355758423319
GoalAgainstDiffLast5 + GDPerGameDiff + GoalsAgainstPerGameDiff,3,0.5164473684210525,1.0090440319540055,0.20111137871883358
AwayPPG + XGDDiffLast5,2,0.5151315789473684,1.0090519918383423,0.2014311428638866
GoalAgainstDiffLast5 + GDPerGameDiff + GoalsPerGameDiff,3,0.5157894736842105,1.0090580590933473,0.20111891055409126
GoalsPerGameDiff + HomePPG + AwayShotsOnTargetAgainstLast5,3,0.5203947368421054,1.0090603856479146,0.20130079459333156
GoalAgainstDiffLast5 + GoalsPerGameDiff + GoalsAgainstPerGameDiff,3,0.5157894736842105,1.0090609869531315,0.20112091947311064
AwayGoalsLast5 + AwayGoalsAgainstLast5 + XGForDiffPg,3,0.5135135135135135,1.0090619045053542,0.2012195564000464
HomeGoalsLast5 + XGDDiffLast5,2,0.5157894736842105,1.0090780044135876,0.20135548775683154
AwayGDPerGame + HomeGoalsPerGame + HomeShotsAgainstLast5,3,0.5157894736842105,1.0090814463595688,0.2012408269212906
GoalsPerGameDiff + GoalDiffLast5 + XGAgainstDiffLast5,3,0.5236842105263158,1.0090882712266245,0.20125520697000793
GDPerGameDiff + GoalsPerGameDiff,2,0.5190789473684211,1.0091038346674948,0.2010558840640576
GoalsPerGameDiff + ShotDiffLast5 + HomeGoalsPerGame,3,0.5210526315789474,1.009114612457034,0.20128077090536223
GoalDiffLast5 + XGAgainstDiffPg + XGAgainstDiffLast5,3,0.5202702702702703,1.0091236579178993,0.20115681736996996
HomeShotsOnTargetLast5 + XGForDiffLast5 + XGAgainstDiffLast5,3,0.5138157894736842,1.0091280241309637,0.2013157034746904
AwayElo + HomeGoalsLast5 + HomeGoalsAgainstLast5,3,0.5197368421052632,1.0091340996378646,0.20143825597360482
HomeGDPerGame + AwayPointsLast5 + XGForDiffLast5,3,0.5236842105263158,1.0091358024419752,0.20118390970909145
AwayGDPerGame + XGForDiffLast5 + XGDDiffLast5,3,0.5138157894736842,1.0091389041648404,0.2014127459209384
HomeShotsOnTargetLast5 + XGAgainstDiffLast5 + XGDDiffLast5,3,0.5131578947368421,1.0091413915470149,0.20131886928530793
GoalsPerGameDiff + ShotDiffLast5 + GoalDiffLast5,3,0.5230263157894737,1.0091457750803157,0.20132617213952203
AwayGDPerGame + XGAgainstDiffLast5 + XGDDiffLast5,3,0.5138157894736842,1.0091464297074184,0.20141367981325736
GDPerGameDiff + GoalsAgainstPerGameDiff,2,0.5190789473684211,1.009156339921453,0.20105880704343249
HomeShotsOnTargetLast5 + XGForDiffLast5 + XGDDiffLast5,3,0.5138157894736842,1.009157854839008,0.2013238074383799
AwayGDPerGame + XGForDiffLast5 + XGAgainstDiffLast5,3,0.5138157894736842,1.0091599767273103,0.20141595563881443
GDPerGameDiff + GoalsPerGameDiff + AwayPointsLast5,3,0.5197368421052632,1.0091600437597847,0.20106611362454835
GoalsPerGameDiff + GoalsAgainstPerGameDiff,2,0.5190789473684211,1.0091605509341295,0.2010642241685166
AwayGoalsAgainstPerGame + HomeShotsOnTargetAgainstLast5 + XGDDiffLast5,3,0.5111842105263158,1.009175483722107,0.20119686178525198
GDPerGameDiff + GoalsPerGameDiff + GoalsAgainstPerGameDiff,3,0.5190789473684211,1.0091761599176439,0.20106558943361108
GoalsPerGameDiff + AwayShotsOnTargetAgainstLast5 + XGForDiffLast5,3,0.5230263157894737,1.0091771595816352,0.2015505246466126
GoalsAgainstPerGameDiff + GoalDiffLast5 + XGForDiffLast5,3,0.5164473684210527,1.0091787374863685,0.20109649254067652
GoalsPerGameDiff + HomeGoalsAgainstLast5 + AwayShotsOnTargetAgainstLast5,3,0.5217105263157895,1.0091862576063213,0.2013048752031199
AwayPPG + AwayGDPerGame + XGDDiffLast5,3,0.5138157894736842,1.0091877020419062,0.20142931972078443
GoalsPerGameDiff + GoalsAgainstPerGameDiff + AwayPointsLast5,3,0.5197368421052632,1.0091909336352698,0.20107098003114485
HomeElo + AwayGoalsLast5 + HomeGoalsAgainstLast5,3,0.5019736842105262,1.0091962481757202,0.20094284093101764
GDPerGameDiff + GoalsAgainstPerGameDiff + AwayPointsLast5,3,0.5197368421052632,1.0091966763620022,0.201065871671856
GDPerGameDiff + AwayPointsLast5 + AwayGoalsAgainstLast5,3,0.5177631578947368,1.0091985405939197,0.20109205762055968
ShotOTDiffLast5 + GoalsPerGameDiff + ShotDiffLast5,3,0.5197368421052632,1.0092109825730924,0.20133980016730188
HomeShotsOnTargetAgainstLast5 + AwayShotsOnTargetAgainstLast5 + XGForDiffLast5,3,0.5217105263157895,1.0092112794610997,0.20123756335190868
AwayGDPerGame + AwayShotsAgainstLast5 + XGForDiffPg,3,0.5168918918918919,1.0092231046073907,0.20128493627438881
GoalDiffLast5 + AwayGoalsAgainstPerGame + XGDDiffLast5,3,0.5177631578947368,1.0092252557364345,0.2013538505440199
HomeGDPerGame + AwayGoalsAgainstLast5 + XGAgainstDiffPg,3,0.5222972972972973,1.009227975846322,0.20080907532171083
GoalsPerGameDiff + AwayPPG + XGAgainstDiffLast5,3,0.5289473684210526,1.0092304038854056,0.20132070406964842
HomeGoalsLast5 + AwayShotsOnTargetLast5 + XGDDiffLast5,3,0.5144736842105263,1.0092360536534402,0.20144341039441255
AwayGDPerGame + AwayShotsOnTargetLast5 + XGDDiffLast5,3,0.5157894736842105,1.009238444006723,0.20140810051849983
HomeGDPerGame + AwayShotsOnTargetLast5 + XGAgainstDiffLast5,3,0.5138157894736842,1.0092385309996144,0.20091293696404353
GoalsPerGameDiff + ShotDiffLast5 + AwayShotsOnTargetLast5,3,0.5243421052631579,1.0092402881285985,0.20138085531832603
ShotOTDiffLast5 + GoalsAgainstPerGameDiff + GoalDiffLast5,3,0.5217105263157895,1.0092536864092432,0.20105245314964523
ShotDiffLast5 + GoalDiffLast5 + HomePPG,3,0.5243421052631579,1.0092600059481083,0.2011300853972396
GoalsAgainstPerGameDiff + HomeShotsOnTargetLast5 + XGForDiffLast5,3,0.5138157894736841,1.0092651198417852,0.20100507414955254
AwayGoalsAgainstPerGame + HomeShotsAgainstLast5 + XGForDiffLast5,3,0.518421052631579,1.0092688252484021,0.20118762090127842
HomeElo + AwayGoalsAgainstLast5 + HomeShotsOnTargetAgainstLast5,3,0.5105263157894737,1.0092714199811796,0.2009741345921124
GoalsPerGameDiff + HomePointsLast5 + HomeShotsAgainstLast5,3,0.5092105263157894,1.009284609382817,0.2015454570115288
AwayGoalsAgainstPerGame + AwayPointsLast5 + XGDDiffLast5,3,0.5105263157894737,1.0093164218075237,0.20125051561573912
ShotDiffLast5 + XGForDiffLast5 + XGDDiffLast5,3,0.5092105263157894,1.0093210845097593,0.20130397363946562
HomeElo + AwayGoalsAgainstLast5 + HomeShotsOnTargetLast5,3,0.5131578947368421,1.0093217900424536,0.201055321725448
ShotDiffLast5 + XGForDiffLast5 + XGAgainstDiffLast5,3,0.5092105263157894,1.009338200430461,0.20130550644237213
ShotDiffLast5 + XGAgainstDiffLast5 + XGDDiffLast5,3,0.5092105263157894,1.0093425656492634,0.20130668911782665
GoalsPerGameDiff + AwayGDPerGame + XGAgainstDiffLast5,3,0.5243421052631578,1.009342731913905,0.20133168940843793
GoalDiffLast5 + XGDDiffLast5,2,0.5177631578947368,1.0093458754957343,0.201467048114952
GoalAgainstDiffLast5 + ShotDiffLast5 + HomeGDPerGame,3,0.5210526315789474,1.0093686503078945,0.20091620562028667
GDPerGameDiff + GoalsPerGameDiff + AwayGoalsLast5,3,0.5197368421052632,1.0093713788402974,0.2010946229886528
GDPerGameDiff + AwayPPG + HomeGoalsPerGame,3,0.5190789473684211,1.0093794914826617,0.2011558140437861
GoalsPerGameDiff + GoalsAgainstPerGameDiff + AwayGoalsLast5,3,0.5210526315789473,1.0094074805796165,0.2010998275749733
GoalsPerGameDiff + ShotDiffLast5 + AwayGDPerGame,3,0.5230263157894737,1.0094085615052988,0.2014215380898924
GDPerGameDiff + GoalsAgainstPerGameDiff + AwayGoalsLast5,3,0.5203947368421052,1.009411269365458,0.20109584199542307
GoalAgainstDiffLast5 + GoalsPerGameDiff + HomeShotsOnTargetLast5,3,0.5171052631578947,1.009423667809683,0.20144983950653467
ShotDiffLast5 + AwayGoalsAgainstPerGame + HomePointsLast5,3,0.5184210526315789,1.0094257367800177,0.201086562133874
AwayElo + AwayPPG + HomePointsLast5,3,0.5138157894736842,1.0094270891567456,0.20161571626163804
AwayPointsLast5 + HomeGoalsLast5 + XGDDiffLast5,3,0.5138157894736842,1.0094661232457687,0.20140458709585762
HomeShotsAgainstLast5 + XGForDiffLast5 + XGDDiffLast5,3,0.5171052631578947,1.0094760047114362,0.20139661375543141
GoalsPerGameDiff + GoalsAgainstPerGameDiff + HomeGoalsPerGame,3,0.5210526315789473,1.0094773580173826,0.2010869241873236
GDPerGameDiff + GoalsPerGameDiff + AwayPPG,3,0.5210526315789473,1.0094802763479287,0.2010966158720069
AwayPointsLast5 + HomeGoalsLast5 + XGAgainstDiffPg,3,0.5094594594594595,1.0094842188522999,0.20117501089201245
ShotDiffLast5 + HomeGDPerGame + XGForDiffLast5,3,0.5171052631578947,1.0094861806243773,0.2010990430993214
GDPerGameDiff + GoalsPerGameDiff + HomeGoalsPerGame,3,0.5210526315789473,1.00948633096635,0.20109270466773815
GDPerGameDiff + HomeGoalsPerGame + AwayGoalsAgainstLast5,3,0.5236842105263159,1.0094867750055387,0.20115194258235863
AwayPPG + XGForDiffLast5 + XGAgainstDiffLast5,3,0.5125,1.0094946295837663,0.20152868038491367
GoalsAgainstPerGameDiff + HomeGDPerGame + XGAgainstDiffPg,3,0.525,1.0094965410253869,0.20064124734825112
ShotDiffLast5 + HomeGDPerGame + AwayGoalsAgainstLast5,3,0.5243421052631578,1.009497000022105,0.2009213613123324
GDPerGameDiff + GoalsAgainstPerGameDiff + HomeGoalsPerGame,3,0.5210526315789473,1.0094979554885462,0.20108732814319497
HomeShotsAgainstLast5 + XGForDiffLast5 + XGAgainstDiffLast5,3,0.5171052631578947,1.0094991660473358,0.20140056944951187
HomePointsLast5 + AwayShotsAgainstLast5 + XGForDiffLast5,3,0.525,1.0095019433582952,0.20142093742903885
AwayPPG + XGForDiffLast5 + XGDDiffLast5,3,0.5125,1.009502116165317,0.20153101366947462
ShotDiffLast5 + AwayElo + HomeShotsOnTargetLast5,3,0.5078947368421053,1.0095088879277223,0.2012764865796805
HomeShotsAgainstLast5 + XGAgainstDiffLast5 + XGDDiffLast5,3,0.5171052631578947,1.0095097643327002,0.20140379728243216
GoalsPerGameDiff + HomePPG + HomeShotsAgainstLast5,3,0.518421052631579,1.0095099102149347,0.20147046230624743
GoalsPerGameDiff + GoalsAgainstPerGameDiff + AwayPPG,3,0.5210526315789473,1.0095114298671097,0.20110083292096018
AwayGoalsAgainstPerGame + AwayGoalsAgainstLast5 + XGDDiffLast5,3,0.5105263157894736,1.0095148716686728,0.20134114712606607
GoalsAgainstPerGameDiff + HomeGoalsLast5 + XGForDiffLast5,3,0.5105263157894737,1.0095175304296902,0.20113211445961157
GDPerGameDiff + GoalsAgainstPerGameDiff + AwayPPG,3,0.5210526315789473,1.0095214533666268,0.20109704009570475
GDPerGameDiff + AwayPPG + AwayGoalsAgainstLast5,3,0.5197368421052632,1.0095218336559857,0.201129839090499
AwayPPG + XGAgainstDiffLast5 + XGDDiffLast5,3,0.513157894736842,1.009523497648051,0.20153510575924857
GoalsAgainstPerGameDiff + HomeElo + HomeGoalsAgainstLast5,3,0.5085526315789475,1.0095445195688277,0.20095312156426884
AwayElo + HomeShotsOnTargetLast5 + XGForDiffLast5,3,0.5039473684210526,1.009544611614663,0.20139762846759635
GoalsPerGameDiff + HomePPG + AwayShotsAgainstLast5,3,0.5164473684210527,1.0095469802474764,0.2014787260741996
GoalDiffLast5 + HomeGoalsAgainstLast5 + XGDDiffLast5,3,0.5151315789473684,1.009547122505488,0.20144666045549472
AwayGoalsLast5 + HomeShotsOnTargetAgainstLast5 + XGDDiffLast5,3,0.5098684210526316,1.0095559573997646,0.20140799628225775
ShotOTDiffLast5 + HomeShotsAgainstLast5 + AwayShotsOnTargetAgainstLast5,3,0.5098684210526315,1.0095568009230687,0.2011404798195879
AwayGoalsLast5 + HomeShotsAgainstLast5 + XGDDiffLast5,3,0.5151315789473684,1.0095646451674858,0.20139168109087846
GoalAgainstDiffLast5 + HomeGDPerGame + XGAgainstDiffPg,3,0.520945945945946,1.009582322232974,0.20088903995578475
AwayPPG + HomeGDPerGame + HomePointsLast5,3,0.5203947368421052,1.0095863192713592,0.2013145246533574
AwayGoalsLast5 + XGDDiffLast5,2,0.5098684210526315,1.0095872164428068,0.20142763402321384
GoalAgainstDiffLast5 + ShotDiffLast5 + HomePPG,3,0.5184210526315789,1.009590557120214,0.2010775890692046
GoalDiffLast5 + HomeElo + HomePointsLast5,3,0.5072368421052631,1.0095933310882736,0.20121956688217332
GoalsAgainstPerGameDiff + ShotDiffLast5 + XGForDiffLast5,3,0.5230263157894737,1.0096000844647923,0.20101763782840543
GoalDiffLast5 + AwayPointsLast5 + XGAgainstDiffPg,3,0.5141891891891892,1.0096115512691073,0.20115817828907961
ShotOTDiffLast5 + HomePPG + HomeShotsAgainstLast5,3,0.5138157894736842,1.0096119089546733,0.20126995754013458
AwayPPG + AwayShotsOnTargetLast5 + XGDDiffLast5,3,0.5144736842105263,1.0096183200674969,0.2015431539351412
ShotOTDiffLast5 + XGAgainstDiffLast5 + XGDDiffLast5,3,0.5118421052631579,1.0096264599528029,0.20145144228758272
ShotDiffLast5 + HomePPG + HomeShotsAgainstLast5,3,0.5144736842105263,1.0096282525152254,0.20115491954228606
GDPerGameDiff + GoalsAgainstPerGameDiff + AwayGoalsAgainstPerGame,3,0.5190789473684211,1.0096307349936653,0.20116410011357924
GDPerGameDiff + GoalsPerGameDiff + AwayGoalsAgainstPerGame,3,0.518421052631579,1.0096320503817184,0.20117106021522393
ShotOTDiffLast5 + XGForDiffLast5 + XGDDiffLast5,3,0.5105263157894736,1.0096341164289042,0.201453646732571
AwayElo + HomePointsLast5 + AwayPointsLast5,3,0.5177631578947368,1.0096361986726476,0.20161821368466554
AwayShotsAgainstLast5 + HomeShotsOnTargetLast5 + XGDDiffLast5,3,0.5118421052631579,1.0096386493654872,0.20141479719173175
GoalAgainstDiffLast5 + GoalsPerGameDiff + HomeShotsAgainstLast5,3,0.5125000000000001,1.0096405106845872,0.20147008245494066
ShotOTDiffLast5 + GoalAgainstDiffLast5 + XGDDiffLast5,3,0.513157894736842,1.0096433359686563,0.2014357482249572
ShotDiffLast5 + AwayGoalsAgainstLast5 + XGDDiffLast5,3,0.5144736842105263,1.009644104548438,0.20140789243746923
ShotOTDiffLast5 + AwayPPG + HomeGoalsPerGame,3,0.5177631578947368,1.0096467661879598,0.20159102930073633
HomeShotsAgainstLast5 + XGDDiffLast5,2,0.5138157894736842,1.00964989497776,0.20143789613257695
HomeShotsOnTargetAgainstLast5 + XGDDiffLast5,2,0.5118421052631579,1.009650894132621,0.2014649665028038
ShotOTDiffLast5 + XGForDiffLast5 + XGAgainstDiffLast5,3,0.5118421052631579,1.009654131773876,0.20145576841775867
ShotDiffLast5 + AwayShotsAgainstLast5 + XGDDiffLast5,3,0.5151315789473685,1.0096624083234125,0.20142199496349208
ShotDiffLast5 + AwayShotsOnTargetAgainstLast5 + XGDDiffLast5,3,0.5171052631578947,1.0096664617293933,0.20135640192535334
GoalsAgainstPerGameDiff + AwayShotsOnTargetAgainstLast5 + XGForDiffLast5,3,0.519078947368421,1.009666493921261,0.20112744468124313
ShotOTDiffLast5 + HomePointsLast5 + XGAgainstDiffLast5,3,0.5144736842105263,1.0096679634721302,0.20139653210509179
HomeGDPerGame + HomeShotsOnTargetAgainstLast5 + XGForDiffLast5,3,0.5118421052631579,1.0096695285176356,0.20127575594452377
GoalsPerGameDiff + GoalsAgainstPerGameDiff + AwayGoalsAgainstPerGame,3,0.518421052631579,1.009671686528621,0.20117638374736027
HomePPG + AwayGDPerGame + HomeGoalsLast5,3,0.5217105263157895,1.009673731260862,0.20140508940600468
GoalsAgainstPerGameDiff + HomeElo + HomePointsLast5,3,0.513157894736842,1.0096739340673404,0.20102161534649393
GoalAgainstDiffLast5 + GoalsPerGameDiff + XGAgainstDiffLast5,3,0.5203947368421052,1.0096809154733946,0.2013695955338157
HomeGoalsLast5 + XGAgainstDiffPg,2,0.49864864864864866,1.0097079014752972,0.20112080360455808
AwayGoalsAgainstPerGame + AwayGoalsLast5 + XGDDiffLast5,3,0.5105263157894737,1.0097160028715544,0.2013532889450408
AwayPointsLast5 + HomeShotsAgainstLast5 + XGDDiffLast5,3,0.5144736842105263,1.009721966900793,0.20143504070794796
HomePPG + AwayPointsLast5 + XGForDiffLast5,3,0.5263157894736842,1.0097259127386489,0.20139742854237147
AwayPointsLast5 + HomeShotsOnTargetAgainstLast5 + XGDDiffLast5,3,0.5111842105263158,1.0097599910951987,0.20146902897832844
HomeShotsOnTargetAgainstLast5 + XGForDiffLast5 + XGDDiffLast5,3,0.5144736842105263,1.0097624309847573,0.20147125848110392
GoalsAgainstPerGameDiff + ShotDiffLast5 + HomeShotsOnTargetAgainstLast5,3,0.518421052631579,1.0097635943836347,0.200944834061046
HomePPG + AwayGDPerGame + HomeGoalsAgainstLast5,3,0.5138157894736842,1.0097723558408394,0.20126817949378395
GoalsAgainstPerGameDiff + AwayElo + HomeGoalsLast5,3,0.5151315789473685,1.0097760951678274,0.20139976878370916
HomePPG + AwayGDPerGame + AwayShotsOnTargetAgainstLast5,3,0.5171052631578947,1.0097768240625054,0.20135337006319268
HomeShotsOnTargetAgainstLast5 + XGForDiffLast5 + XGAgainstDiffLast5,3,0.5144736842105263,1.0097799519546433,0.20147385127292725
GoalAgainstDiffLast5 + HomeShotsOnTargetLast5 + XGDDiffLast5,3,0.5171052631578947,1.0097808552893772,0.20143559524433907
AwayGoalsLast5 + XGForDiffLast5 + XGDDiffLast5,3,0.5111842105263158,1.0097838183391659,0.20144861713858295
HomeShotsOnTargetAgainstLast5 + XGAgainstDiffLast5 + XGDDiffLast5,3,0.5144736842105263,1.0097858043420156,0.20147585348155103
ShotOTDiffLast5 + GoalsAgainstPerGameDiff + HomeGoalsLast5,3,0.5131578947368421,1.0097893255685448,0.2011616609207128
AwayPointsLast5 + XGDDiffLast5,2,0.5085526315789474,1.0097935550529429,0.20149040835147794
GoalDiffLast5 + XGAgainstDiffPg,2,0.5155405405405405,1.00979589434994,0.20125947138973116
HomeGoalsLast5 + HomeGoalsAgainstLast5 + XGDDiffLast5,3,0.5144736842105263,1.0098033381108573,0.20146317534112196
ShotDiffLast5 + AwayGDPerGame + XGAgainstDiffLast5,3,0.5059210526315789,1.0098057396982363,0.2014392974133062
AwayGoalsLast5 + XGAgainstDiffLast5 + XGDDiffLast5,3,0.5118421052631579,1.009811116719364,0.20145439502954124
HomePPG + AwayGoalsAgainstPerGame + XGForDiffLast5,3,0.5151315789473684,1.0098169170841784,0.20140712661993812
GoalsPerGameDiff + ShotDiffLast5 + XGForDiffLast5,3,0.5144736842105263,1.009820459186458,0.20150228219585653
AwayElo + AwayGoalsAgainstPerGame + HomePointsLast5,3,0.5157894736842106,1.009824052412689,0.20164352220710927
AwayGoalsLast5 + XGForDiffLast5 + XGAgainstDiffLast5,3,0.5118421052631579,1.0098273982608648,0.2014571048988878
HomeGDPerGame + AwayShotsOnTargetLast5 + XGForDiffLast5,3,0.5026315789473684,1.0098410252047723,0.2013142471687885
HomeShotsOnTargetLast5 + AwayShotsOnTargetAgainstLast5 + XGDDiffLast5,3,0.518421052631579,1.0098424089793456,0.20141594360802587
HomePPG + AwayGDPerGame + AwayShotsAgainstLast5,3,0.5203947368421052,1.009844719496562,0.2014066964812183
HomeGoalsLast5 + XGForDiffLast5 + XGAgainstDiffLast5,3,0.5151315789473684,1.0098577420201091,0.2015262384365736
HomeGoalsLast5 + XGAgainstDiffLast5 + XGDDiffLast5,3,0.5157894736842105,1.0098647688768048,0.20152763495194914
HomeGoalsLast5 + XGForDiffLast5 + XGDDiffLast5,3,0.5157894736842105,1.0098662111747307,0.20152803965530575
GoalsPerGameDiff + AwayShotsAgainstLast5 + XGAgainstDiffLast5,3,0.5256578947368422,1.009870590293877,0.2014687541868757
AwayGDPerGame + HomePointsLast5 + HomeShotsOnTargetLast5,3,0.5085526315789474,1.0098927378781188,0.2013897356480126
ShotDiffLast5 + HomeGDPerGame + AwayShotsOnTargetLast5,3,0.5164473684210527,1.0099031744263367,0.20104888130596604
GoalDiffLast5 + AwayPPG + HomeGDPerGame,3,0.5203947368421052,1.0099163527489297,0.20149610577522037
ShotDiffLast5 + HomeShotsAgainstLast5 + AwayShotsOnTargetAgainstLast5,3,0.5171052631578947,1.0099181340396255,0.20115250371721796
HomePPG + AwayGDPerGame + AwayGoalsAgainstPerGame,3,0.5269736842105263,1.0099223056631554,0.201410193234737
AwayPPG + AwayGoalsAgainstPerGame + XGDDiffLast5,3,0.513157894736842,1.0099260963328798,0.20152877541238587
XGDDiffLast5,1,0.5111842105263158,1.0099265314589017,0.2015524112825163
HomePointsLast5 + HomeShotsAgainstLast5 + XGForDiffLast5,3,0.5085526315789474,1.0099321197853066,0.20161013605335829
ShotOTDiffLast5 + AwayPPG + HomePointsLast5,3,0.5092105263157894,1.0099325969744428,0.20153621724229612
HomeGDPerGame + HomeGoalsAgainstLast5 + XGAgainstDiffPg,3,0.5195945945945946,1.0099326893405471,0.20081756762705505
AwayPPG + AwayGoalsAgainstLast5 + XGDDiffLast5,3,0.5164473684210527,1.0099399375363283,0.20160712530624633
AwayGDPerGame + AwayGoalsAgainstPerGame + XGDDiffLast5,3,0.5171052631578947,1.0099454860975532,0.20152509948699854
ShotOTDiffLast5 + GoalsPerGameDiff + AwayShotsOnTargetAgainstLast5,3,0.5217105263157895,1.0099462274220208,0.20165202324448425
GoalsPerGameDiff + AwayShotsOnTargetAgainstLast5 + XGAgainstDiffLast5,3,0.5243421052631578,1.0099469063835733,0.20139406359394366
GoalDiffLast5 + AwayShotsOnTargetLast5 + XGDDiffLast5,3,0.5171052631578947,1.0099497195112233,0.2016165680825512
AwayGoalsAgainstPerGame + XGDDiffLast5,2,0.5151315789473684,1.0099535640561346,0.20146629059000618
ShotOTDiffLast5 + GoalsAgainstPerGameDiff + ShotDiffLast5,3,0.5223684210526316,1.009957125881655,0.20106859782522266
GoalDiffLast5 + XGForDiffLast5 + XGAgainstDiffLast5,3,0.5131578947368421,1.009958998867076,0.20158914988702897
GoalDiffLast5 + HomeElo + HomeGoalsAgainstLast5,3,0.5111842105263158,1.0099596435783629,0.2013556801700668
ShotDiffLast5 + HomePPG + XGForDiffLast5,3,0.5177631578947368,1.009959857275887,0.20125441615281595
GoalDiffLast5 + XGForDiffLast5 + XGDDiffLast5,3,0.5125,1.0099602150940876,0.2015896349395718
HomeShotsAgainstLast5 + AwayShotsOnTargetLast5 + XGDDiffLast5,3,0.5131578947368421,1.0099783126521862,0.2015373126980995
GoalDiffLast5 + HomePPG + AwayGDPerGame,3,0.5230263157894738,1.009983848176671,0.20148279986546022
GoalDiffLast5 + XGAgainstDiffLast5 + XGDDiffLast5,3,0.5125000000000001,1.009985581930822,0.20159499826037397
AwayPointsLast5 + AwayGoalsLast5 + XGDDiffLast5,3,0.5098684210526315,1.010002018374049,0.20150652973278266
AwayGoalsLast5 + AwayShotsOnTargetLast5 + XGDDiffLast5,3,0.5092105263157894,1.0100020572225148,0.20151634516482858
GoalDiffLast5 + AwayPPG + XGAgainstDiffPg,3,0.5094594594594595,1.0100040272158282,0.20140431632313782
ShotDiffLast5 + HomePPG + AwayGoalsLast5,3,0.5269736842105263,1.0100122726272658,0.2012208372967674
AwayShotsOnTargetLast5 + HomeShotsOnTargetAgainstLast5 + XGDDiffLast5,3,0.5098684210526316,1.0100129828166615,0.20157185853141485
HomeGoalsLast5 + HomeGoalsAgainstLast5 + XGAgainstDiffPg,3,0.5027027027027027,1.0100293408270127,0.20116054651340673
GoalsAgainstPerGameDiff + AwayGoalsLast5 + XGForDiffLast5,3,0.5177631578947368,1.0100310687089498,0.2011584277073224
GoalsPerGameDiff + HomeShotsAgainstLast5 + HomeShotsOnTargetLast5,3,0.5197368421052632,1.0100435931508807,0.20154967944121452
GoalsAgainstPerGameDiff + GoalDiffLast5 + HomeShotsAgainstLast5,3,0.5164473684210527,1.0100474109590758,0.2012124160009947
AwayGDPerGame + HomeShotsOnTargetAgainstLast5 + XGForDiffLast5,3,0.5105263157894737,1.0100572594715977,0.2014920524390816
ShotOTDiffLast5 + HomeGDPerGame + XGForDiffLast5,3,0.5131578947368421,1.0100645484042974,0.20138257551538954
GoalsAgainstPerGameDiff + AwayShotsAgainstLast5 + XGForDiffLast5,3,0.5184210526315789,1.010067867600609,0.20125457776680994
GoalAgainstDiffLast5 + AwayGDPerGame + XGDDiffLast5,3,0.5138157894736842,1.0100702619878061,0.2015858895542897
HomeGDPerGame + AwayShotsAgainstLast5 + AwayShotsOnTargetLast5,3,0.525,1.0100737359404273,0.2010158884075575
AwayGoalsAgainstPerGame + HomeGoalsAgainstLast5 + XGDDiffLast5,3,0.5065789473684211,1.0100762755033883,0.20140722974820216
HomeGDPerGame + AwayGoalsLast5 + XGForDiffLast5,3,0.5131578947368421,1.0100768770271364,0.20142010328292898
GoalAgainstDiffLast5 + AwayElo + HomePointsLast5,3,0.5210526315789474,1.0100942118560152,0.20173300702387847
ShotOTDiffLast5 + AwayShotsAgainstLast5 + XGDDiffLast5,3,0.5144736842105263,1.0101020710305733,0.2015851608854522
ShotDiffLast5 + AwayPPG + HomeShotsAgainstLast5,3,0.5052631578947369,1.010110108604937,0.2014544366473109
ShotOTDiffLast5 + HomeShotsAgainstLast5 + AwayShotsAgainstLast5,3,0.5171052631578947,1.0101124775223378,0.20122801967005935
GoalsPerGameDiff + AwayGoalsAgainstLast5 + XGAgainstDiffLast5,3,0.5236842105263158,1.0101126968864897,0.20147839035419474
AwayGoalsAgainstLast5 + HomeShotsOnTargetLast5 + XGDDiffLast5,3,0.5118421052631579,1.0101309497069382,0.20153299509376274
ShotOTDiffLast5 + AwayShotsOnTargetAgainstLast5 + XGDDiffLast5,3,0.5151315789473684,1.010141576574053,0.20154312048376807
AwayPointsLast5 + XGForDiffLast5 + XGDDiffLast5,3,0.5092105263157894,1.0101416439938669,0.20156471101984655
HomeGDPerGame + AwayGoalsAgainstLast5 + XGForDiffLast5,3,0.5243421052631579,1.0101503123536182,0.20138764717781327
ShotDiffLast5 + HomeGDPerGame + HomeShotsAgainstLast5,3,0.5078947368421053,1.0101545613104888,0.2011645210469987
AwayPointsLast5 + XGForDiffLast5 + XGAgainstDiffLast5,3,0.5092105263157894,1.0101587453975647,0.20156790257990315
GoalDiffLast5 + AwayGDPerGame + XGAgainstDiffPg,3,0.5128378378378379,1.0101680470501304,0.20143469776082645
HomeGoalsLast5 + AwayShotsOnTargetAgainstLast5 + XGAgainstDiffPg,3,0.5054054054054054,1.0101725116186664,0.20133877332468994
ShotOTDiffLast5 + HomeGDPerGame + AwayPointsLast5,3,0.5190789473684211,1.0101751609086396,0.20132516184323096
HomeShotsAgainstLast5 + AwayShotsOnTargetAgainstLast5 + XGDDiffLast5,3,0.5151315789473684,1.0101773288335019,0.20143887130420068
AwayPointsLast5 + XGAgainstDiffLast5 + XGDDiffLast5,3,0.5078947368421052,1.0101794088369735,0.201572332418037
ShotOTDiffLast5 + AwayGoalsAgainstLast5 + XGDDiffLast5,3,0.5111842105263158,1.010207617682265,0.20160555460936774
GoalsAgainstPerGameDiff + HomeGoalsAgainstLast5 + XGForDiffLast5,3,0.513157894736842,1.010219197978986,0.20120593132172473
HomePPG + AwayGDPerGame + AwayShotsOnTargetLast5,3,0.5197368421052632,1.0102247361070942,0.20157986758751545
ShotDiffLast5 + AwayPPG + XGAgainstDiffLast5,3,0.5092105263157896,1.010243513624418,0.20150494761906973
ShotOTDiffLast5 + ShotDiffLast5 + HomeGDPerGame,3,0.5164473684210527,1.0102865655628754,0.20119387201581132
GoalsAgainstPerGameDiff + AwayPointsLast5 + XGForDiffLast5,3,0.5171052631578947,1.0102890461244562,0.20121426788454422
GDPerGameDiff + GoalsPerGameDiff + AwayGoalsAgainstLast5,3,0.5190789473684211,1.0102894849280462,0.20133203885696654
AwayGoalsLast5 + HomeGoalsAgainstLast5 + XGDDiffLast5,3,0.5111842105263158,1.010290127509313,0.20155171049564438
GoalsPerGameDiff + AwayShotsAgainstLast5 + XGForDiffLast5,3,0.5197368421052632,1.0102958871349799,0.20184717565070523
XGForDiffLast5 + XGDDiffLast5,2,0.5125,1.0103004366307395,0.20163126777111318
GoalAgainstDiffLast5 + HomeGoalsLast5 + XGAgainstDiffPg,3,0.5074324324324324,1.0103015009293974,0.20134434239522167
HomeShotsAgainstLast5 + AwayShotsOnTargetLast5 + XGAgainstDiffPg,3,0.5162162162162162,1.010306802430164,0.20119122836858772
GDPerGameDiff + GoalsAgainstPerGameDiff + AwayGoalsAgainstLast5,3,0.5203947368421052,1.0103144133878152,0.20132901839420045
GoalsPerGameDiff + GoalsAgainstPerGameDiff + AwayGoalsAgainstLast5,3,0.5190789473684211,1.0103169045309182,0.2013355301619016
GoalAgainstDiffLast5 + GoalDiffLast5 + XGAgainstDiffPg,3,0.5121621621621621,1.010319847937773,0.2014191840253973
XGForDiffLast5 + XGAgainstDiffLast5,2,0.5111842105263158,1.0103225201935326,0.20163548532513048
XGForDiffLast5 + XGAgainstDiffLast5 + XGDDiffLast5,3,0.5111842105263158,1.0103251447708566,0.20163662860208817
AwayGoalsAgainstPerGame + XGForDiffLast5 + XGDDiffLast5,3,0.5151315789473684,1.0103277278333154,0.20155836318252204
AwayGoalsAgainstPerGame + XGForDiffLast5 + XGAgainstDiffLast5,3,0.5151315789473684,1.0103306973511272,0.2015576408578501
XGAgainstDiffLast5 + XGDDiffLast5,2,0.5105263157894737,1.0103369851740858,0.20163836671485946
GoalDiffLast5 + AwayShotsOnTargetLast5 + XGAgainstDiffPg,3,0.5175675675675676,1.0103381303629695,0.2014165962973298
AwayGDPerGame + HomeGoalsPerGame + XGAgainstDiffLast5,3,0.5203947368421052,1.010345056569443,0.20137043586264358
AwayGoalsAgainstPerGame + XGAgainstDiffLast5 + XGDDiffLast5,3,0.5131578947368421,1.0103512985829133,0.2015621419263994
ShotOTDiffLast5 + HomePPG + XGForDiffLast5,3,0.5171052631578947,1.0103645118582316,0.2014644882929314
HomeShotsAgainstLast5 + AwayShotsOnTargetAgainstLast5 + XGAgainstDiffPg,3,0.5168918918918919,1.0103649280673843,0.2011285289634935
ShotDiffLast5 + HomeGDPerGame + HomePointsLast5,3,0.5118421052631579,1.0103690532126255,0.20118778731506487
AwayPointsLast5 + AwayShotsOnTargetLast5 + XGDDiffLast5,3,0.5085526315789474,1.010377294813713,0.20164560785958263
HomeShotsAgainstLast5 + AwayShotsAgainstLast5 + XGDDiffLast5,3,0.5098684210526316,1.0103789583400014,0.20150156507629965
ShotDiffLast5 + HomePointsLast5 + AwayPointsLast5,3,0.5157894736842106,1.0104003258021903,0.201363263674076
AwayShotsOnTargetLast5 + XGDDiffLast5,2,0.5151315789473684,1.0104004920420233,0.20168505907180448
GoalsAgainstPerGameDiff + AwayGDPerGame + XGForDiffLast5,3,0.5151315789473685,1.0104092570853827,0.2013584782590969
GoalsAgainstPerGameDiff + XGForDiffLast5,2,0.5177631578947368,1.0104215427540233,0.20125797281031663
HomeElo + HomePPG + AwayGoalsAgainstLast5,3,0.5046052631578948,1.0104259651271041,0.2013634116348356
AwayPPG + HomeGoalsPerGame + HomeShotsOnTargetAgainstLast5,3,0.5203947368421054,1.0104313173665458,0.20157128403733943
GoalAgainstDiffLast5 + HomeGoalsLast5 + XGDDiffLast5,3,0.5118421052631579,1.010444972125367,0.20158698457324667
AwayPPG + HomeGDPerGame + AwayGoalsAgainstPerGame,3,0.5203947368421052,1.0104477376212078,0.2013057362716179
AwayPPG + HomeGDPerGame + HomeShotsOnTargetAgainstLast5,3,0.5263157894736842,1.010448312970298,0.20129962363333664
HomeElo + HomeGoalsPerGame + AwayGoalsAgainstLast5,3,0.5052631578947369,1.010450840600725,0.20136072139988836
HomePPG + AwayGoalsAgainstLast5 + XGForDiffLast5,3,0.5230263157894737,1.0104576088102086,0.20157322439680658
GoalAgainstDiffLast5 + GoalsPerGameDiff + HomePPG,3,0.5118421052631579,1.0104755409058073,0.20160869415382532
GoalsPerGameDiff + AwayGoalsLast5 + XGForDiffLast5,3,0.511842105263158,1.010485421228703,0.2017717325381996
HomeElo + AwayGoalsAgainstLast5,2,0.5078947368421053,1.0104863329010132,0.20136770060347495
AwayGDPerGame + HomePointsLast5 + XGAgainstDiffLast5,3,0.5177631578947368,1.0104929570631689,0.20155238527896752
GoalsPerGameDiff + AwayGoalsAgainstPerGame + HomePointsLast5,3,0.5184210526315789,1.0105016536693852,0.2017310782763101
AwayPointsLast5 + HomeGoalsAgainstLast5 + XGDDiffLast5,3,0.5125,1.0105031375376503,0.20161326839254373
GoalAgainstDiffLast5 + GoalDiffLast5 + XGDDiffLast5,3,0.5151315789473685,1.0105123509627825,0.2016621515104676
HomeGoalsAgainstLast5 + XGDDiffLast5,2,0.5144736842105263,1.0105132980837825,0.20163103672494068
AwayGDPerGame + HomeShotsOnTargetLast5 + XGAgainstDiffLast5,3,0.5085526315789474,1.0105309541545995,0.20153084962682793
GoalAgainstDiffLast5 + HomePPG + AwayGDPerGame,3,0.5164473684210527,1.0105359171033443,0.20146220405041776
GoalsAgainstPerGameDiff + ShotDiffLast5 + HomeShotsOnTargetLast5,3,0.5217105263157895,1.010547713215199,0.20110094371890763
ShotOTDiffLast5 + GoalsAgainstPerGameDiff + AwayShotsAgainstLast5,3,0.5256578947368421,1.010548192433957,0.20135933702045414
HomeGoalsLast5 + AwayShotsAgainstLast5 + XGDDiffLast5,3,0.5177631578947368,1.0105499459659382,0.2016490524920246
AwayGoalsLast5 + HomeShotsAgainstLast5 + XGAgainstDiffPg,3,0.518918918918919,1.0105506982588621,0.20118646564402795
GoalAgainstDiffLast5 + GoalsAgainstPerGameDiff + XGForDiffLast5,3,0.5171052631578947,1.0105549356375725,0.20134797196953055
GoalDiffLast5 + AwayShotsOnTargetAgainstLast5 + XGAgainstDiffPg,3,0.5121621621621621,1.0105568832232996,0.20149397941811545
HomePPG + AwayGoalsLast5 + XGForDiffLast5,3,0.5157894736842105,1.010569619733913,0.20160230845047494
HomeGDPerGame + AwayShotsOnTargetLast5 + AwayShotsOnTargetAgainstLast5,3,0.5144736842105263,1.0105724948279833,0.20102656136124386
HomePPG + HomeGDPerGame + XGForDiffLast5,3,0.5111842105263158,1.010592856273303,0.20154802996414203
AwayGDPerGame + AwayShotsAgainstLast5 + XGDDiffLast5,3,0.5157894736842105,1.010594823141632,0.20170294444143547
AwayElo + XGAgainstDiffPg + XGAgainstDiffLast5,3,0.5155405405405405,1.0106206598350798,0.2015569369266386
AwayElo + HomePointsLast5 + AwayGoalsAgainstLast5,3,0.5197368421052632,1.010621953038637,0.20191126312625207
ShotOTDiffLast5 + AwayPPG + HomeShotsAgainstLast5,3,0.518421052631579,1.0106226534012068,0.20161983387144872
AwayGDPerGame + AwayShotsOnTargetAgainstLast5 + XGDDiffLast5,3,0.5151315789473684,1.0106240843210414,0.20168987071843758
AwayGDPerGame + HomeGoalsLast5 + HomeShotsAgainstLast5,3,0.5217105263157894,1.0106257994800711,0.20161467993937837
GoalsPerGameDiff + HomePPG + AwayGDPerGame,3,0.5171052631578947,1.010638914974104,0.2016417830003025
GoalAgainstDiffLast5 + AwayPPG + XGDDiffLast5,3,0.5138157894736841,1.010648543640436,0.2017495518853125
AwayGoalsAgainstPerGame + AwayShotsOnTargetLast5 + XGDDiffLast5,3,0.5164473684210527,1.0106491999492833,0.2016478677287014
ShotOTDiffLast5 + GoalAgainstDiffLast5 + HomePPG,3,0.5098684210526316,1.0106523158502028,0.2015334043416777
HomeGoalsAgainstLast5 + XGForDiffLast5 + XGDDiffLast5,3,0.5164473684210527,1.0106625212815792,0.20163395595564496
GoalsAgainstPerGameDiff + AwayPPG + XGForDiffLast5,3,0.5184210526315789,1.0106652021016251,0.20143098329287815
HomeGoalsAgainstLast5 + HomeShotsOnTargetAgainstLast5 + XGDDiffLast5,3,0.5144736842105263,1.0106818761401688,0.20168598846869026
HomeGoalsAgainstLast5 + AwayShotsOnTargetLast5 + XGDDiffLast5,3,0.5157894736842105,1.0106819544019794,0.20169858017787978
ShotOTDiffLast5 + GoalAgainstDiffLast5 + HomeGDPerGame,3,0.5131578947368421,1.0106964200949358,0.20145151900637662
HomeGoalsAgainstLast5 + XGForDiffLast5 + XGAgainstDiffLast5,3,0.5164473684210527,1.0106986151228199,0.20164122628092754
GoalsAgainstPerGameDiff + HomeShotsAgainstLast5 + XGAgainstDiffPg,3,0.5101351351351351,1.0106991672880885,0.20099063755118463
ShotOTDiffLast5 + GoalsPerGameDiff + AwayShotsAgainstLast5,3,0.5131578947368421,1.0107004740561467,0.20189364255551423
HomeGoalsAgainstLast5 + XGAgainstDiffLast5 + XGDDiffLast5,3,0.5157894736842106,1.0107028652191956,0.20164269750352087
HomePPG + AwayShotsOnTargetLast5 + XGAgainstDiffLast5,3,0.5151315789473685,1.0107086963344676,0.2014781762935846
ShotOTDiffLast5 + GoalsAgainstPerGameDiff + AwayShotsOnTargetAgainstLast5,3,0.5190789473684211,1.0107142514125855,0.20133782113442533
AwayShotsAgainstLast5 + HomeShotsOnTargetAgainstLast5 + XGForDiffLast5,3,0.5164473684210527,1.0107175937227855,0.20151740676559635
HomeGDPerGame + HomePointsLast5 + XGForDiffLast5,3,0.5144736842105263,1.0107259370451163,0.20159799942087617
HomePPG + AwayShotsOnTargetLast5 + XGForDiffLast5,3,0.5144736842105263,1.0107267333442125,0.20165190593825455
GoalsPerGameDiff + HomeGoalsAgainstLast5 + AwayShotsAgainstLast5,3,0.5131578947368421,1.010739011920379,0.20174249417416618
ShotOTDiffLast5 + HomeGDPerGame + HomeShotsAgainstLast5,3,0.5072368421052632,1.0107628615379678,0.20147753444740346
HomeElo + HomeGDPerGame + AwayGoalsAgainstLast5,3,0.5072368421052632,1.0107642675536872,0.20142976820982497
GoalsAgainstPerGameDiff + AwayShotsOnTargetLast5 + XGForDiffLast5,3,0.5138157894736842,1.0107687372106473,0.201378717427008
GoalsPerGameDiff + AwayPPG + HomeGDPerGame,3,0.518421052631579,1.0107749833904365,0.20169486768620937
AwayShotsOnTargetLast5 + XGForDiffLast5 + XGDDiffLast5,3,0.5118421052631579,1.0107761238036557,0.20175517633486686
ShotDiffLast5 + HomeShotsOnTargetLast5 + XGAgainstDiffLast5,3,0.5059210526315789,1.010777065571823,0.20154739011281136
AwayShotsOnTargetLast5 + XGAgainstDiffLast5 + XGDDiffLast5,3,0.5111842105263157,1.0107915641762306,0.20175830230833933
HomeShotsAgainstLast5 + HomeShotsOnTargetAgainstLast5 + XGDDiffLast5,3,0.5092105263157896,1.0107993892565623,0.2016805280003204
HomeShotsOnTargetAgainstLast5 + AwayShotsOnTargetAgainstLast5 + XGDDiffLast5,3,0.5171052631578947,1.0108017686889217,0.20161076961349408
AwayShotsOnTargetLast5 + XGForDiffLast5 + XGAgainstDiffLast5,3,0.5118421052631579,1.010803860852151,0.20176102654518513
ShotDiffLast5 + GoalDiffLast5 + HomeShotsAgainstLast5,3,0.5144736842105263,1.0108503688229553,0.20174032205381018
AwayGoalsAgainstPerGame + HomePointsLast5 + XGForDiffLast5,3,0.5203947368421052,1.0108612513895092,0.20165508300335386
AwayPointsLast5 + HomeShotsAgainstLast5 + XGAgainstDiffPg,3,0.5121621621621621,1.010872823925438,0.20131446470865716
HomeGoalsLast5 + AwayShotsOnTargetAgainstLast5 + XGDDiffLast5,3,0.5203947368421052,1.0108842315993989,0.20166815357206463
GoalsPerGameDiff + HomePointsLast5 + HomeShotsOnTargetAgainstLast5,3,0.5059210526315789,1.0108842944527074,0.20185584782949328
GoalAgainstDiffLast5 + GoalsPerGameDiff + HomePointsLast5,3,0.5105263157894737,1.0108942095573163,0.20183649225922562
HomeGoalsAgainstLast5 + AwayShotsOnTargetAgainstLast5 + XGForDiffLast5,3,0.5236842105263158,1.0109010974191668,0.20160528387558124
ShotDiffLast5 + HomePPG + AwayGoalsAgainstLast5,3,0.5243421052631579,1.0109047021469144,0.20138207677404524
ShotDiffLast5 + HomeGDPerGame + HomeShotsOnTargetAgainstLast5,3,0.5111842105263158,1.0109123934078617,0.2012799499290053
GoalDiffLast5 + AwayShotsAgainstLast5 + XGDDiffLast5,3,0.5144736842105263,1.0109171644266204,0.20178836846855955
GoalDiffLast5 + AwayGoalsAgainstLast5 + XGDDiffLast5,3,0.513157894736842,1.0109185068981923,0.2017879335085207
GoalsPerGameDiff + HomePointsLast5 + AwayShotsOnTargetLast5,3,0.5177631578947368,1.0109339027390818,0.20192386760391925
AwayPPG + HomeShotsOnTargetAgainstLast5 + XGForDiffLast5,3,0.506578947368421,1.0109559133419728,0.20184068810000474
GoalDiffLast5 + HomeGDPerGame + XGForDiffLast5,3,0.5118421052631579,1.0109596340637381,0.20166924667833125
GoalsPerGameDiff + AwayGoalsAgainstPerGame + HomeShotsOnTargetAgainstLast5,3,0.5171052631578947,1.0109660513579175,0.20156266276161208
AwayPPG + AwayShotsAgainstLast5 + XGDDiffLast5,3,0.5164473684210527,1.0109757704614957,0.20182643262937924
AwayElo + HomeGoalsLast5 + XGForDiffLast5,3,0.5078947368421053,1.0109785996095901,0.20189151127356636
GoalsPerGameDiff + HomeShotsOnTargetLast5 + AwayShotsOnTargetAgainstLast5,3,0.5138157894736842,1.0109811043309143,0.2018636035142048
HomeGDPerGame + XGForDiffLast5,2,0.5144736842105263,1.010995682659414,0.20163644842786907
AwayGoalsAgainstPerGame + HomeGoalsLast5 + XGAgainstDiffPg,3,0.5047297297297297,1.0110035073849444,0.20146966995859578
GoalsPerGameDiff + AwayGoalsAgainstLast5 + HomeShotsAgainstLast5,3,0.5210526315789473,1.0110112794368173,0.20172159219179545
AwayElo + AwayPointsLast5 + XGAgainstDiffPg,3,0.5087837837837837,1.011011539499619,0.20154972558368586
ShotDiffLast5 + HomePPG + AwayGoalsAgainstPerGame,3,0.5210526315789474,1.0110125718125302,0.20145200322105122
ShotOTDiffLast5 + ShotDiffLast5 + XGAgainstDiffLast5,3,0.5085526315789474,1.0110289652856903,0.20163691266678663
AwayGoalsAgainstLast5 + HomeShotsAgainstLast5 + XGDDiffLast5,3,0.5111842105263158,1.011033302711447,0.20170286191338457
AwayPPG + AwayShotsOnTargetAgainstLast5 + XGDDiffLast5,3,0.5144736842105263,1.0110373214171975,0.20180965777501753
HomeGoalsLast5 + AwayGoalsAgainstLast5 + XGDDiffLast5,3,0.5138157894736841,1.0110471638743452,0.2017511609053235
AwayShotsAgainstLast5 + HomeShotsOnTargetAgainstLast5 + XGDDiffLast5,3,0.5151315789473684,1.0110662168600038,0.20167973091067806
GoalAgainstDiffLast5 + AwayElo + HomeShotsOnTargetLast5,3,0.5138157894736842,1.0110876696317077,0.20190630220520298
GoalsPerGameDiff + AwayGoalsAgainstPerGame + XGForDiffLast5,3,0.5092105263157896,1.0110880228398242,0.20194159001764453
GoalDiffLast5 + AwayShotsOnTargetAgainstLast5 + XGDDiffLast5,3,0.5171052631578947,1.0110903479189008,0.20177768130104506
GoalsPerGameDiff + HomeShotsOnTargetLast5 + XGForDiffLast5,3,0.5072368421052632,1.0110936956335028,0.2019655540072478
GoalsAgainstPerGameDiff + AwayGoalsAgainstPerGame + XGForDiffLast5,3,0.5184210526315789,1.0111029770721975,0.2013945385892387
ShotDiffLast5 + HomePointsLast5 + HomeShotsAgainstLast5,3,0.5085526315789475,1.0111209253670095,0.20165464582702744
ShotDiffLast5 + HomePPG + HomeShotsOnTargetAgainstLast5,3,0.5105263157894737,1.0111253753779297,0.201473363772708
HomeGoalsLast5 + AwayShotsAgainstLast5 + XGAgainstDiffPg,3,0.5060810810810811,1.0111260414183405,0.20166990568454848
AwayGDPerGame + HomeGoalsPerGame + XGForDiffLast5,3,0.5059210526315789,1.0111260978971026,0.20196345692808482
GoalDiffLast5 + HomeGDPerGame + XGAgainstDiffLast5,3,0.5138157894736843,1.011131874713882,0.20151851571599744
GoalsAgainstPerGameDiff + ShotDiffLast5 + AwayShotsOnTargetAgainstLast5,3,0.5197368421052632,1.0111438594997026,0.2012336636291688
ShotOTDiffLast5 + AwayElo + HomeGoalsLast5,3,0.5065789473684211,1.0111482763641668,0.2018524845787617
ShotOTDiffLast5 + GoalsAgainstPerGameDiff + AwayGoalsLast5,3,0.5171052631578947,1.011162010575762,0.2014457398708724
AwayGDPerGame + HomeGoalsPerGame + HomePointsLast5,3,0.5098684210526315,1.011167433607099,0.20181655356214545
GoalAgainstDiffLast5 + AwayGoalsLast5 + XGDDiffLast5,3,0.5131578947368421,1.0111766876396828,0.20176135863374567
AwayElo + HomeShotsAgainstLast5 + AwayShotsOnTargetAgainstLast5,3,0.5085526315789474,1.0111941321180316,0.20165288544300802
GoalDiffLast5 + AwayGoalsAgainstPerGame + XGAgainstDiffPg,3,0.5148648648648648,1.011200077479248,0.20159313054485392
ShotOTDiffLast5 + GoalsPerGameDiff + XGForDiffLast5,3,0.5098684210526316,1.0112027676244466,0.20196877232787142
GoalDiffLast5 + AwayGoalsAgainstLast5 + XGAgainstDiffPg,3,0.5128378378378378,1.01123711556229,0.20162994491914907
AwayGoalsLast5 + AwayGoalsAgainstLast5 + XGDDiffLast5,3,0.5118421052631579,1.0112467854740377,0.20177579111276975
GoalsAgainstPerGameDiff + GoalDiffLast5 + XGAgainstDiffLast5,3,0.5111842105263158,1.0112543309322264,0.20157291844819034
GoalAgainstDiffLast5 + GoalsPerGameDiff + AwayElo,3,0.5164473684210527,1.0112551817866577,0.2019795989304575
ShotOTDiffLast5 + ShotDiffLast5 + HomePPG,3,0.5184210526315789,1.0112579815245746,0.20145841617975516
HomePPG + XGForDiffLast5,2,0.5157894736842105,1.0112650825154101,0.20174683218673356
GoalsPerGameDiff + AwayGDPerGame + HomePointsLast5,3,0.5197368421052632,1.0112896108283893,0.20192223920292854
GoalAgainstDiffLast5 + ShotDiffLast5 + HomeGoalsPerGame,3,0.5177631578947368,1.0112946414940165,0.20142974505985545
ShotDiffLast5 + HomePPG + HomeGDPerGame,3,0.5111842105263158,1.0113021803853894,0.2013755756334392
GoalsPerGameDiff + HomeShotsOnTargetLast5 + HomeShotsOnTargetAgainstLast5,3,0.5157894736842106,1.0113063764751355,0.20179565155268128
GoalAgainstDiffLast5 + AwayGoalsAgainstPerGame + XGDDiffLast5,3,0.5098684210526315,1.0113192588621795,0.2017515053371802
ShotDiffLast5 + HomePointsLast5 + AwayGoalsLast5,3,0.5138157894736842,1.0113347799323276,0.20166053677400436
ShotOTDiffLast5 + GoalsAgainstPerGameDiff + HomeGoalsAgainstLast5,3,0.5138157894736841,1.0113348601579861,0.20146874233720288
HomeElo + HomeGoalsLast5 + AwayGoalsAgainstLast5,3,0.5092105263157894,1.0113364160018254,0.201563347600841
GoalDiffLast5 + HomePPG + XGAgainstDiffLast5,3,0.5151315789473684,1.0113383222989367,0.20163069035854722
AwayPPG + HomeGDPerGame + AwayGoalsLast5,3,0.5177631578947368,1.0113473128682762,0.2016179799680485
AwayGoalsAgainstPerGame + AwayShotsAgainstLast5 + XGDDiffLast5,3,0.5151315789473684,1.011348415030299,0.20177058292681088
HomeGoalsPerGame + HomeShotsAgainstLast5 + XGForDiffLast5,3,0.5157894736842105,1.0113504054979923,0.20175054662065475
GoalsAgainstPerGameDiff + ShotDiffLast5 + AwayGoalsLast5,3,0.5203947368421054,1.011354279838619,0.2013320303505354
HomePPG + AwayGDPerGame,2,0.525,1.0113582014358644,0.20167065957231578
GoalAgainstDiffLast5 + AwayElo + HomeGoalsPerGame,3,0.5111842105263158,1.0113849273900912,0.20181691452379166
ShotDiffLast5 + HomeGDPerGame,2,0.5111842105263158,1.0113916470648252,0.20137665220212914
ShotOTDiffLast5 + HomeGDPerGame + AwayGoalsAgainstLast5,3,0.5177631578947368,1.0113968142499195,0.2015942394815244
GoalsPerGameDiff + HomeShotsAgainstLast5 + AwayShotsOnTargetLast5,3,0.5111842105263158,1.0114058947158484,0.20198114040098336
GoalsPerGameDiff + HomeGDPerGame + HomeShotsAgainstLast5,3,0.5164473684210527,1.0114059667351776,0.20186223648220505
HomeGDPerGame + HomeShotsAgainstLast5 + AwayShotsAgainstLast5,3,0.5144736842105263,1.011408309171995,0.20130991245363536
AwayPointsLast5 + AwayShotsAgainstLast5 + XGDDiffLast5,3,0.5098684210526316,1.0114085793340784,0.2018227600969888
GoalAgainstDiffLast5 + HomeShotsAgainstLast5 + XGDDiffLast5,3,0.5138157894736842,1.0114166350588394,0.20181456288655483
AwayGoalsAgainstLast5 + HomeShotsOnTargetAgainstLast5 + XGDDiffLast5,3,0.5131578947368421,1.0114200290572557,0.20182324951571246
GoalAgainstDiffLast5 + AwayPointsLast5 + XGDDiffLast5,3,0.5111842105263158,1.0114208449867879,0.2018177515858647
ShotOTDiffLast5 + AwayGoalsAgainstPerGame + HomeShotsAgainstLast5,3,0.5164473684210527,1.01143087926941,0.2016399291829798
AwayPPG + HomeGoalsPerGame + HomePointsLast5,3,0.5118421052631579,1.011436501721756,0.20200370319765962
HomePPG + AwayGDPerGame + AwayPointsLast5,3,0.5171052631578947,1.0114383697807692,0.20176116423446658
AwayElo + XGAgainstDiffPg,2,0.5135135135135135,1.0114417493375394,0.201653591118908
ShotOTDiffLast5 + GoalsAgainstPerGameDiff + AwayPointsLast5,3,0.5157894736842105,1.0114471848686395,0.20150492654401894
GoalDiffLast5 + HomePPG + XGForDiffLast5,3,0.5144736842105264,1.011455063881297,0.20183838212586772
AwayPointsLast5 + AwayShotsOnTargetAgainstLast5 + XGDDiffLast5,3,0.5125,1.0114566049937366,0.20178150443444884
GoalDiffLast5 + AwayElo + HomeShotsOnTargetAgainstLast5,3,0.5085526315789475,1.0114567404202375,0.20188685860147015
GoalAgainstDiffLast5 + HomeShotsAgainstLast5 + XGForDiffLast5,3,0.5072368421052631,1.0114589575149049,0.20181477770052708
AwayGoalsLast5 + AwayShotsOnTargetAgainstLast5 + XGDDiffLast5,3,0.513157894736842,1.01146016124026,0.20176082808515122
GoalsPerGameDiff + HomePPG + HomeShotsOnTargetAgainstLast5,3,0.5098684210526315,1.0114603894612322,0.20182734728484175
AwayGoalsLast5 + AwayShotsAgainstLast5 + XGDDiffLast5,3,0.5118421052631579,1.0114610292050847,0.20181277481105567
ShotOTDiffLast5 + GoalsAgainstPerGameDiff,2,0.5164473684210527,1.0114642116728458,0.20150466224185729
GoalsPerGameDiff + AwayElo + HomeGoalsLast5,3,0.5217105263157895,1.0114647907541299,0.2021686949926248
GoalDiffLast5 + AwayShotsAgainstLast5 + XGAgainstDiffPg,3,0.5168918918918919,1.011478533631052,0.2017625951964146
HomeGoalsAgainstLast5 + HomeShotsAgainstLast5 + XGDDiffLast5,3,0.5157894736842105,1.0114825271991175,0.20182240476928703
ShotOTDiffLast5 + GoalsAgainstPerGameDiff + HomeShotsOnTargetLast5,3,0.5157894736842105,1.0114876734862757,0.20153532667266194
GoalsAgainstPerGameDiff + AwayGoalsAgainstLast5 + XGForDiffLast5,3,0.5144736842105264,1.0114878953591466,0.2015158070942208
GoalAgainstDiffLast5 + HomeElo + HomeShotsOnTargetLast5,3,0.5052631578947369,1.011497342593204,0.20163304163343368
GoalsAgainstPerGameDiff + HomePPG + AwayGDPerGame,3,0.5217105263157894,1.0115026002098877,0.20149254278411502
ShotOTDiffLast5 + GoalsAgainstPerGameDiff + AwayShotsOnTargetLast5,3,0.5157894736842105,1.011503035220884,0.20153876221542802
ShotOTDiffLast5 + GoalsAgainstPerGameDiff + AwayGDPerGame,3,0.5197368421052632,1.0115091042211977,0.20162044532914095
GoalAgainstDiffLast5 + GoalsPerGameDiff + HomeGDPerGame,3,0.5105263157894737,1.0115092931540375,0.20183276952786056
GoalsAgainstPerGameDiff + HomeShotsOnTargetLast5 + AwayShotsOnTargetLast5,3,0.5157894736842105,1.0115100581113032,0.20154007664565898
GoalAgainstDiffLast5 + HomeShotsOnTargetAgainstLast5 + XGDDiffLast5,3,0.5151315789473684,1.0115131881517079,0.2018713267407725
GoalsAgainstPerGameDiff + ShotDiffLast5 + AwayGDPerGame,3,0.5177631578947368,1.0115178647101628,0.2014861718397705
HomePointsLast5 + HomeShotsOnTargetAgainstLast5 + XGForDiffLast5,3,0.5177631578947368,1.011518925069177,0.201976259625261
GoalAgainstDiffLast5 + AwayElo + XGForDiffLast5,3,0.5098684210526315,1.0115197808416774,0.20194040525433327
GoalsPerGameDiff + AwayPPG + HomeShotsAgainstLast5,3,0.5210526315789474,1.011521540960276,0.20199504245026143
AwayGoalsAgainstLast5 + XGDDiffLast5,2,0.5144736842105263,1.0115275831093657,0.20188341467997703
GoalsPerGameDiff + AwayShotsAgainstLast5 + HomeShotsOnTargetLast5,3,0.5144736842105263,1.0115542012444814,0.2020727629880875
HomePPG + HomeGoalsAgainstLast5 + XGForDiffLast5,3,0.5223684210526316,1.011557114785308,0.20172153468025422
HomeGoalsAgainstLast5 + AwayShotsAgainstLast5 + XGDDiffLast5,3,0.5144736842105263,1.0115591814308136,0.20180736826133366
ShotDiffLast5 + AwayGDPerGame + HomeShotsOnTargetAgainstLast5,3,0.5138157894736841,1.0115687901016006,0.20173676532788296
AwayGoalsAgainstPerGame + AwayShotsOnTargetAgainstLast5 + XGDDiffLast5,3,0.513157894736842,1.0115706603086474,0.2017784651072006
AwayGoalsAgainstPerGame + HomeShotsAgainstLast5 + XGAgainstDiffPg,3,0.5033783783783784,1.0115776805037124,0.2013256194038961
ShotDiffLast5 + AwayGDPerGame + HomeGoalsLast5,3,0.5190789473684211,1.01157821555192,0.2018655471744913
GoalsPerGameDiff + AwayGDPerGame + HomeShotsAgainstLast5,3,0.5197368421052632,1.0115849561557022,0.20193272228590117
AwayGDPerGame + HomeGoalsAgainstLast5 + XGForDiffLast5,3,0.5059210526315789,1.0115981928422677,0.20188327254151608
GoalAgainstDiffLast5 + XGDDiffLast5,2,0.5138157894736842,1.0116011725576743,0.2018840378134122
HomeGoalsLast5 + AwayGoalsAgainstLast5 + XGAgainstDiffPg,3,0.5101351351351351,1.0116107939868864,0.2016449145673907
HomeElo + HomePointsLast5 + AwayGoalsAgainstLast5,3,0.513157894736842,1.011616311014569,0.201591913750324
GoalAgainstDiffLast5 + HomeGoalsPerGame + XGForDiffLast5,3,0.5197368421052632,1.011626535194614,0.2017731962527432
HomeGoalsAgainstLast5 + AwayShotsOnTargetAgainstLast5 + XGDDiffLast5,3,0.5151315789473684,1.0116266631564201,0.20176739274943387
GoalsPerGameDiff + AwayPointsLast5 + HomeShotsAgainstLast5,3,0.5210526315789473,1.0116320202628986,0.20204582791689432
AwayElo + AwayShotsOnTargetLast5 + XGAgainstDiffPg,3,0.5135135135135136,1.0116326123082306,0.2017099043940949
AwayElo + HomeShotsAgainstLast5 + XGAgainstDiffLast5,3,0.5019736842105262,1.0116371016790087,0.20190404907869075
ShotOTDiffLast5 + HomePointsLast5 + AwayShotsAgainstLast5,3,0.5157894736842106,1.0116406045718693,0.20181029234014536
AwayPPG + HomeShotsOnTargetAgainstLast5 + XGAgainstDiffPg,3,0.5141891891891892,1.0116422201797177,0.2015022011515255
AwayShotsAgainstLast5 + XGDDiffLast5,2,0.5138157894736842,1.0116456978176864,0.20191202604366398
HomeShotsAgainstLast5 + XGAgainstDiffPg,2,0.5175675675675675,1.0116569568077454,0.20136854864369738
ShotOTDiffLast5 + AwayGDPerGame + XGAgainstDiffLast5,3,0.506578947368421,1.0116572398471453,0.20195838021801762
GoalAgainstDiffLast5 + XGForDiffLast5 + XGDDiffLast5,3,0.5151315789473684,1.0116578794473454,0.2018630295612845
GoalAgainstDiffLast5 + XGForDiffLast5 + XGAgainstDiffLast5,3,0.5151315789473684,1.0116601004386845,0.20186174747212818
ShotOTDiffLast5 + GoalsPerGameDiff + AwayGoalsLast5,3,0.5125,1.0116638048210642,0.20198724106944088
ShotOTDiffLast5 + GoalsAgainstPerGameDiff + AwayPPG,3,0.5177631578947368,1.011664810057339,0.2016639802878827
GoalsAgainstPerGameDiff + ShotDiffLast5 + AwayShotsAgainstLast5,3,0.5184210526315789,1.0116709558435257,0.20143602129578084
ShotOTDiffLast5 + HomeGDPerGame + AwayGoalsLast5,3,0.5026315789473684,1.011671714172946,0.20167922080119574
AwayGDPerGame + HomePointsLast5 + HomeShotsOnTargetAgainstLast5,3,0.5144736842105263,1.0116775303647094,0.20180801184572467
GoalAgainstDiffLast5 + XGAgainstDiffLast5 + XGDDiffLast5,3,0.5144736842105263,1.0116793058922293,0.2018659440147408
ShotOTDiffLast5 + GoalsPerGameDiff + AwayGoalsAgainstPerGame,3,0.5223684210526316,1.0116858119302614,0.20202282777299016
ShotOTDiffLast5 + HomePPG + AwayPointsLast5,3,0.5177631578947368,1.0116911743290666,0.20177867176678227
AwayGDPerGame + HomeGoalsPerGame + HomeShotsOnTargetAgainstLast5,3,0.5138157894736842,1.011696407964469,0.20171654199756553
AwayElo + AwayGoalsLast5 + XGAgainstDiffPg,3,0.5128378378378379,1.0117022528967077,0.2016892770597447
ShotOTDiffLast5 + GoalAgainstDiffLast5 + GoalsAgainstPerGameDiff,3,0.5157894736842106,1.011714925078721,0.2016122107149777
GoalDiffLast5 + HomeGDPerGame + AwayShotsAgainstLast5,3,0.5230263157894737,1.0117208602326762,0.20164105148361594
AwayElo + HomeGoalsAgainstLast5 + HomeShotsAgainstLast5,3,0.5085526315789474,1.011724123624755,0.20183697778174872
GoalsPerGameDiff + HomeGDPerGame + AwayGoalsAgainstPerGame,3,0.5157894736842105,1.011733788780806,0.20176869431989264
AwayShotsOnTargetAgainstLast5 + XGForDiffLast5 + XGDDiffLast5,3,0.5164473684210527,1.011749787764648,0.201894033609132
AwayShotsOnTargetAgainstLast5 + XGDDiffLast5,2,0.5177631578947368,1.01176057488362,0.20188262935244017
ShotDiffLast5 + HomePPG + AwayShotsOnTargetLast5,3,0.5243421052631578,1.0117639268758987,0.20163682018428225
AwayShotsOnTargetAgainstLast5 + XGForDiffLast5 + XGAgainstDiffLast5,3,0.5164473684210527,1.0117642716378654,0.2018964374186643
AwayShotsOnTargetAgainstLast5 + XGAgainstDiffLast5 + XGDDiffLast5,3,0.5164473684210527,1.0117779513126746,0.20189908453828995
AwayPointsLast5 + AwayGoalsAgainstLast5 + XGDDiffLast5,3,0.5105263157894737,1.0117823249159952,0.2019065748896667
HomeShotsAgainstLast5 + AwayShotsAgainstLast5 + XGAgainstDiffPg,3,0.508108108108108,1.0117882773041857,0.20151348589032503
ShotDiffLast5 + HomeShotsAgainstLast5 + AwayShotsAgainstLast5,3,0.5098684210526315,1.0117887831355838,0.20165329331446724
HomeGDPerGame + AwayGoalsLast5 + XGAgainstDiffLast5,3,0.5144736842105263,1.0117922947686422,0.20151780125882457
ShotDiffLast5 + AwayGoalsLast5 + XGAgainstDiffLast5,3,0.5046052631578948,1.0118005376363257,0.20181503668840992
GoalsAgainstPerGameDiff + ShotDiffLast5 + AwayPPG,3,0.5177631578947368,1.0118061491375214,0.20153615421474996
ShotOTDiffLast5 + HomePointsLast5 + AwayShotsOnTargetAgainstLast5,3,0.5138157894736842,1.011819093546491,0.2018409010276249
HomePPG + AwayGDPerGame + AwayGoalsLast5,3,0.525,1.0118232966837,0.20177873603968022
AwayGDPerGame + HomeShotsOnTargetAgainstLast5 + XGAgainstDiffPg,3,0.5182432432432432,1.0118243692046136,0.2014566111215852
AwayGoalsAgainstLast5 + XGForDiffLast5 + XGDDiffLast5,3,0.513157894736842,1.0118382084378603,0.20195550732370657
AwayGoalsAgainstLast5 + XGForDiffLast5 + XGAgainstDiffLast5,3,0.513157894736842,1.0118497683670404,0.20195756065158083
GoalsPerGameDiff + HomeGDPerGame + AwayShotsOnTargetLast5,3,0.5197368421052632,1.0118511105446364,0.20184302941149782
GoalsPerGameDiff + XGForDiffLast5,2,0.506578947368421,1.0118668329392146,0.20221175428934232
GoalsAgainstPerGameDiff + ShotDiffLast5 + AwayPointsLast5,3,0.5190789473684211,1.0118718786486582,0.20144363768690823
AwayShotsAgainstLast5 + XGForDiffLast5 + XGDDiffLast5,3,0.5151315789473684,1.0118726604433572,0.20197907830107723
AwayPPG + HomeGDPerGame + HomeGoalsPerGame,3,0.5203947368421052,1.0118834634942866,0.2019196871349489
AwayGoalsAgainstLast5 + XGAgainstDiffLast5 + XGDDiffLast5,3,0.5138157894736841,1.011884218435514,0.2019639605448692
AwayGDPerGame + HomeShotsOnTargetLast5 + HomeShotsOnTargetAgainstLast5,3,0.5131578947368421,1.0118854362257794,0.2016661648319782
AwayShotsAgainstLast5 + XGForDiffLast5 + XGAgainstDiffLast5,3,0.5151315789473684,1.0119008984792537,0.20198503005757085
AwayShotsAgainstLast5 + XGAgainstDiffLast5 + XGDDiffLast5,3,0.5144736842105263,1.0119059561149355,0.2019859202443026
GoalAgainstDiffLast5 + AwayShotsOnTargetLast5 + XGDDiffLast5,3,0.5131578947368421,1.011910542795177,0.20198451807780143
GoalsPerGameDiff + AwayPPG + HomePointsLast5,3,0.5171052631578947,1.0119141669246274,0.20216798514308829
ShotDiffLast5 + GoalDiffLast5 + AwayElo,3,0.5085526315789474,1.0119361074859587,0.20203921248352724
AwayGoalsAgainstLast5 + AwayShotsOnTargetAgainstLast5 + XGDDiffLast5,3,0.5151315789473684,1.0119589565622533,0.20194530954710915
AwayPPG + HomeGDPerGame + AwayPointsLast5,3,0.513157894736842,1.0119598784667634,0.20180693064488814
GoalAgainstDiffLast5 + ShotDiffLast5 + GoalDiffLast5,3,0.5131578947368421,1.0119619393797508,0.20187220268213132
AwayGoalsAgainstPerGame + HomeShotsOnTargetAgainstLast5 + XGForDiffLast5,3,0.5164473684210527,1.0119704276163324,0.20182547592727149
GoalsAgainstPerGameDiff + ShotDiffLast5 + HomeGoalsAgainstLast5,3,0.5118421052631579,1.0119732131889263,0.20143075538083918
ShotDiffLast5 + AwayGoalsAgainstPerGame + XGAgainstDiffLast5,3,0.5065789473684211,1.0119757595685668,0.20185065010287853
GoalsPerGameDiff + AwayPointsLast5 + XGForDiffLast5,3,0.5078947368421052,1.0120013152914928,0.20222061324865578
ShotOTDiffLast5 + GoalDiffLast5 + XGAgainstDiffLast5,3,0.5098684210526316,1.0120014155189805,0.2019885284851142
ShotDiffLast5 + HomeGoalsPerGame + AwayShotsOnTargetAgainstLast5,3,0.5092105263157894,1.0120437670709792,0.2016397042510519
AwayGoalsAgainstLast5 + AwayShotsOnTargetLast5 + XGDDiffLast5,3,0.5157894736842105,1.01205043593687,0.20202668264687865
GoalAgainstDiffLast5 + GoalsPerGameDiff + HomeShotsOnTargetAgainstLast5,3,0.5118421052631579,1.0120528792214438,0.20201433697935042
GoalsAgainstPerGameDiff + ShotDiffLast5,2,0.5151315789473685,1.0120572593044144,0.20143261758822611
GoalsAgainstPerGameDiff + AwayElo + XGAgainstDiffPg,3,0.5168918918918919,1.0120740231133887,0.20158902569316361
GoalAgainstDiffLast5 + ShotDiffLast5 + AwayElo,3,0.49671052631578944,1.0120754436360766,0.20196710852659597
ShotDiffLast5 + HomeShotsAgainstLast5 + XGAgainstDiffLast5,3,0.5131578947368421,1.012076611113965,0.20181912165323773
GoalsPerGameDiff + GoalDiffLast5 + XGForDiffLast5,3,0.5085526315789474,1.012098409958862,0.20214611920843129
GoalsAgainstPerGameDiff + HomeShotsOnTargetLast5 + XGAgainstDiffLast5,3,0.5190789473684211,1.0121001258371132,0.20159878370437226
ShotOTDiffLast5 + AwayGDPerGame + HomeGoalsPerGame,3,0.5177631578947368,1.0121001600776565,0.2021250192319126
HomePPG + HomePointsLast5 + XGForDiffLast5,3,0.5164473684210527,1.0121018413498337,0.2019169591896749
ShotOTDiffLast5 + HomePPG + HomeShotsOnTargetAgainstLast5,3,0.5046052631578948,1.012105215344604,0.20184409876728288
ShotOTDiffLast5 + HomePPG + AwayGoalsAgainstPerGame,3,0.5203947368421052,1.0121116179516134,0.20191079214964258
ShotOTDiffLast5 + AwayPPG + XGAgainstDiffLast5,3,0.5105263157894736,1.0121258163600215,0.20206733249062994
GoalAgainstDiffLast5 + GoalsAgainstPerGameDiff + ShotDiffLast5,3,0.513157894736842,1.0121265919799645,0.2015217343301985
ShotDiffLast5 + AwayPointsLast5 + XGAgainstDiffLast5,3,0.5032894736842105,1.0121358919742844,0.20188550826653148
AwayElo + AwayPPG + XGAgainstDiffPg,3,0.5148648648648648,1.012143809963898,0.20178693697482247
GoalsPerGameDiff + AwayPPG + XGForDiffLast5,3,0.5059210526315789,1.012150180263949,0.2023193950413004
ShotDiffLast5 + HomeShotsOnTargetAgainstLast5 + XGAgainstDiffLast5,3,0.5039473684210527,1.0121522578380515,0.20186794807440034
ShotDiffLast5 + HomePointsLast5 + XGForDiffLast5,3,0.5217105263157895,1.012164607862147,0.20190443629367033
HomePPG + HomeShotsAgainstLast5 + AwayShotsAgainstLast5,3,0.5039473684210526,1.0121683052473824,0.20165445188653203
ShotDiffLast5 + HomePointsLast5 + AwayGoalsAgainstLast5,3,0.5177631578947368,1.012178076450033,0.20178240763128397
ShotOTDiffLast5 + HomeGoalsLast5 + XGAgainstDiffLast5,3,0.5105263157894737,1.0121833352320917,0.20199930438817598
ShotDiffLast5 + AwayGDPerGame + HomeGoalsAgainstLast5,3,0.5085526315789474,1.0121963487269177,0.2018956843924355
ShotOTDiffLast5 + GoalsAgainstPerGameDiff + AwayGoalsAgainstPerGame,3,0.5171052631578947,1.0121994301538835,0.20166368416102162
HomeGDPerGame + AwayGoalsAgainstPerGame + XGAgainstDiffLast5,3,0.525,1.0122046660475066,0.20147323127388353
AwayShotsAgainstLast5 + AwayShotsOnTargetLast5 + XGDDiffLast5,3,0.5105263157894737,1.0122182249191336,0.20205756714632925
AwayPPG + HomeGDPerGame,2,0.5118421052631579,1.0122241767546658,0.20177989996928714
GoalsPerGameDiff + HomePPG + AwayShotsOnTargetLast5,3,0.5164473684210525,1.0122270644187976,0.20212221256266233
ShotDiffLast5 + XGAgainstDiffLast5,2,0.5006578947368422,1.0122283267430783,0.20190047122924534
GoalAgainstDiffLast5 + HomeElo + HomeGoalsAgainstLast5,3,0.5105263157894737,1.0122321481198169,0.20173512853367614
ShotDiffLast5 + GoalDiffLast5 + HomePointsLast5,3,0.5138157894736842,1.0122513459277398,0.20192397764029274
AwayShotsOnTargetLast5 + AwayShotsOnTargetAgainstLast5 + XGDDiffLast5,3,0.5157894736842106,1.012256274120398,0.20201553972612335
GoalsPerGameDiff + HomeGoalsPerGame + XGForDiffLast5,3,0.5078947368421053,1.0122563715730646,0.20224479307202514
GoalsPerGameDiff + HomePointsLast5 + HomeShotsOnTargetLast5,3,0.5125000000000001,1.0122675823635954,0.2021910434736264
ShotOTDiffLast5 + GoalDiffLast5 + HomeGDPerGame,3,0.5039473684210526,1.0122882173760686,0.20189600153526993
GoalsPerGameDiff + AwayShotsOnTargetLast5 + XGForDiffLast5,3,0.506578947368421,1.0122931102697506,0.2023170481620901
GoalAgainstDiffLast5 + ShotDiffLast5 + HomePointsLast5,3,0.5151315789473684,1.012302909616352,0.2018359164737587
GoalsPerGameDiff + HomeGoalsAgainstLast5 + HomeShotsOnTargetLast5,3,0.5072368421052632,1.0123190203710928,0.20210874507777987
AwayGoalsAgainstLast5 + AwayShotsAgainstLast5 + XGDDiffLast5,3,0.5184210526315789,1.0123339869897363,0.20205898476758688
GoalAgainstDiffLast5 + HomeElo + HomeShotsAgainstLast5,3,0.5085526315789474,1.0123386239147787,0.20178705990781234
GoalAgainstDiffLast5 + HomePointsLast5 + XGForDiffLast5,3,0.5157894736842106,1.0123610696576564,0.2020725851033299
ShotOTDiffLast5 + HomeShotsAgainstLast5 + XGForDiffLast5,3,0.5085526315789474,1.0123803456776836,0.20200458917335154
ShotOTDiffLast5 + HomeGDPerGame + HomeShotsOnTargetAgainstLast5,3,0.5059210526315789,1.0123940835419096,0.2018226651587803
AwayGoalsAgainstLast5 + HomeShotsAgainstLast5 + XGForDiffLast5,3,0.5085526315789474,1.0123947584397142,0.20202315098781826
GoalAgainstDiffLast5 + HomeElo + HomeGoalsPerGame,3,0.5059210526315789,1.0124111385027852,0.20188203728728227
GoalAgainstDiffLast5 + AwayPPG + HomeGDPerGame,3,0.5164473684210527,1.0124159956206258,0.20185432969971587
GoalAgainstDiffLast5 + HomeElo + AwayGoalsAgainstLast5,3,0.5118421052631579,1.0124171787162766,0.20176932070592096
HomeGoalsAgainstLast5 + AwayGoalsAgainstLast5 + XGDDiffLast5,3,0.5138157894736842,1.0124182107714321,0.20203330106672537
GoalAgainstDiffLast5 + AwayGoalsAgainstLast5 + XGDDiffLast5,3,0.5138157894736842,1.0124307213368215,0.20203563180267523
HomeElo + HomeGoalsAgainstLast5 + AwayGoalsAgainstLast5,3,0.5105263157894737,1.0124318543622088,0.20176902065448463
HomeGDPerGame + AwayGoalsLast5 + AwayShotsAgainstLast5,3,0.5243421052631579,1.012438300921306,0.20158430323085924
GoalAgainstDiffLast5 + HomeGoalsAgainstLast5 + XGDDiffLast5,3,0.5144736842105264,1.012438654023169,0.20203753359886378
GoalDiffLast5 + HomeGDPerGame + AwayShotsOnTargetAgainstLast5,3,0.5203947368421052,1.0124397715302007,0.20179430289410863
AwayElo + HomeShotsAgainstLast5 + AwayShotsOnTargetLast5,3,0.5052631578947369,1.0124443090104465,0.20197658473866334
ShotOTDiffLast5 + HomeShotsAgainstLast5 + XGAgainstDiffLast5,3,0.506578947368421,1.012461649012343,0.2019515251158642
HomePPG + AwayGDPerGame + AwayGoalsAgainstLast5,3,0.5197368421052632,1.0124618074970784,0.20192154058398945
HomeGDPerGame + HomeShotsOnTargetLast5 + XGForDiffLast5,3,0.5105263157894737,1.012463470177631,0.20192862270581846
HomePPG + HomeShotsAgainstLast5 + AwayShotsOnTargetAgainstLast5,3,0.5059210526315789,1.0124729807169388,0.20171613630980167
AwayGoalsAgainstLast5 + HomeShotsAgainstLast5 + XGAgainstDiffPg,3,0.5141891891891892,1.0124745669460904,0.20165746903574716
AwayPointsLast5 + HomeShotsAgainstLast5 + XGForDiffLast5,3,0.518421052631579,1.0124821715694106,0.20211061757130455
GoalsPerGameDiff + AwayGoalsAgainstLast5 + XGForDiffLast5,3,0.5138157894736842,1.0124953191348114,0.2022887707553874
ShotDiffLast5 + HomePPG + HomePointsLast5,3,0.5151315789473684,1.0125048493424842,0.20168945233603225
GoalsPerGameDiff + AwayGDPerGame + XGForDiffLast5,3,0.5019736842105262,1.0125143835201196,0.20233999109310974
AwayElo + AwayGDPerGame + XGAgainstDiffPg,3,0.5168918918918919,1.0125153698617138,0.20189195923568606
GoalDiffLast5 + AwayElo + HomeShotsOnTargetLast5,3,0.5092105263157896,1.012517450810393,0.20217084846461264
HomeShotsAgainstLast5 + XGAgainstDiffPg + XGAgainstDiffLast5,3,0.5087837837837837,1.0125322943702868,0.20165994869670728
ShotDiffLast5 + HomeGDPerGame + HomeGoalsLast5,3,0.5098684210526316,1.0125324260044701,0.20169394129345752
GoalsAgainstPerGameDiff + HomeGoalsPerGame + XGAgainstDiffLast5,3,0.5217105263157895,1.0125329662415756,0.2015075201838158
ShotDiffLast5 + HomePointsLast5 + AwayShotsOnTargetLast5,3,0.5105263157894737,1.012541689205006,0.20196625970433013
AwayElo + AwayGoalsAgainstLast5 + XGAgainstDiffPg,3,0.5148648648648648,1.0125459823897898,0.20191238876838474
HomeGDPerGame + HomeGoalsAgainstLast5 + XGForDiffLast5,3,0.5125000000000001,1.0125548846168932,0.20190465753878964
ShotOTDiffLast5 + GoalsAgainstPerGameDiff + AwayGoalsAgainstLast5,3,0.5151315789473684,1.0125673872925844,0.201766340192704
HomeGoalsPerGame + AwayShotsOnTargetAgainstLast5 + XGForDiffLast5,3,0.5118421052631579,1.0125697451594327,0.20213203515599767
HomeGDPerGame + HomeShotsAgainstLast5 + AwayShotsOnTargetAgainstLast5,3,0.5144736842105264,1.0125814896214231,0.2015218963406362
ShotDiffLast5 + AwayGoalsAgainstPerGame + HomeShotsAgainstLast5,3,0.5026315789473685,1.0125820173166127,0.20194189694924505
HomeGoalsAgainstLast5 + AwayShotsAgainstLast5 + XGForDiffLast5,3,0.5171052631578947,1.0125971361495687,0.20198985446688605
ShotDiffLast5 + HomeGDPerGame + HomeShotsOnTargetLast5,3,0.5098684210526315,1.0126012342248254,0.20151973514577404
ShotDiffLast5 + HomePointsLast5 + HomeShotsOnTargetAgainstLast5,3,0.5078947368421053,1.0126026951671419,0.20201755685635076
GoalsPerGameDiff + HomeGoalsLast5 + XGForDiffLast5,3,0.5072368421052632,1.012606710627335,0.20238182071339098
ShotDiffLast5 + HomeShotsOnTargetAgainstLast5 + AwayShotsOnTargetAgainstLast5,3,0.5078947368421053,1.0126139529004192,0.20177586965635264
AwayPPG + HomeGoalsAgainstLast5 + XGForDiffLast5,3,0.513157894736842,1.0126226766542819,0.2021985817588149
AwayPPG + HomeGoalsPerGame + HomeGoalsAgainstLast5,3,0.5151315789473684,1.0126291725034668,0.2021878143109087
HomePPG + HomeShotsOnTargetLast5 + XGForDiffLast5,3,0.5118421052631579,1.012632888529236,0.20200928853191977
AwayElo + HomeShotsAgainstLast5,2,0.5092105263157894,1.012633195423054,0.20202341488871234
AwayElo + AwayGoalsAgainstPerGame + XGAgainstDiffPg,3,0.5148648648648649,1.0126346633160594,0.2018866886846266
GoalsAgainstPerGameDiff + ShotDiffLast5 + AwayShotsOnTargetLast5,3,0.5164473684210527,1.0126435633046784,0.20163476222299856
GoalDiffLast5 + HomeShotsAgainstLast5 + XGForDiffLast5,3,0.5098684210526316,1.0126465421212258,0.20223808127200552
ShotOTDiffLast5 + HomePPG + AwayGoalsAgainstLast5,3,0.5144736842105263,1.0126483076324435,0.20203662093594824
HomeGoalsPerGame + HomeShotsOnTargetAgainstLast5 + XGForDiffLast5,3,0.5151315789473684,1.0126559530672918,0.20201932245540336
ShotDiffLast5 + AwayPPG + HomeShotsOnTargetAgainstLast5,3,0.5052631578947369,1.012659318116332,0.20204124543682989
ShotDiffLast5 + HomeGoalsPerGame + HomeShotsAgainstLast5,3,0.5098684210526316,1.012662349068194,0.2018315365248396
AwayElo + HomeGoalsLast5 + HomeShotsOnTargetLast5,3,0.5039473684210526,1.0126638471471316,0.20219549521383098
ShotOTDiffLast5 + AwayElo + HomeShotsOnTargetLast5,3,0.5098684210526315,1.012665664575405,0.2020958681205714
ShotOTDiffLast5 + GoalsPerGameDiff + GoalDiffLast5,3,0.5138157894736842,1.0126658980227314,0.20220782616742664
AwayElo + HomeShotsOnTargetLast5 + AwayShotsOnTargetLast5,3,0.5105263157894737,1.012666650844003,0.20209593358949665
ShotOTDiffLast5 + AwayElo + AwayShotsOnTargetLast5,3,0.5098684210526315,1.0126727855237387,0.2020974233035676
AwayShotsAgainstLast5 + AwayShotsOnTargetAgainstLast5 + XGDDiffLast5,3,0.5144736842105264,1.0126821084969468,0.2021958003331365
HomeGDPerGame + AwayGoalsAgainstPerGame + AwayShotsOnTargetLast5,3,0.5151315789473684,1.012687276810485,0.20168852833723355
GoalAgainstDiffLast5 + HomeElo,2,0.5072368421052632,1.0126982792992798,0.20194046505687513
HomeGDPerGame + HomeGoalsLast5 + XGForDiffLast5,3,0.5072368421052631,1.0126984946236086,0.20198155124030057
ShotDiffLast5 + HomeGoalsAgainstLast5 + XGAgainstDiffLast5,3,0.5006578947368421,1.012699022848338,0.20194451436181446
GoalsAgainstPerGameDiff + GoalDiffLast5 + HomeShotsOnTargetLast5,3,0.5171052631578947,1.0127200593701478,0.20176818955327694
AwayPPG + HomeGDPerGame + HomeGoalsLast5,3,0.5177631578947368,1.0127246850153802,0.20201600409518294
GoalAgainstDiffLast5 + AwayElo + XGAgainstDiffPg,3,0.5101351351351351,1.012728761684758,0.20207490918711143
GoalsPerGameDiff + HomePointsLast5 + AwayGoalsAgainstLast5,3,0.5282894736842105,1.0127403040098746,0.2022959869595165
GoalsAgainstPerGameDiff + ShotDiffLast5 + AwayGoalsAgainstPerGame,3,0.5171052631578947,1.0127504349486312,0.201593887370831
GoalsPerGameDiff + AwayElo + HomeGoalsPerGame,3,0.5131578947368421,1.0127549655950552,0.20232387964193604
GoalsPerGameDiff + HomePointsLast5 + AwayPointsLast5,3,0.5184210526315789,1.0127592832374843,0.20238941170137242
GoalsPerGameDiff + GoalDiffLast5 + HomeShotsAgainstLast5,3,0.5203947368421052,1.0127620366535486,0.2022686982666579
ShotDiffLast5 + HomePPG,2,0.5151315789473684,1.012778543333152,0.2017734447998476
AwayPPG + HomeGoalsAgainstLast5 + XGAgainstDiffPg,3,0.5074324324324324,1.012801527946419,0.20190819949588293
GoalsAgainstPerGameDiff + AwayPPG + HomeGoalsPerGame,3,0.5197368421052632,1.012804022686266,0.20186251746780004
ShotOTDiffLast5 + AwayGDPerGame + HomeShotsOnTargetAgainstLast5,3,0.5111842105263158,1.012804241949937,0.20203161641874232
GoalAgainstDiffLast5 + HomeElo + HomePPG,3,0.506578947368421,1.012809850665849,0.2019751904822436
HomeGDPerGame + AwayGoalsLast5 + AwayShotsOnTargetAgainstLast5,3,0.5236842105263158,1.012826658767103,0.201626552670364
GoalsPerGameDiff + AwayGoalsAgainstPerGame + HomeGoalsAgainstLast5,3,0.5098684210526315,1.0128375305960082,0.20220537921320436
AwayElo + AwayShotsOnTargetAgainstLast5 + XGAgainstDiffPg,3,0.5128378378378379,1.0128391787098483,0.20196787708006564
ShotOTDiffLast5 + GoalsPerGameDiff,2,0.5151315789473684,1.0128423808023101,0.20233384815459143
ShotOTDiffLast5 + GoalAgainstDiffLast5 + AwayElo,3,0.5006578947368421,1.0128441961107038,0.20222180061844955
ShotOTDiffLast5 + GoalsPerGameDiff + AwayShotsOnTargetLast5,3,0.5171052631578947,1.0128532372047396,0.20232999463840493
ShotOTDiffLast5 + GoalsPerGameDiff + HomeShotsOnTargetLast5,3,0.5171052631578947,1.0128692634437662,0.20233327078680854
GoalsPerGameDiff + HomeShotsOnTargetLast5 + AwayShotsOnTargetLast5,3,0.5171052631578947,1.0128710853250433,0.20233387911521455
ShotDiffLast5 + AwayShotsOnTargetLast5 + XGAgainstDiffLast5,3,0.5026315789473684,1.0128907724976006,0.20206915171615375
ShotDiffLast5 + HomeGoalsPerGame + AwayShotsAgainstLast5,3,0.5125,1.0128935725038448,0.20191533403716558
AwayPPG + HomePointsLast5 + HomeShotsAgainstLast5,3,0.5098684210526315,1.012896051353981,0.20222292480081572
ShotDiffLast5 + HomeShotsAgainstLast5 + XGForDiffLast5,3,0.5144736842105263,1.0129193878981544,0.20212755811452704
ShotDiffLast5 + AwayPPG + HomeGoalsLast5,3,0.5078947368421053,1.0129303351593582,0.2022103945903523
ShotDiffLast5 + GoalDiffLast5 + HomeShotsOnTargetAgainstLast5,3,0.5144736842105264,1.0129333788891721,0.20220619903628814
AwayShotsOnTargetLast5 + HomeShotsOnTargetAgainstLast5 + XGAgainstDiffPg,3,0.5141891891891892,1.0129411732516647,0.20167304158818186
GoalsPerGameDiff + HomeGoalsLast5 + HomeShotsAgainstLast5,3,0.518421052631579,1.0129452164847998,0.20234035976039097
HomeShotsAgainstLast5 + HomeShotsOnTargetAgainstLast5 + XGAgainstDiffPg,3,0.5175675675675676,1.0129542422837718,0.20161697965659772
GoalsPerGameDiff + HomeGDPerGame + HomeShotsOnTargetAgainstLast5,3,0.5151315789473685,1.0129553685620432,0.2021185818787523
GoalsPerGameDiff + HomeShotsAgainstLast5,2,0.5125,1.012983689142838,0.20232567789363876
AwayElo + AwayGoalsLast5 + XGForDiffLast5,3,0.5111842105263158,1.0129923131210017,0.202126370393722
HomeGDPerGame + HomeGoalsPerGame + XGForDiffLast5,3,0.5118421052631579,1.0129932400562007,0.2020538065966553
ShotDiffLast5 + HomeGDPerGame + HomeGoalsPerGame,3,0.5111842105263158,1.0130002018339603,0.20173208886318977
ShotOTDiffLast5 + GoalsPerGameDiff + AwayPPG,3,0.513157894736842,1.0130040649434475,0.2024190149733609
ShotDiffLast5 + HomeGDPerGame + HomeGoalsAgainstLast5,3,0.5092105263157894,1.0130062820205883,0.20170342971950248
GoalsAgainstPerGameDiff + ShotDiffLast5 + AwayGoalsAgainstLast5,3,0.5138157894736842,1.013014603799372,0.20168234139470162
HomePPG + AwayGoalsLast5 + XGAgainstDiffLast5,3,0.5118421052631579,1.0130277687512026,0.20193870453630228
AwayElo + AwayGoalsLast5 + HomeShotsAgainstLast5,3,0.5072368421052631,1.0130319808384043,0.20209092475671195
ShotOTDiffLast5 + HomePointsLast5 + HomeShotsAgainstLast5,3,0.5032894736842105,1.0130492893407974,0.20216332660716932
HomeGoalsPerGame + AwayShotsAgainstLast5 + XGForDiffLast5,3,0.5105263157894736,1.0130562251710042,0.20225568984586503
ShotOTDiffLast5 + GoalsPerGameDiff + AwayPointsLast5,3,0.5144736842105263,1.0130618180273214,0.20237777032221024
GoalAgainstDiffLast5 + GoalsPerGameDiff + HomeGoalsLast5,3,0.5151315789473684,1.0130675978846548,0.20230988523408922
GoalDiffLast5 + AwayElo + XGAgainstDiffLast5,3,0.5013157894736842,1.0130700732592057,0.20242104496635216
GoalAgainstDiffLast5 + HomeShotsAgainstLast5 + XGAgainstDiffPg,3,0.5087837837837837,1.0130847218709804,0.20187275602379406
AwayGDPerGame + HomeGoalsAgainstLast5 + XGAgainstDiffPg,3,0.5067567567567568,1.0130850920309369,0.20191238485583238
ShotOTDiffLast5 + GoalsPerGameDiff + AwayGoalsAgainstLast5,3,0.5125,1.0130996380730672,0.20234128062261847
GoalsPerGameDiff + AwayGoalsAgainstLast5 + HomeShotsOnTargetAgainstLast5,3,0.5230263157894737,1.0131058574159053,0.20213401249872448
AwayPPG + HomeShotsOnTargetLast5 + XGAgainstDiffLast5,3,0.5105263157894737,1.0131079885795593,0.2021721415159698
GoalsAgainstPerGameDiff + HomeShotsOnTargetAgainstLast5 + XGAgainstDiffPg,3,0.5060810810810811,1.0131197239113812,0.20141306791281788
AwayElo + HomeGoalsPerGame + HomeGoalsLast5,3,0.5111842105263158,1.0131245311444423,0.20234751499618842
ShotOTDiffLast5 + AwayGoalsAgainstPerGame + HomePointsLast5,3,0.5164473684210527,1.0131272616216358,0.20208541403723013
ShotOTDiffLast5 + HomePPG + AwayGoalsLast5,3,0.5138157894736842,1.0131752600093724,0.20212950793999687
HomePPG + HomeGoalsLast5 + XGForDiffLast5,3,0.513157894736842,1.0131773661830623,0.20218432231942227
ShotOTDiffLast5 + HomePPG + HomeGDPerGame,3,0.506578947368421,1.0131829720996213,0.2020793330575647
GoalAgainstDiffLast5 + HomeElo + HomeShotsOnTargetAgainstLast5,3,0.5052631578947369,1.0131887299291837,0.20203225348676443
HomePointsLast5 + AwayShotsOnTargetLast5 + XGForDiffLast5,3,0.5138157894736842,1.0131903617553337,0.2023958154895861
ShotOTDiffLast5 + GoalsPerGameDiff + HomeGoalsLast5,3,0.5151315789473684,1.0131990099581138,0.20241254283569685
HomeGDPerGame + AwayPointsLast5 + XGAgainstDiffLast5,3,0.5164473684210527,1.013205740826547,0.20186878032898417
ShotOTDiffLast5 + AwayGoalsAgainstPerGame + XGAgainstDiffLast5,3,0.5085526315789475,1.0132067477115894,0.20221763709522725
ShotDiffLast5 + HomeGoalsPerGame + HomePointsLast5,3,0.5111842105263158,1.0132091327173423,0.20185200150041901
GoalAgainstDiffLast5 + HomeElo + HomeGDPerGame,3,0.5072368421052631,1.0132279278384162,0.20205071615299972
ShotOTDiffLast5 + HomeGDPerGame + HomePointsLast5,3,0.5052631578947369,1.0132296392539788,0.20209308172375143
AwayGoalsLast5 + HomeShotsOnTargetAgainstLast5 + XGAgainstDiffPg,3,0.5155405405405405,1.0132417992393812,0.2016644861677862
AwayGoalsLast5 + HomeShotsAgainstLast5 + XGForDiffLast5,3,0.5105263157894737,1.0132498622951664,0.20225502462299216
ShotDiffLast5 + HomePPG + HomeGoalsAgainstLast5,3,0.5144736842105263,1.0132563437549815,0.201870961948752
HomePPG + AwayGDPerGame + HomeGoalsPerGame,3,0.5217105263157895,1.013268550885464,0.20211624958856314
GoalAgainstDiffLast5 + HomeElo + HomeGoalsLast5,3,0.5039473684210526,1.0132776779847803,0.20207849573797082
HomePointsLast5 + AwayPointsLast5 + XGForDiffLast5,3,0.5171052631578947,1.0132787950589708,0.20236935737103584
AwayElo + AwayPointsLast5 + HomeShotsAgainstLast5,3,0.5085526315789474,1.0132798959234732,0.2021599409444852
GoalAgainstDiffLast5 + ShotDiffLast5 + HomeGoalsLast5,3,0.5177631578947368,1.0132867909231005,0.2020885522789755
AwayElo + HomeShotsAgainstLast5 + AwayShotsAgainstLast5,3,0.5,1.0132871525613967,0.2021568706810627
HomeGoalsAgainstLast5 + HomeShotsAgainstLast5 + XGAgainstDiffPg,3,0.5155405405405405,1.0132947276659374,0.2017460191477211
ShotOTDiffLast5 + HomeShotsOnTargetAgainstLast5 + XGAgainstDiffLast5,3,0.5059210526315789,1.0132970764712137,0.2021979257143356
GoalsPerGameDiff + HomeGoalsAgainstLast5 + HomeShotsAgainstLast5,3,0.5092105263157894,1.0133054557860994,0.20234168895090102
AwayPPG + HomeGDPerGame + AwayGoalsAgainstLast5,3,0.5223684210526316,1.0133072943632255,0.20206482727943761
GoalAgainstDiffLast5 + AwayShotsAgainstLast5 + XGDDiffLast5,3,0.5157894736842106,1.0133075197477663,0.20224416643462642
ShotOTDiffLast5 + GoalsPerGameDiff + HomeGoalsPerGame,3,0.5144736842105263,1.0133184443834207,0.20238212090506116
ShotOTDiffLast5 + HomeShotsOnTargetAgainstLast5 + AwayShotsOnTargetAgainstLast5,3,0.5151315789473684,1.0133337207674504,0.202000944846179
GoalsAgainstPerGameDiff + AwayGDPerGame + HomePointsLast5,3,0.5078947368421053,1.0133352242355904,0.20201651014495386
HomeShotsAgainstLast5 + XGForDiffLast5,2,0.5111842105263158,1.0133496952404135,0.20229821957196029
ShotOTDiffLast5 + AwayGoalsLast5 + XGAgainstDiffLast5,3,0.5026315789473684,1.0133654536254562,0.20225379196801846
AwayElo + AwayPPG + HomeGoalsPerGame,3,0.5131578947368421,1.0133751757338314,0.2024394270025261
GoalsPerGameDiff + HomeGDPerGame + AwayPointsLast5,3,0.5276315789473685,1.01337835653148,0.202268526696577
AwayGDPerGame + HomeGoalsAgainstLast5 + HomeShotsOnTargetLast5,3,0.5078947368421053,1.0134067949750616,0.2021473004007013
AwayElo + AwayPPG + HomeShotsAgainstLast5,3,0.5059210526315789,1.0134128270746152,0.2022074021606502
HomeGDPerGame + AwayPointsLast5 + AwayShotsAgainstLast5,3,0.5164473684210527,1.0134139828793942,0.20186256365319538
HomeShotsOnTargetAgainstLast5 + AwayShotsOnTargetAgainstLast5 + XGAgainstDiffPg,3,0.5101351351351351,1.0134160217846355,0.20169881330832767
GoalAgainstDiffLast5 + AwayShotsOnTargetAgainstLast5 + XGDDiffLast5,3,0.5177631578947368,1.0134228589378043,0.20221679641024656
GoalAgainstDiffLast5 + GoalsPerGameDiff + AwayShotsAgainstLast5,3,0.5151315789473684,1.0134244477745946,0.20239441748281722
ShotOTDiffLast5 + GoalAgainstDiffLast5 + HomeGoalsPerGame,3,0.5105263157894737,1.0134272493110743,0.20206920410530455
HomePPG + HomeGoalsPerGame + XGForDiffLast5,3,0.5118421052631579,1.013432382567029,0.20220060801008746
GoalsAgainstPerGameDiff + GoalDiffLast5 + HomeShotsOnTargetAgainstLast5,3,0.5171052631578947,1.0134441064598276,0.20189004305531988
HomeShotsAgainstLast5 + AwayShotsOnTargetLast5 + XGForDiffLast5,3,0.5151315789473684,1.013446549994053,0.2023320615862346
ShotDiffLast5 + HomeGoalsAgainstLast5 + AwayShotsOnTargetAgainstLast5,3,0.5046052631578948,1.0134754442199272,0.20192566592980757
ShotDiffLast5 + AwayPPG + HomeGoalsAgainstLast5,3,0.506578947368421,1.0134767295141947,0.20218146446392563
ShotOTDiffLast5 + HomeGDPerGame,2,0.5052631578947369,1.0134779380696273,0.20212996258352608
GoalsPerGameDiff + HomePPG + AwayPointsLast5,3,0.5217105263157895,1.0134780340403977,0.202432418409595
ShotOTDiffLast5 + GoalsPerGameDiff + AwayGDPerGame,3,0.5144736842105263,1.013483629353321,0.2024765228499316
ShotOTDiffLast5 + GoalDiffLast5 + HomePPG,3,0.5138157894736842,1.0135033321511895,0.2022243271070508
GoalsAgainstPerGameDiff + GoalDiffLast5 + HomePPG,3,0.5217105263157895,1.0135089576504575,0.20186557506396707
ShotDiffLast5 + HomePPG + HomeGoalsLast5,3,0.5125000000000001,1.0135152906628015,0.20199229937223528
ShotDiffLast5 + GoalDiffLast5 + HomeGoalsAgainstLast5,3,0.5157894736842106,1.0135168768374845,0.20227492426671118
GoalsAgainstPerGameDiff + GoalDiffLast5 + AwayElo,3,0.5039473684210526,1.013522177497125,0.20217224214916327
GoalAgainstDiffLast5 + ShotDiffLast5 + XGAgainstDiffLast5,3,0.5019736842105262,1.0135254759992094,0.20214019124690838
GoalsPerGameDiff + AwayGoalsAgainstPerGame + HomeShotsOnTargetLast5,3,0.5190789473684211,1.0135361786125092,0.2023908808914867
GoalsPerGameDiff + AwayShotsOnTargetLast5 + HomeShotsOnTargetAgainstLast5,3,0.5151315789473685,1.0135388980351043,0.2023751117270877
ShotOTDiffLast5 + ShotDiffLast5 + HomePointsLast5,3,0.5164473684210527,1.0135416502404326,0.20211228167898448
GoalsPerGameDiff + AwayGoalsLast5 + HomeShotsAgainstLast5,3,0.5151315789473684,1.0135501914875027,0.20243415863504252
HomePointsLast5 + AwayGoalsLast5 + XGForDiffLast5,3,0.5144736842105263,1.013552470926923,0.2024599032040608
HomeGDPerGame + AwayGoalsAgainstPerGame + AwayShotsAgainstLast5,3,0.5217105263157895,1.0135621102083954,0.2018105820394249
GoalAgainstDiffLast5 + GoalsPerGameDiff + AwayShotsOnTargetLast5,3,0.5151315789473684,1.0135687664837785,0.2024365903886514
GoalAgainstDiffLast5 + AwayElo + HomeShotsAgainstLast5,3,0.4993421052631579,1.0135733209829119,0.20237226856878632
ShotOTDiffLast5 + HomeShotsOnTargetLast5 + XGAgainstDiffLast5,3,0.506578947368421,1.0135750423829717,0.20231782785976987
ShotOTDiffLast5 + AwayShotsOnTargetLast5 + XGAgainstDiffLast5,3,0.506578947368421,1.0135765105459773,0.2023182852033466
HomeShotsOnTargetLast5 + AwayShotsOnTargetLast5 + XGAgainstDiffLast5,3,0.506578947368421,1.0135773022908472,0.20231820735731648
ShotDiffLast5 + AwayShotsOnTargetAgainstLast5 + XGAgainstDiffLast5,3,0.5026315789473684,1.013596772443131,0.20211688362547575
GoalsAgainstPerGameDiff + AwayPPG + HomeGDPerGame,3,0.5203947368421054,1.0135994540434925,0.20186718832877762
ShotDiffLast5 + AwayElo + XGForDiffLast5,3,0.5098684210526315,1.0136012448158032,0.20230521919265157
ShotOTDiffLast5 + AwayElo + XGForDiffLast5,3,0.5052631578947369,1.0136396769051328,0.20237397475130298
HomeGDPerGame + AwayShotsAgainstLast5 + XGAgainstDiffLast5,3,0.5164473684210527,1.0136415986254386,0.2018410373069754
GoalsPerGameDiff + HomeGDPerGame + HomePointsLast5,3,0.5184210526315789,1.0136419050988092,0.20245484691218216
GoalsAgainstPerGameDiff + HomePointsLast5 + AwayShotsOnTargetLast5,3,0.5184210526315789,1.0136584873630574,0.20207092017583375
ShotDiffLast5 + AwayGoalsAgainstLast5 + XGAgainstDiffLast5,3,0.5026315789473684,1.013680084826616,0.20222927836471968
GoalAgainstDiffLast5 + HomeShotsOnTargetAgainstLast5 + XGForDiffLast5,3,0.5085526315789475,1.0136810968756724,0.2023403340428014
ShotOTDiffLast5 + HomeGoalsPerGame + HomeShotsAgainstLast5,3,0.5052631578947369,1.0136917697344234,0.2021103378534503
ShotOTDiffLast5 + HomeGDPerGame + HomeShotsOnTargetLast5,3,0.5032894736842105,1.013695949470879,0.2020429035571945
HomeGDPerGame + HomeShotsOnTargetLast5 + AwayShotsOnTargetLast5,3,0.5032894736842105,1.0136968684407492,0.2020425486014967
ShotOTDiffLast5 + HomeGDPerGame + AwayShotsOnTargetLast5,3,0.5032894736842105,1.0136982751938617,0.2020431729107873
AwayElo + AwayPointsLast5 + XGForDiffLast5,3,0.5059210526315789,1.0137013970041497,0.2023680820028019
ShotOTDiffLast5 + AwayPointsLast5 + XGAgainstDiffLast5,3,0.5059210526315789,1.0137134359552493,0.2023212677731932
ShotDiffLast5 + AwayShotsAgainstLast5 + XGAgainstDiffLast5,3,0.49868421052631573,1.013744413417929,0.202253667743312
AwayPPG + HomeGDPerGame + HomeGoalsAgainstLast5,3,0.5177631578947368,1.0137523128819135,0.20203632973679106
GoalDiffLast5 + AwayElo + HomeGoalsAgainstLast5,3,0.5138157894736842,1.0137575535136452,0.20252150306763936
GoalDiffLast5 + AwayElo + HomeGoalsPerGame,3,0.5059210526315789,1.0137589210939018,0.20251640838920598
ShotOTDiffLast5 + XGAgainstDiffLast5,2,0.5046052631578948,1.013766488556467,0.2023603709434773
ShotOTDiffLast5 + AwayGDPerGame + HomeGoalsAgainstLast5,3,0.5125000000000001,1.0137799393498748,0.20234411354822357
HomeGoalsAgainstLast5 + AwayShotsOnTargetLast5 + XGAgainstDiffPg,3,0.5074324324324324,1.0137900424155963,0.2019429755669851
GoalsPerGameDiff + HomePointsLast5 + HomeGoalsAgainstLast5,3,0.506578947368421,1.0137901151179314,0.2025627291778294
GoalsPerGameDiff + HomePPG + HomeShotsOnTargetLast5,3,0.5138157894736842,1.0138112356920403,0.20239674610694072
GoalAgainstDiffLast5 + AwayElo + HomeGoalsLast5,3,0.5144736842105262,1.0138137820737676,0.20260554740444647
AwayPointsLast5 + HomeShotsOnTargetAgainstLast5 + XGAgainstDiffPg,3,0.5094594594594594,1.013818125500055,0.20185588869595905
HomeElo + HomeShotsAgainstLast5 + HomeShotsOnTargetLast5,3,0.5,1.0138283633719483,0.20199523911289574
AwayPPG + HomeShotsAgainstLast5 + HomeShotsOnTargetLast5,3,0.5131578947368421,1.0138407086501906,0.2022241613618752
GoalsPerGameDiff + AwayPointsLast5 + HomeShotsOnTargetAgainstLast5,3,0.5203947368421052,1.0138512080012478,0.20247876465210407
HomePointsLast5 + AwayGoalsAgainstLast5 + XGForDiffLast5,3,0.5197368421052632,1.0138528599735022,0.20247464458151898
ShotOTDiffLast5 + HomePointsLast5 + XGForDiffLast5,3,0.5138157894736842,1.0138634101026216,0.20242120035220992
GoalsPerGameDiff + AwayPPG + HomeShotsOnTargetAgainstLast5,3,0.5157894736842106,1.0138649442525218,0.20245704972198067
ShotDiffLast5 + HomePointsLast5 + HomeShotsOnTargetLast5,3,0.5125,1.0138843115558975,0.20214437181302225
AwayGoalsAgainstPerGame + HomeGoalsAgainstLast5 + XGForDiffLast5,3,0.5072368421052632,1.0138938146946768,0.20225659166805737
HomeShotsOnTargetAgainstLast5 + XGAgainstDiffPg,2,0.5135135135135135,1.0138978934974716,0.2017639521856221
ShotDiffLast5 + HomeGoalsPerGame + HomeShotsOnTargetAgainstLast5,3,0.5118421052631579,1.0138985569396815,0.20208090370528592
HomeShotsAgainstLast5 + HomeShotsOnTargetLast5 + XGForDiffLast5,3,0.5098684210526316,1.013901174818102,0.20238398615735312
GoalsAgainstPerGameDiff + GoalDiffLast5 + HomeGoalsPerGame,3,0.5223684210526316,1.013904756123206,0.20191069192122021
HomeShotsOnTargetAgainstLast5 + XGAgainstDiffPg + XGAgainstDiffLast5,3,0.504054054054054,1.0139048881750274,0.2019168540519755
GoalsPerGameDiff + HomePPG + HomeGoalsPerGame,3,0.5177631578947368,1.0139070004351125,0.20245071798429695
AwayGDPerGame + HomeGoalsLast5 + XGAgainstDiffLast5,3,0.5157894736842106,1.013909623759894,0.2023289550975913
GoalsAgainstPerGameDiff + AwayElo + HomeShotsOnTargetAgainstLast5,3,0.5072368421052631,1.013913639714204,0.2020412275632449
HomeGoalsLast5 + HomeShotsAgainstLast5 + XGForDiffLast5,3,0.5078947368421053,1.0139149940562873,0.20249015768623818
GoalsPerGameDiff + HomeGoalsPerGame + HomeShotsAgainstLast5,3,0.5151315789473684,1.0139158794162293,0.2024964918955235
GoalAgainstDiffLast5 + GoalsPerGameDiff + AwayPointsLast5,3,0.5118421052631579,1.0139309536451722,0.20249413286337356
ShotDiffLast5 + AwayPointsLast5 + HomeShotsAgainstLast5,3,0.5052631578947369,1.013934262342334,0.2022450289478686
AwayElo + AwayShotsAgainstLast5 + XGAgainstDiffPg,3,0.5114864864864865,1.0139374566112116,0.20223721430672578
AwayGDPerGame + HomeGoalsPerGame + HomeGoalsAgainstLast5,3,0.5039473684210527,1.0139398428330768,0.20243316948129564
GoalsPerGameDiff + HomePPG + AwayGoalsAgainstPerGame,3,0.5151315789473684,1.013944244008484,0.2024430583671835
AwayElo + HomeShotsAgainstLast5 + HomeShotsOnTargetAgainstLast5,3,0.5059210526315789,1.0139553669895887,0.20227342182006264
GoalsPerGameDiff + HomePPG + AwayGoalsAgainstLast5,3,0.5210526315789473,1.013961711368582,0.20242953512781417
ShotDiffLast5 + HomePointsLast5,2,0.518421052631579,1.0139660896013667,0.20220056030142047
AwayElo + HomeShotsOnTargetLast5 + AwayShotsOnTargetAgainstLast5,3,0.5006578947368421,1.0139852368611,0.2024752525042971
GoalAgainstDiffLast5 + GoalsPerGameDiff + GoalDiffLast5,3,0.5111842105263158,1.0139921798595235,0.20250391085319866
GoalAgainstDiffLast5 + GoalsPerGameDiff + AwayShotsOnTargetAgainstLast5,3,0.5177631578947368,1.014004444766086,0.20244776894838917
ShotOTDiffLast5 + HomeGoalsAgainstLast5 + XGAgainstDiffLast5,3,0.5039473684210527,1.0140192769117142,0.20233558534365015
HomeGDPerGame + AwayShotsAgainstLast5 + HomeShotsOnTargetAgainstLast5,3,0.5118421052631579,1.0140392600253194,0.20178965298049115
AwayPPG + HomePointsLast5 + XGAgainstDiffLast5,3,0.5138157894736842,1.0140460964723224,0.20241622727624112
GoalsAgainstPerGameDiff + HomeGoalsLast5 + XGAgainstDiffLast5,3,0.5184210526315789,1.0140481076460794,0.2020621107816138
GoalDiffLast5 + HomeShotsAgainstLast5 + AwayShotsOnTargetAgainstLast5,3,0.5131578947368421,1.014051695744834,0.20243487405877908
ShotDiffLast5 + HomeGoalsLast5 + HomeShotsAgainstLast5,3,0.5046052631578948,1.0140561740653233,0.2023900471843441
GoalsPerGameDiff + AwayGDPerGame + HomeShotsOnTargetAgainstLast5,3,0.5138157894736841,1.0140749020870325,0.20239350268786557
GoalsAgainstPerGameDiff + HomePPG + XGAgainstDiffLast5,3,0.5098684210526316,1.0140758911614003,0.20192121638516516
ShotOTDiffLast5 + AwayShotsAgainstLast5 + HomeShotsOnTargetAgainstLast5,3,0.5125,1.0140828149493495,0.2021426227971461
AwayElo + HomeGoalsPerGame + AwayShotsOnTargetLast5,3,0.5105263157894737,1.014097530469408,0.20249686602874287
GoalsAgainstPerGameDiff + AwayGDPerGame + HomeShotsOnTargetLast5,3,0.5118421052631579,1.0141020764135873,0.20208628581003416
ShotOTDiffLast5 + GoalAgainstDiffLast5 + HomeShotsAgainstLast5,3,0.5118421052631579,1.0141042505577453,0.20229599945716456
ShotDiffLast5 + HomePPG + HomeShotsOnTargetLast5,3,0.5151315789473684,1.0141154801111418,0.20197710060638768
ShotOTDiffLast5 + ShotDiffLast5 + AwayElo,3,0.5026315789473684,1.0141179482303713,0.2023592203552012
GoalAgainstDiffLast5 + GoalsPerGameDiff + AwayGoalsAgainstPerGame,3,0.5111842105263158,1.0141300231735617,0.2025197859649501
GoalsPerGameDiff + HomeGDPerGame + AwayGoalsAgainstLast5,3,0.5184210526315789,1.0141338038260916,0.2023148646670755
GoalsAgainstPerGameDiff + XGAgainstDiffPg + XGAgainstDiffLast5,3,0.5074324324324324,1.0141352658214111,0.20179485111336531
GoalsPerGameDiff + HomeShotsAgainstLast5 + HomeShotsOnTargetAgainstLast5,3,0.5151315789473684,1.0141397741805358,0.20251768015210544
GoalAgainstDiffLast5 + GoalsPerGameDiff,2,0.5131578947368421,1.0141665345388526,0.20256528394239479
GoalAgainstDiffLast5 + ShotDiffLast5 + XGForDiffLast5,3,0.5105263157894737,1.0141760205766406,0.20232283771521564
GoalsAgainstPerGameDiff + AwayShotsOnTargetLast5 + XGAgainstDiffPg,3,0.5101351351351351,1.0141786470614822,0.20185655575242664
GoalAgainstDiffLast5 + HomeElo + HomePointsLast5,3,0.5078947368421053,1.0141988002085232,0.2021780519203694
GoalsPerGameDiff + HomePPG + HomeGoalsAgainstLast5,3,0.5098684210526316,1.0142001290502727,0.20249316314744473
GoalsAgainstPerGameDiff + HomeGoalsPerGame + AwayShotsOnTargetLast5,3,0.519078947368421,1.0142092304976447,0.20192419614793525
GoalsPerGameDiff + HomeGDPerGame + HomeShotsOnTargetLast5,3,0.5177631578947369,1.0142093677893416,0.20243674612863796
AwayGDPerGame + XGAgainstDiffPg + XGAgainstDiffLast5,3,0.5148648648648648,1.0142146557179084,0.20220799477836202
GoalsAgainstPerGameDiff + GoalDiffLast5 + HomeGDPerGame,3,0.5138157894736842,1.0142216560979345,0.20200057722370388
AwayPPG + XGAgainstDiffPg + XGAgainstDiffLast5,3,0.5148648648648648,1.0142349977693565,0.20224923090831481
GoalsPerGameDiff + HomePointsLast5 + HomeGoalsLast5,3,0.5105263157894737,1.0142416421543174,0.20269533740410003
ShotDiffLast5 + GoalDiffLast5 + HomeGoalsPerGame,3,0.5125,1.0142471167369786,0.2022984619287187
GoalsPerGameDiff + HomePointsLast5,2,0.5072368421052632,1.0142581259149455,0.2027015254847108
GoalAgainstDiffLast5 + AwayGDPerGame + XGForDiffLast5,3,0.5098684210526315,1.0142581484109054,0.20254610202518486
HomePPG + AwayPointsLast5 + XGAgainstDiffLast5,3,0.5197368421052633,1.0142637391257203,0.2022540544486684
ShotDiffLast5 + HomeGoalsPerGame + AwayPointsLast5,3,0.5197368421052632,1.014276631099635,0.20214584056620538
HomeGoalsPerGame + AwayShotsOnTargetLast5 + XGAgainstDiffLast5,3,0.5177631578947368,1.0142858106509116,0.2021638889302766
AwayGDPerGame + HomePointsLast5 + AwayShotsAgainstLast5,3,0.513157894736842,1.0142885452801713,0.2025285024488229
AwayShotsOnTargetLast5 + XGAgainstDiffPg + XGAgainstDiffLast5,3,0.5135135135135135,1.014293550213397,0.2021625205231463
AwayGoalsLast5 + HomeGoalsAgainstLast5 + XGAgainstDiffPg,3,0.5047297297297297,1.0142989253198702,0.20200249611682666
ShotOTDiffLast5 + AwayPPG + HomeShotsOnTargetAgainstLast5,3,0.5019736842105263,1.0143003013946517,0.20248627200541205
GoalsAgainstPerGameDiff + AwayGoalsLast5 + HomeShotsOnTargetLast5,3,0.5256578947368421,1.0143035980436177,0.20203655185507352
AwayGDPerGame + HomeShotsOnTargetLast5 + XGForDiffLast5,3,0.5,1.0143145523359745,0.2024774916374178
AwayElo + AwayGDPerGame + HomeShotsAgainstLast5,3,0.49736842105263157,1.0143332447583895,0.20239065512558987
HomeGoalsAgainstLast5 + HomeShotsAgainstLast5 + XGForDiffLast5,3,0.506578947368421,1.014337697408402,0.20244743398878207
GoalAgainstDiffLast5 + GoalsPerGameDiff + AwayGoalsLast5,3,0.5059210526315789,1.0143459459572943,0.20258191232728134
GoalAgainstDiffLast5 + GoalsPerGameDiff + HomeGoalsPerGame,3,0.5078947368421053,1.0143522684926556,0.20252447695565085
AwayGDPerGame + HomeGoalsLast5 + HomeShotsOnTargetAgainstLast5,3,0.5131578947368421,1.0143600785640658,0.2023114941402008
AwayGDPerGame + HomePointsLast5 + AwayShotsOnTargetAgainstLast5,3,0.5118421052631579,1.0143710598065732,0.202540864103398
AwayGDPerGame + HomePointsLast5 + AwayShotsOnTargetLast5,3,0.5171052631578947,1.014392573284011,0.20262371941217774
HomeGoalsPerGame + HomeGoalsAgainstLast5 + XGForDiffLast5,3,0.5032894736842105,1.0143946464270979,0.20241524583115356
GoalsPerGameDiff + AwayGDPerGame + HomeShotsOnTargetLast5,3,0.5197368421052632,1.0143978542516385,0.20263484269693252
GoalAgainstDiffLast5 + ShotDiffLast5 + HomeShotsAgainstLast5,3,0.5072368421052632,1.0143999093843834,0.20231292938692103
ShotOTDiffLast5 + HomeGoalsAgainstLast5 + AwayShotsOnTargetAgainstLast5,3,0.5203947368421052,1.0144001237398208,0.2022914598581859
ShotDiffLast5 + AwayGDPerGame + HomeShotsOnTargetLast5,3,0.5085526315789474,1.014408688306411,0.20235608960750479
GoalsAgainstPerGameDiff + AwayGoalsLast5 + XGAgainstDiffPg,3,0.5155405405405405,1.0144329851580611,0.20181047424576376
AwayElo + HomeGoalsPerGame + AwayShotsOnTargetAgainstLast5,3,0.513157894736842,1.014459409750265,0.2026061718733425
ShotDiffLast5 + HomeShotsOnTargetAgainstLast5 + XGForDiffLast5,3,0.5105263157894737,1.014468127924341,0.20247581320337674
GoalsPerGameDiff + HomePointsLast5 + AwayGoalsLast5,3,0.5092105263157894,1.0144913356250287,0.20272878283845613
AwayGoalsLast5 + XGAgainstDiffPg + XGAgainstDiffLast5,3,0.5060810810810811,1.0144921369458229,0.20214087499692063
ShotOTDiffLast5 + GoalDiffLast5 + HomeShotsAgainstLast5,3,0.5105263157894737,1.014495679778225,0.20247010411221442
GoalsPerGameDiff + HomeGoalsAgainstLast5 + AwayShotsOnTargetLast5,3,0.5098684210526316,1.0145074533117082,0.20267459325663642
GoalsPerGameDiff + HomeGoalsLast5 + HomeShotsOnTargetAgainstLast5,3,0.5085526315789474,1.0145191260167188,0.2026147027070954
GoalsPerGameDiff + AwayPPG + HomeShotsOnTargetLast5,3,0.5177631578947369,1.0145200638014589,0.20277131963534684
GoalsAgainstPerGameDiff + HomeGoalsLast5 + AwayShotsOnTargetLast5,3,0.5098684210526316,1.0145260158880616,0.202309172715806
HomeGoalsAgainstLast5 + HomeShotsOnTargetAgainstLast5 + XGAgainstDiffPg,3,0.5087837837837839,1.0145294455897138,0.20198353060838328
ShotOTDiffLast5 + HomePPG + HomeGoalsAgainstLast5,3,0.5052631578947369,1.014560812752985,0.20238215514981825
AwayPPG + HomePointsLast5 + HomeShotsOnTargetLast5,3,0.5105263157894737,1.0145650781513096,0.20248530923149533
ShotOTDiffLast5 + GoalAgainstDiffLast5 + XGForDiffLast5,3,0.5118421052631579,1.0145776885405082,0.20252530063361526
GoalsAgainstPerGameDiff + AwayElo + XGAgainstDiffLast5,3,0.5098684210526315,1.0145789375655259,0.20240947625004835
ShotOTDiffLast5 + HomePPG,2,0.5078947368421053,1.0145789895439834,0.20245019033489595
GoalDiffLast5 + HomeShotsAgainstLast5 + AwayShotsAgainstLast5,3,0.5138157894736841,1.014580249705255,0.20248351378079113
GoalAgainstDiffLast5 + GoalsPerGameDiff + AwayPPG,3,0.5138157894736842,1.0145810048524244,0.20266673214529854
ShotOTDiffLast5 + HomeShotsOnTargetAgainstLast5 + XGForDiffLast5,3,0.5059210526315789,1.014584315689009,0.20252149407374187
GoalAgainstDiffLast5 + GoalsPerGameDiff + AwayGDPerGame,3,0.5144736842105263,1.0145983201328952,0.20267322053872036
HomeGoalsPerGame + HomePointsLast5 + XGForDiffLast5,3,0.5078947368421053,1.0146001495289076,0.20256525368895859
ShotOTDiffLast5 + HomeGDPerGame + HomeGoalsLast5,3,0.5046052631578947,1.014604486349537,0.20234467086246166
GoalAgainstDiffLast5 + HomeShotsOnTargetLast5 + XGForDiffLast5,3,0.5144736842105264,1.0146103961450479,0.20255861331719544
GoalAgainstDiffLast5 + AwayPPG + XGForDiffLast5,3,0.5125,1.0146145070572798,0.2026710484068608
HomePointsLast5 + XGForDiffLast5,2,0.5098684210526316,1.0146551976463545,0.20269535496744284
HomePPG + HomeShotsOnTargetLast5 + XGAgainstDiffLast5,3,0.5026315789473684,1.0146680507578054,0.2023324524120373
GoalsAgainstPerGameDiff + GoalDiffLast5 + HomePointsLast5,3,0.5092105263157894,1.0146866404903063,0.20224256676767258
GoalAgainstDiffLast5 + AwayPPG + HomeGoalsPerGame,3,0.5151315789473684,1.0146870525398668,0.20260995235590076
AwayElo + AwayShotsOnTargetLast5 + XGForDiffLast5,3,0.5032894736842105,1.0146890592774511,0.2026448995598122
GoalDiffLast5 + AwayGDPerGame + HomeShotsAgainstLast5,3,0.5092105263157894,1.0146907553580027,0.20262411851356332
AwayElo + AwayGoalsAgainstPerGame + HomeShotsAgainstLast5,3,0.5019736842105262,1.014698323425093,0.20244611828298129
HomeGoalsAgainstLast5 + XGAgainstDiffPg + XGAgainstDiffLast5,3,0.5060810810810811,1.014705409832077,0.2021273966019865
GoalDiffLast5 + HomeGDPerGame + AwayGoalsAgainstPerGame,3,0.5190789473684211,1.0147058479071918,0.20230513914990306
AwayElo + HomeShotsOnTargetLast5,2,0.49999999999999994,1.0147069279596082,0.20259480226604826
AwayPPG + HomeGoalsPerGame + HomeShotsOnTargetLast5,3,0.5125,1.0147087759094364,0.20273510286373886
ShotDiffLast5 + HomePointsLast5 + HomeGoalsAgainstLast5,3,0.5072368421052631,1.0147211264100189,0.20243944608480718
ShotDiffLast5 + AwayShotsAgainstLast5 + HomeShotsOnTargetAgainstLast5,3,0.5026315789473684,1.0147227796653113,0.20231025353097948
HomeShotsAgainstLast5 + HomeShotsOnTargetAgainstLast5 + XGForDiffLast5,3,0.5111842105263158,1.0147288003590964,0.2025787912914344
HomePointsLast5 + HomeGoalsAgainstLast5 + XGForDiffLast5,3,0.5092105263157894,1.0147384406109154,0.20267734280501593
GoalDiffLast5 + AwayElo + XGForDiffLast5,3,0.5019736842105263,1.0147543925862146,0.20275192568696795
ShotOTDiffLast5 + HomeGoalsPerGame + AwayShotsAgainstLast5,3,0.5039473684210526,1.0147592414530457,0.2025499699825255
GoalsPerGameDiff + GoalDiffLast5 + HomeShotsOnTargetAgainstLast5,3,0.5151315789473684,1.0147605852237342,0.20264988440660187
AwayGoalsAgainstLast5 + HomeShotsOnTargetAgainstLast5 + XGForDiffLast5,3,0.5157894736842106,1.0147625162659488,0.20257808724118787
AwayElo + AwayShotsAgainstLast5 + HomeShotsOnTargetLast5,3,0.49605263157894736,1.0147757970322455,0.20267255696891726
ShotDiffLast5 + HomeGoalsLast5 + AwayShotsOnTargetAgainstLast5,3,0.5105263157894737,1.0147875296724391,0.20245839460550807
GoalAgainstDiffLast5 + GoalDiffLast5 + XGForDiffLast5,3,0.5059210526315789,1.0147891869660493,0.20267023665844383
ShotOTDiffLast5 + HomeGDPerGame + HomeGoalsAgainstLast5,3,0.5019736842105263,1.0147898398265314,0.20235715359540304
ShotDiffLast5 + HomeGoalsPerGame + HomeGoalsAgainstLast5,3,0.5111842105263158,1.0147902579235646,0.2022211168297647
ShotDiffLast5 + HomePointsLast5 + HomeGoalsLast5,3,0.5164473684210527,1.014796377315481,0.20241794235041627
ShotDiffLast5 + HomePPG + HomeGoalsPerGame,3,0.5157894736842105,1.0147995410860664,0.20222025263419596
ShotOTDiffLast5 + ShotDiffLast5 + HomeShotsAgainstLast5,3,0.506578947368421,1.0148005752553542,0.20244263618376226
HomeElo + HomePPG + HomeShotsAgainstLast5,3,0.494078947368421,1.014802105248644,0.20231166860193273
HomePointsLast5 + HomeShotsOnTargetLast5 + XGForDiffLast5,3,0.5078947368421053,1.0148240512993836,0.20274551570284643
AwayPointsLast5 + HomeShotsOnTargetAgainstLast5 + XGForDiffLast5,3,0.5111842105263158,1.0148275277955137,0.202658725009026
HomeElo + HomeGoalsPerGame + HomeShotsAgainstLast5,3,0.4914473684210526,1.0148408279983439,0.20232556888689715
GoalDiffLast5 + HomeShotsOnTargetAgainstLast5 + XGForDiffLast5,3,0.5092105263157894,1.014842337384261,0.20270430498232705
ShotOTDiffLast5 + AwayShotsAgainstLast5 + XGAgainstDiffLast5,3,0.5098684210526315,1.0148526713799564,0.20259352481980025
GoalsPerGameDiff + HomeGoalsAgainstLast5 + HomeShotsOnTargetAgainstLast5,3,0.5118421052631579,1.0148573528460314,0.20268184679373194
GoalsPerGameDiff + HomeGoalsAgainstLast5 + AwayGoalsAgainstLast5,3,0.5072368421052632,1.0148631843776634,0.2026975679627303
GoalAgainstDiffLast5 + GoalsPerGameDiff + HomeGoalsAgainstLast5,3,0.5072368421052632,1.0148636314816801,0.20269857465410224
GoalAgainstDiffLast5 + GoalsPerGameDiff + AwayGoalsAgainstLast5,3,0.5072368421052632,1.0148708286036874,0.2026996547894762
ShotDiffLast5 + GoalDiffLast5 + AwayShotsOnTargetAgainstLast5,3,0.5092105263157896,1.0148734080475077,0.20263893137520433
HomeElo + HomeShotsAgainstLast5,2,0.49736842105263157,1.0148876269130953,0.2023228524121422
HomeGoalsAgainstLast5 + AwayShotsOnTargetAgainstLast5 + XGAgainstDiffPg,3,0.5060810810810811,1.0148961246521395,0.20214710898401253
GoalAgainstDiffLast5 + ShotDiffLast5 + AwayGDPerGame,3,0.5052631578947369,1.0148984291379803,0.20256207938255874
GoalsPerGameDiff + HomeShotsOnTargetAgainstLast5,2,0.5105263157894736,1.0149029099568012,0.2026822905225369
HomeGDPerGame + AwayShotsOnTargetAgainstLast5 + XGAgainstDiffLast5,3,0.5144736842105263,1.01491071573332,0.20201947011377389
ShotOTDiffLast5 + GoalAgainstDiffLast5 + XGAgainstDiffLast5,3,0.5006578947368421,1.0149139274589034,0.20254851331237872
AwayElo + AwayShotsOnTargetAgainstLast5 + XGForDiffLast5,3,0.4980263157894737,1.0149206053541227,0.20275391489805164
GoalsAgainstPerGameDiff + HomeGoalsAgainstLast5 + XGAgainstDiffPg,3,0.5114864864864865,1.014930296284675,0.20190345668598952
GoalsPerGameDiff + GoalDiffLast5 + HomePointsLast5,3,0.506578947368421,1.0149305684936867,0.20284099606931594
HomeGDPerGame + HomePointsLast5 + AwayShotsAgainstLast5,3,0.5105263157894737,1.0149329188139715,0.20223860574375316
GoalsPerGameDiff + HomePPG + HomePointsLast5,3,0.5138157894736842,1.0149356378979917,0.20270204935406527
GoalAgainstDiffLast5 + HomeGoalsLast5 + XGForDiffLast5,3,0.5144736842105263,1.0149470389034554,0.20264996698795756
HomeGDPerGame + HomeShotsOnTargetLast5 + XGAgainstDiffLast5,3,0.49802631578947365,1.014952611364465,0.20231227773920837
GoalDiffLast5 + HomePPG + AwayShotsAgainstLast5,3,0.5098684210526315,1.0149795484511517,0.20270678151203314
AwayPointsLast5 + HomeGoalsAgainstLast5 + XGAgainstDiffPg,3,0.5047297297297296,1.0150027981550198,0.20222711627145198
AwayShotsAgainstLast5 + HomeShotsOnTargetAgainstLast5 + XGAgainstDiffPg,3,0.5141891891891892,1.015008215495286,0.20211827562658946
XGAgainstDiffPg + XGAgainstDiffLast5,2,0.5081081081081081,1.0150095485558253,0.20222529592007224
HomePointsLast5 + HomeShotsAgainstLast5 + AwayShotsAgainstLast5,3,0.5065789473684211,1.0150388734950282,0.20250008005590692
AwayElo + HomeGoalsPerGame + AwayShotsAgainstLast5,3,0.5098684210526316,1.015060316817756,0.2027839567624665
GoalsAgainstPerGameDiff + XGAgainstDiffPg,2,0.5101351351351352,1.0150820045278468,0.2019048281566185
ShotOTDiffLast5 + HomeGoalsPerGame + AwayShotsOnTargetAgainstLast5,3,0.4993421052631579,1.015084344870346,0.2025769763447491
AwayElo + XGForDiffLast5,2,0.5013157894736842,1.0150955158178647,0.20276503562139803
ShotDiffLast5 + AwayGoalsAgainstLast5 + HomeShotsAgainstLast5,3,0.5013157894736842,1.0150962045295653,0.20247898626818167
ShotOTDiffLast5 + HomeGDPerGame + HomeGoalsPerGame,3,0.506578947368421,1.0151051457409566,0.20245606181461162
ShotOTDiffLast5 + AwayShotsOnTargetAgainstLast5 + XGAgainstDiffLast5,3,0.5046052631578948,1.0151080440136742,0.20256868714399612
HomeGDPerGame + AwayShotsAgainstLast5 + HomeShotsOnTargetLast5,3,0.5157894736842106,1.0151081633183803,0.2022675857334381
AwayElo + AwayGDPerGame + HomeShotsOnTargetLast5,3,0.49868421052631573,1.0151100033048575,0.20268950572118372
AwayElo + AwayGoalsLast5 + HomeShotsOnTargetLast5,3,0.5046052631578948,1.015114438515287,0.20266190492455244
GoalsAgainstPerGameDiff + HomeShotsAgainstLast5 + HomeShotsOnTargetLast5,3,0.5151315789473684,1.0151174259638907,0.20205306578780285
GoalsPerGameDiff + AwayPointsLast5 + HomeShotsOnTargetLast5,3,0.5177631578947369,1.0151205422574585,0.20290597637591518
GoalsAgainstPerGameDiff + HomeGDPerGame + XGAgainstDiffLast5,3,0.5052631578947369,1.0151242382771688,0.20207411518274196
GoalsAgainstPerGameDiff + AwayGDPerGame + XGAgainstDiffPg,3,0.5121621621621621,1.0151286234379302,0.20208334243242598
HomeGoalsAgainstLast5 + XGAgainstDiffPg,2,0.5087837837837839,1.0151314678151073,0.20213258968840075
HomeElo + HomeShotsOnTargetLast5 + HomeShotsOnTargetAgainstLast5,3,0.49671052631578944,1.0151345562643,0.20231415037100273
GoalDiffLast5 + HomePPG + AwayShotsOnTargetAgainstLast5,3,0.5157894736842105,1.0151371874335404,0.20273613747624575
ShotOTDiffLast5 + AwayElo + AwayGoalsLast5,3,0.5072368421052631,1.0151438427491168,0.20262979568149236
ShotOTDiffLast5 + AwayGoalsAgainstLast5 + HomeShotsAgainstLast5,3,0.5026315789473684,1.0151451025041442,0.20251203312184
GoalsAgainstPerGameDiff + HomeGDPerGame + AwayShotsOnTargetLast5,3,0.5164473684210527,1.0151452169051969,0.20193347531050676
AwayGoalsAgainstPerGame + HomeShotsOnTargetAgainstLast5 + XGAgainstDiffPg,3,0.508108108108108,1.0151751445016297,0.20200976300943582
AwayPPG + AwayShotsOnTargetLast5 + XGAgainstDiffPg,3,0.5155405405405405,1.0151812068220152,0.20238567912100436
GoalsPerGameDiff + AwayPointsLast5 + HomeGoalsAgainstLast5,3,0.5098684210526315,1.0151856970232915,0.20285274938393003
AwayElo + HomeGoalsPerGame,2,0.5039473684210527,1.0151887617531015,0.20280015382543748
HomeGDPerGame + HomeShotsOnTargetAgainstLast5 + AwayShotsOnTargetAgainstLast5,3,0.5085526315789474,1.0151946611712492,0.20200214400054825
GoalDiffLast5 + HomePointsLast5 + XGForDiffLast5,3,0.5052631578947369,1.0151959948144857,0.2027970887155809
AwayPointsLast5 + XGAgainstDiffPg + XGAgainstDiffLast5,3,0.5074324324324324,1.0151990612331778,0.2023024235943979
HomePointsLast5 + HomeShotsAgainstLast5 + AwayShotsOnTargetAgainstLast5,3,0.49934210526315786,1.0152023638010275,0.20254942955106353
AwayShotsOnTargetLast5 + XGAgainstDiffPg,2,0.5162162162162162,1.0152059895636014,0.20224152733432296
AwayGDPerGame + XGAgainstDiffPg,2,0.5162162162162163,1.015220745803407,0.2023344672271317
AwayPPG + AwayPointsLast5 + XGAgainstDiffPg,3,0.5141891891891892,1.0152310524116293,0.20235533352329332
HomeGDPerGame + AwayGoalsAgainstPerGame + HomeShotsAgainstLast5,3,0.5105263157894736,1.0152367985986794,0.20218288751935026
AwayPPG + XGAgainstDiffPg,2,0.5141891891891892,1.0152460172515592,0.20237425694052005
GoalsPerGameDiff + AwayElo + AwayGoalsLast5,3,0.5210526315789473,1.0152495851724956,0.20293135521441236
ShotDiffLast5 + HomeGoalsPerGame + AwayGoalsLast5,3,0.5144736842105263,1.0152636523732586,0.2024703909034804
ShotDiffLast5 + HomeGoalsPerGame + XGForDiffLast5,3,0.5151315789473684,1.0152681355734732,0.20252203346995673
GoalDiffLast5 + HomeShotsOnTargetLast5 + XGAgainstDiffLast5,3,0.5105263157894737,1.0152762847799632,0.202661251019754
GoalsPerGameDiff + HomePPG + HomeGDPerGame,3,0.5144736842105263,1.015276715778277,0.202795932982099
ShotOTDiffLast5 + HomePPG + HomePointsLast5,3,0.5065789473684211,1.015279331965628,0.20256940539502877
GoalsAgainstPerGameDiff + AwayPPG + XGAgainstDiffPg,3,0.5135135135135135,1.0152832662228657,0.2021477045994541
HomeGDPerGame + AwayPointsLast5 + AwayShotsOnTargetAgainstLast5,3,0.5131578947368421,1.0152865945653193,0.20221299832062678
HomeGDPerGame + HomePointsLast5 + AwayShotsOnTargetLast5,3,0.5105263157894737,1.0152866256270499,0.20244736051693188
HomeGDPerGame + AwayGoalsAgainstPerGame + AwayShotsOnTargetAgainstLast5,3,0.5197368421052632,1.0152896625703802,0.20215489354769092
ShotOTDiffLast5 + AwayPointsLast5 + HomeShotsAgainstLast5,3,0.5052631578947369,1.0152916634678815,0.20257275184225
ShotOTDiffLast5 + HomePPG + HomeShotsOnTargetLast5,3,0.506578947368421,1.0153067730581795,0.20259168493460505
HomeGDPerGame + HomeShotsAgainstLast5 + AwayShotsOnTargetLast5,3,0.5098684210526316,1.0153110810917818,0.2022792277353124
HomePPG + HomeShotsOnTargetLast5 + AwayShotsOnTargetLast5,3,0.506578947368421,1.0153111111843538,0.2025917531088583
GoalAgainstDiffLast5 + HomeShotsOnTargetAgainstLast5 + XGAgainstDiffPg,3,0.5060810810810811,1.0153119310321674,0.20232592456793588
ShotOTDiffLast5 + HomePPG + AwayShotsOnTargetLast5,3,0.506578947368421,1.01531798407949,0.20259436900275937
ShotOTDiffLast5 + HomeGoalsAgainstLast5 + AwayShotsAgainstLast5,3,0.5203947368421054,1.015330942720232,0.2025509601094872
GoalsAgainstPerGameDiff + HomePPG + AwayShotsOnTargetLast5,3,0.5157894736842106,1.0153356115920467,0.20217510286030357
GoalDiffLast5 + HomeGoalsPerGame + XGAgainstDiffLast5,3,0.5144736842105264,1.015341129238903,0.20246142266761918
ShotOTDiffLast5 + AwayPPG + HomeGoalsAgainstLast5,3,0.506578947368421,1.0153591306589054,0.2027423392467915
ShotOTDiffLast5 + AwayGoalsAgainstLast5 + XGAgainstDiffLast5,3,0.5019736842105263,1.0153652584191457,0.20270514461088185
GoalsAgainstPerGameDiff + AwayShotsAgainstLast5 + HomeShotsOnTargetLast5,3,0.5157894736842106,1.0153702056439946,0.2022851067380995
ShotOTDiffLast5 + GoalAgainstDiffLast5 + HomePointsLast5,3,0.5092105263157894,1.015386507928531,0.20269376010054213
AwayGoalsLast5 + HomeShotsOnTargetAgainstLast5 + XGForDiffLast5,3,0.5125,1.0153890595107593,0.20274430691528852
AwayElo + HomeShotsOnTargetAgainstLast5 + XGAgainstDiffLast5,3,0.49671052631578944,1.0153896207445365,0.20278468303393807
HomePPG + AwayShotsOnTargetLast5 + AwayShotsOnTargetAgainstLast5,3,0.5138157894736842,1.0153911423776985,0.2026816489009281
GoalsAgainstPerGameDiff + AwayPointsLast5 + XGAgainstDiffPg,3,0.5114864864864864,1.0153989108333874,0.20202799732743065
HomeGDPerGame + AwayGoalsAgainstPerGame + AwayGoalsLast5,3,0.5138157894736842,1.0154003091134887,0.20223884590464208
GoalsPerGameDiff + AwayGoalsAgainstLast5 + HomeShotsOnTargetLast5,3,0.5125,1.0154055517418095,0.20285222942384598
AwayGDPerGame + AwayShotsOnTargetLast5 + XGAgainstDiffPg,3,0.5135135135135136,1.015412868921119,0.20242042460797804
AwayPPG + HomeShotsOnTargetLast5 + XGForDiffLast5,3,0.5046052631578948,1.01541792445762,0.20285343462723263
GoalsAgainstPerGameDiff + AwayPPG + HomeShotsOnTargetLast5,3,0.5157894736842106,1.0154236272351247,0.2024296681342783
GoalAgainstDiffLast5 + AwayGoalsLast5 + XGForDiffLast5,3,0.5111842105263158,1.015429579638198,0.20274214678033936
GoalAgainstDiffLast5 + ShotDiffLast5 + AwayPPG,3,0.5052631578947369,1.0154296129178533,0.20267123220973696
GoalsPerGameDiff + AwayPPG + HomeGoalsAgainstLast5,3,0.5105263157894736,1.0154346901753044,0.20290755371647373
AwayGDPerGame + AwayPointsLast5 + XGAgainstDiffPg,3,0.5135135135135136,1.0154358588464427,0.20235387950747286
HomePPG + AwayShotsAgainstLast5 + AwayShotsOnTargetLast5,3,0.5098684210526316,1.0154513544254928,0.20275950760339906
GoalsAgainstPerGameDiff + AwayGDPerGame + HomeGoalsPerGame,3,0.5223684210526316,1.015459030926095,0.2023819671120648
AwayGoalsLast5 + XGAgainstDiffPg,2,0.5121621621621621,1.0154649540390044,0.20223337914758371
GoalAgainstDiffLast5 + AwayPointsLast5 + XGForDiffLast5,3,0.5118421052631579,1.0154707737715944,0.20275946023745173
HomePPG + AwayPointsLast5 + HomeShotsAgainstLast5,3,0.5131578947368421,1.01547477565743,0.20266773755076645
GoalsAgainstPerGameDiff + HomeGDPerGame + AwayShotsAgainstLast5,3,0.5164473684210527,1.0154818482860168,0.20204740495316997
HomeShotsOnTargetLast5 + HomeShotsOnTargetAgainstLast5 + XGForDiffLast5,3,0.5131578947368421,1.0154873494960306,0.2027617946610307
GoalsPerGameDiff + AwayGoalsLast5 + HomeShotsOnTargetAgainstLast5,3,0.5111842105263158,1.015488005040491,0.20278991681421055
ShotDiffLast5 + HomeGoalsAgainstLast5 + XGForDiffLast5,3,0.5157894736842105,1.0154894528619915,0.20264147122212586
HomeShotsOnTargetAgainstLast5 + XGForDiffLast5,2,0.5144736842105263,1.0154920368364313,0.20279711398456332
AwayGoalsAgainstLast5 + HomeShotsOnTargetAgainstLast5 + XGAgainstDiffPg,3,0.5067567567567568,1.0154932334023041,0.20222996993387757
ShotDiffLast5 + AwayGoalsAgainstPerGame + HomeShotsOnTargetAgainstLast5,3,0.4986842105263158,1.0155111297518107,0.20263621530167727
AwayElo + AwayGoalsAgainstLast5 + HomeShotsAgainstLast5,3,0.5006578947368421,1.0155156078185195,0.20271795470653492
ShotDiffLast5 + HomeGoalsLast5 + AwayShotsAgainstLast5,3,0.5111842105263157,1.015519633287696,0.20267473977054087
ShotOTDiffLast5 + AwayGoalsAgainstPerGame + HomeShotsOnTargetAgainstLast5,3,0.5125000000000001,1.015547326537254,0.20260899484684788
AwayGDPerGame + HomeGoalsPerGame + HomeShotsOnTargetLast5,3,0.5144736842105263,1.0155498634705062,0.20283749627540945
HomeGDPerGame + AwayPointsLast5 + AwayShotsOnTargetLast5,3,0.5164473684210527,1.015557618588585,0.20232752030250928
GoalsPerGameDiff + AwayElo + AwayShotsOnTargetAgainstLast5,3,0.5098684210526316,1.0155606597264677,0.20302541386583745
GoalsAgainstPerGameDiff + HomePointsLast5 + AwayShotsAgainstLast5,3,0.5111842105263158,1.0155670102113543,0.2023915210199088
GoalsPerGameDiff + HomeGoalsPerGame + HomePointsLast5,3,0.5039473684210527,1.0155748720391655,0.20294136151075082
AwayElo + AwayPointsLast5 + HomeShotsOnTargetLast5,3,0.4993421052631579,1.0155856690470317,0.20277968431709073
GoalAgainstDiffLast5 + AwayShotsAgainstLast5 + XGForDiffLast5,3,0.506578947368421,1.0155922498234073,0.20277689926045414
HomeElo + HomeShotsOnTargetLast5,2,0.5019736842105263,1.015598546075206,0.20250110754061934
HomePointsLast5 + HomeGoalsLast5 + XGForDiffLast5,3,0.5111842105263158,1.01560237767819,0.20288573185480627
GoalsPerGameDiff + HomeGDPerGame + HomeGoalsAgainstLast5,3,0.5072368421052632,1.0156100564895105,0.202776263209532
HomeElo + HomeGoalsLast5 + HomeShotsAgainstLast5,3,0.49078947368421055,1.015630781024987,0.2025392270541928
HomePPG + HomeShotsAgainstLast5 + AwayShotsOnTargetLast5,3,0.5111842105263158,1.0156419522598918,0.20263533367769498
GoalsAgainstPerGameDiff + HomePointsLast5 + XGAgainstDiffLast5,3,0.5197368421052632,1.015646740908318,0.2024170323703036
GoalsPerGameDiff + HomePPG,2,0.5138157894736842,1.015648765781461,0.2029011601807793
HomeElo + HomeGDPerGame + HomeShotsAgainstLast5,3,0.4947368421052631,1.0156540059685892,0.20248817140174377
AwayPointsLast5 + AwayShotsOnTargetLast5 + XGAgainstDiffPg,3,0.5148648648648648,1.015669607154791,0.20233200276354552
GoalsAgainstPerGameDiff + AwayPPG + HomePointsLast5,3,0.5157894736842106,1.0156750304625082,0.20253794911188444
GoalsPerGameDiff + GoalDiffLast5 + HomePPG,3,0.5164473684210527,1.015676978978998,0.20291277886798675
HomePPG + AwayShotsAgainstLast5 + XGAgainstDiffLast5,3,0.5177631578947368,1.015679113912088,0.20246993388075288
AwayGoalsLast5 + AwayShotsOnTargetLast5 + XGAgainstDiffPg,3,0.5135135135135135,1.0156865107565458,0.2023149038363286
AwayElo + HomeGoalsPerGame + AwayGoalsLast5,3,0.5019736842105262,1.0156890113993309,0.20288396231474878
AwayShotsOnTargetLast5 + HomeShotsOnTargetAgainstLast5 + XGForDiffLast5,3,0.5105263157894737,1.0156932398810228,0.20285815901661902
HomeGoalsLast5 + HomeShotsOnTargetAgainstLast5 + XGForDiffLast5,3,0.5105263157894737,1.0156950517941794,0.20287416521247004
HomeElo + HomePPG + HomeShotsOnTargetLast5,3,0.5,1.015697222003088,0.20253033505919724
GoalAgainstDiffLast5 + AwayGoalsAgainstPerGame + XGForDiffLast5,3,0.5098684210526315,1.0156993590861076,0.2027639883885622
GoalsPerGameDiff + HomeGoalsPerGame + HomeShotsOnTargetAgainstLast5,3,0.5111842105263158,1.015700259887249,0.20280704066453167
ShotDiffLast5 + GoalDiffLast5 + AwayPPG,3,0.5052631578947369,1.0157078747066581,0.2029705927870694
ShotDiffLast5 + HomeGoalsLast5 + HomeShotsOnTargetAgainstLast5,3,0.5059210526315789,1.0157132917049265,0.2027548590601246
AwayPPG + AwayGoalsLast5 + XGAgainstDiffPg,3,0.5141891891891892,1.0157244755317554,0.2024552673894561
GoalAgainstDiffLast5 + AwayGDPerGame + XGAgainstDiffPg,3,0.5054054054054055,1.0157507766769682,0.20258104290034606
GoalsPerGameDiff + AwayGDPerGame + HomeGoalsAgainstLast5,3,0.5118421052631579,1.0157533339415892,0.20292172856897336
GoalAgainstDiffLast5 + XGAgainstDiffPg + XGAgainstDiffLast5,3,0.5067567567567568,1.015753617225343,0.20248585263138427
ShotDiffLast5 + HomeGoalsAgainstLast5 + AwayShotsAgainstLast5,3,0.5032894736842105,1.0157557275311646,0.20256074688966358
GoalAgainstDiffLast5 + AwayShotsOnTargetLast5 + XGAgainstDiffPg,3,0.504054054054054,1.0157595327324238,0.202529398837711
AwayGDPerGame + AwayGoalsAgainstPerGame + XGAgainstDiffPg,3,0.5168918918918919,1.0157607061076936,0.20244395959601338
ShotDiffLast5 + AwayElo + AwayShotsOnTargetAgainstLast5,3,0.4993421052631579,1.0157627766155057,0.20272078767955648
ShotDiffLast5 + AwayElo + AwayShotsOnTargetLast5,3,0.5019736842105263,1.0157722048887277,0.2027301137219493
ShotDiffLast5 + GoalDiffLast5 + AwayGDPerGame,3,0.5078947368421053,1.015776098943086,0.20292713419502734
GoalsAgainstPerGameDiff + HomeGoalsPerGame + HomeShotsAgainstLast5,3,0.5111842105263158,1.0157770780554671,0.2021313291830831
AwayElo + AwayGDPerGame + HomeGoalsPerGame,3,0.5085526315789474,1.0157836289263302,0.20304340992500547
ShotDiffLast5 + AwayGoalsLast5 + HomeShotsAgainstLast5,3,0.505921052631579,1.0157941030124595,0.20273356337562637
ShotDiffLast5 + AwayElo,2,0.5046052631578948,1.0157946025483198,0.20275443742543023
GoalsPerGameDiff + GoalDiffLast5 + HomeGDPerGame,3,0.5217105263157894,1.0158003659984376,0.20286593042378057
GoalAgainstDiffLast5 + AwayShotsOnTargetAgainstLast5 + XGForDiffLast5,3,0.5131578947368421,1.015807001505387,0.2027926712775197
AwayGDPerGame + AwayGoalsLast5 + XGAgainstDiffPg,3,0.5168918918918919,1.0158099618623968,0.20244842707380928
HomePointsLast5 + AwayShotsOnTargetLast5 + XGAgainstDiffLast5,3,0.5151315789473684,1.015829179018085,0.20280587805403194
GoalAgainstDiffLast5 + XGForDiffLast5,2,0.5111842105263158,1.0158321748373256,0.2028620893910958
GoalsAgainstPerGameDiff + HomeShotsAgainstLast5 + AwayShotsAgainstLast5,3,0.5065789473684211,1.015832178523399,0.20232939336439193
AwayElo + AwayPPG + HomeShotsOnTargetLast5,3,0.5013157894736843,1.0158371655058853,0.20290721176089987
ShotOTDiffLast5 + HomeGoalsAgainstLast5 + XGForDiffLast5,3,0.5085526315789474,1.0158372220178238,0.2027938884925904
GoalsAgainstPerGameDiff + GoalDiffLast5 + AwayShotsAgainstLast5,3,0.5098684210526315,1.0158392058907646,0.20258135727544643
GoalsPerGameDiff + HomePPG + AwayGoalsLast5,3,0.5138157894736842,1.0158435940499182,0.20292222581865443
GoalAgainstDiffLast5 + AwayPPG + XGAgainstDiffPg,3,0.5121621621621621,1.0158507079558277,0.20264846686025678
ShotOTDiffLast5 + HomePointsLast5 + HomeShotsOnTargetAgainstLast5,3,0.5013157894736843,1.0158518112409745,0.2028535992732493
GoalsAgainstPerGameDiff + AwayGoalsAgainstPerGame + XGAgainstDiffPg,3,0.5081081081081081,1.0158702974704594,0.2020877614103395
GoalsPerGameDiff + HomeGoalsLast5 + HomeGoalsAgainstLast5,3,0.5065789473684211,1.0158927739771204,0.20299943495296677
GoalAgainstDiffLast5 + GoalsAgainstPerGameDiff + XGAgainstDiffPg,3,0.5121621621621621,1.0158956410681002,0.2022394952485867
ShotOTDiffLast5 + GoalDiffLast5 + AwayElo,3,0.4986842105263158,1.0159049042729356,0.20292890041009695
ShotOTDiffLast5 + HomePPG + HomeGoalsLast5,3,0.5059210526315789,1.015908787980278,0.20274618102857486
AwayGDPerGame + HomeGoalsLast5 + XGForDiffLast5,3,0.5078947368421052,1.015909343574471,0.20301215775122194
HomeGoalsAgainstLast5 + HomeShotsOnTargetAgainstLast5 + XGForDiffLast5,3,0.5098684210526316,1.0159117833650337,0.20283959227501677
ShotOTDiffLast5 + GoalAgainstDiffLast5 + ShotDiffLast5,3,0.506578947368421,1.015916519326633,0.20267217539939464
ShotDiffLast5 + HomeGoalsPerGame + AwayGoalsAgainstLast5,3,0.519078947368421,1.0159207912640724,0.20251936784250915
GoalsPerGameDiff + GoalDiffLast5 + HomeGoalsAgainstLast5,3,0.5092105263157894,1.0159276815011316,0.20299642767310547
GoalsAgainstPerGameDiff + AwayShotsOnTargetAgainstLast5 + XGAgainstDiffPg,3,0.5101351351351351,1.0159331806062268,0.2021400858418737
ShotDiffLast5 + AwayPPG + HomeShotsOnTargetLast5,3,0.5052631578947369,1.015936361590161,0.20277468598412973
GoalsPerGameDiff + HomeGoalsLast5 + AwayShotsOnTargetAgainstLast5,3,0.525,1.015936792740316,0.20308785013059857
GoalAgainstDiffLast5 + AwayGoalsLast5 + XGAgainstDiffPg,3,0.5027027027027027,1.0159371937970316,0.20252792578936257
HomeGDPerGame + AwayPointsLast5 + HomeShotsAgainstLast5,3,0.5125,1.0159456352771494,0.2025578324948704
GoalsAgainstPerGameDiff + HomeGoalsLast5 + HomeShotsAgainstLast5,3,0.506578947368421,1.0159470794760888,0.20236410195315774
AwayElo + AwayPPG + XGForDiffLast5,3,0.4986842105263158,1.0159719682646884,0.2029923689256452
ShotDiffLast5 + AwayElo + AwayGoalsLast5,3,0.5052631578947369,1.0159830210910736,0.20276067246415128
XGAgainstDiffPg,1,0.5081081081081081,1.0159894424060762,0.20229149747146621
ShotDiffLast5 + AwayElo + AwayPointsLast5,3,0.5046052631578948,1.0159969906270798,0.2027826708885506
GoalsPerGameDiff + HomeGDPerGame,2,0.5197368421052632,1.0160068705136638,0.20289394109287567
GoalDiffLast5 + AwayGDPerGame + HomePointsLast5,3,0.5144736842105263,1.0160144541769907,0.20294165516481444
AwayGDPerGame + AwayGoalsAgainstLast5 + XGAgainstDiffPg,3,0.5135135135135135,1.0160317322339474,0.20252542950974095
ShotOTDiffLast5 + HomeGoalsPerGame + HomeShotsOnTargetAgainstLast5,3,0.5032894736842105,1.01604750100902,0.2026408980157567
AwayElo + AwayGoalsAgainstPerGame + HomeShotsOnTargetLast5,3,0.49605263157894736,1.0160555520858885,0.2028585753485072
AwayGDPerGame + HomePointsLast5 + HomeGoalsLast5,3,0.5118421052631579,1.0160618472425575,0.2029205107404561
ShotDiffLast5 + HomeGoalsPerGame + AwayGoalsAgainstPerGame,3,0.5085526315789474,1.0160642864273401,0.20268654290850524
ShotOTDiffLast5 + AwayElo + AwayPointsLast5,3,0.5026315789473684,1.016070253393428,0.2028563427758848
ShotDiffLast5 + GoalDiffLast5 + AwayShotsAgainstLast5,3,0.513157894736842,1.0160846897908384,0.202939530533481
HomeGoalsPerGame + HomeShotsAgainstLast5 + AwayShotsAgainstLast5,3,0.5111842105263158,1.0160856472215887,0.2023644635061005
GoalDiffLast5 + AwayGoalsAgainstPerGame + HomeShotsAgainstLast5,3,0.506578947368421,1.0160862163182736,0.20272068266483217
HomeGoalsPerGame + AwayGoalsAgainstPerGame + XGForDiffLast5,3,0.5138157894736842,1.0160967184732095,0.2029521209470186
GoalsAgainstPerGameDiff + HomeGoalsPerGame + AwayShotsAgainstLast5,3,0.5151315789473684,1.0161108538634043,0.20232855734381078
AwayElo + HomeGoalsPerGame + AwayPointsLast5,3,0.5019736842105263,1.0161125911255815,0.20298402060000456
GoalsPerGameDiff + HomeGDPerGame + AwayGoalsLast5,3,0.5177631578947368,1.0161211540454218,0.20286601972450696
ShotOTDiffLast5 + HomePointsLast5 + AwayPointsLast5,3,0.5013157894736843,1.0161225943833847,0.20286442547373912
GoalsPerGameDiff + AwayElo + AwayPPG,3,0.5151315789473685,1.0161242999377036,0.20314449055563658
HomePPG + AwayShotsAgainstLast5 + HomeShotsOnTargetAgainstLast5,3,0.5085526315789474,1.0161499688840283,0.20248114618544547
GoalsAgainstPerGameDiff + HomePointsLast5 + AwayGoalsLast5,3,0.5125,1.0161636940493795,0.2025253725931794
HomeShotsOnTargetLast5 + AwayShotsOnTargetAgainstLast5 + XGForDiffLast5,3,0.5203947368421054,1.016164651908426,0.20295212250960978
HomeElo + HomePPG + HomeShotsOnTargetAgainstLast5,3,0.4881578947368421,1.0161660641491117,0.20264589674013023
AwayPointsLast5 + XGAgainstDiffPg,2,0.5081081081081081,1.0161692461216427,0.20242345158067468
GoalsAgainstPerGameDiff + AwayGoalsAgainstLast5 + XGAgainstDiffPg,3,0.5094594594594595,1.0161712426616898,0.2021745087587549
ShotOTDiffLast5 + HomeGoalsPerGame + XGForDiffLast5,3,0.506578947368421,1.0161766794463054,0.20285539363164573
AwayPPG + HomeGoalsLast5 + HomeShotsAgainstLast5,3,0.5171052631578947,1.016197729071508,0.20294578670263677
GoalsAgainstPerGameDiff + HomeGoalsPerGame + AwayGoalsLast5,3,0.5131578947368421,1.016200349569063,0.202269588361734
HomeGDPerGame + HomePointsLast5 + AwayShotsOnTargetAgainstLast5,3,0.5203947368421052,1.0162032002948307,0.2025116992116917
AwayPointsLast5 + AwayGoalsLast5 + XGAgainstDiffPg,3,0.5114864864864865,1.0162050484732843,0.20241232027352146
ShotDiffLast5 + AwayGoalsAgainstPerGame + HomeGoalsLast5,3,0.5013157894736843,1.0162077962726368,0.20276651194419776
AwayElo + AwayShotsAgainstLast5 + XGForDiffLast5,3,0.5052631578947369,1.016210378745118,0.2030356858814396
HomeElo + HomePointsLast5 + HomeShotsAgainstLast5,3,0.4953947368421052,1.0162115290277827,0.20262422366701607
ShotOTDiffLast5 + ShotDiffLast5 + HomeGoalsPerGame,3,0.5092105263157894,1.0162129011877974,0.20260725264820675
GoalsPerGameDiff + HomeGoalsAgainstLast5,2,0.5052631578947369,1.016214039865037,0.20306753876905936
AwayGDPerGame + HomePointsLast5,2,0.5151315789473685,1.0162154273941404,0.20293474247448107
AwayGDPerGame + HomePointsLast5 + AwayPointsLast5,3,0.5151315789473685,1.0162392494924641,0.20301202619726708
HomeElo + HomeShotsAgainstLast5 + HomeShotsOnTargetAgainstLast5,3,0.4967105263157895,1.0162431850271891,0.20258964741590565
AwayPPG + AwayShotsOnTargetAgainstLast5 + XGAgainstDiffPg,3,0.5121621621621621,1.0162435141302142,0.20262095937329339
AwayShotsOnTargetLast5 + AwayShotsOnTargetAgainstLast5 + XGAgainstDiffPg,3,0.5175675675675675,1.0162468510816618,0.2025089068791966
GoalDiffLast5 + HomeGoalsAgainstLast5 + XGForDiffLast5,3,0.5065789473684211,1.0162546833734383,0.20301243755562134
GoalAgainstDiffLast5 + HomeGDPerGame + AwayShotsOnTargetLast5,3,0.5059210526315789,1.0162560741020172,0.20247440992039534
HomeElo + HomeGoalsPerGame + HomeShotsOnTargetAgainstLast5,3,0.48815789473684207,1.016263974396894,0.20266779921751468
GoalAgainstDiffLast5 + AwayShotsOnTargetLast5 + XGForDiffLast5,3,0.5046052631578948,1.0162659144486457,0.2029826133691775
HomeElo + HomeShotsOnTargetAgainstLast5,2,0.49276315789473685,1.0162692557084667,0.20265387071883456
GoalsAgainstPerGameDiff + GoalDiffLast5 + AwayShotsOnTargetAgainstLast5,3,0.5177631578947368,1.0162708710589898,0.20262766513263247
AwayPPG + AwayGoalsAgainstLast5 + XGAgainstDiffPg,3,0.5114864864864864,1.0162716483669223,0.2026298464524161
HomePPG + HomeShotsOnTargetAgainstLast5 + AwayShotsOnTargetAgainstLast5,3,0.5046052631578948,1.016273455108419,0.202496285983374
GoalsPerGameDiff + AwayElo + AwayGDPerGame,3,0.5151315789473685,1.0162793858260168,0.2031697402957663
HomeGoalsAgainstLast5 + AwayShotsAgainstLast5 + XGAgainstDiffPg,3,0.5108108108108108,1.0162942258240855,0.20254790469140413
HomeElo + HomePointsLast5 + HomeShotsOnTargetLast5,3,0.5013157894736843,1.0162945034057556,0.20267442139180616
HomeElo + HomeGDPerGame + HomeShotsOnTargetLast5,3,0.4967105263157895,1.0163036416003628,0.20266393496014487
GoalsPerGameDiff + HomeGoalsLast5 + AwayShotsAgainstLast5,3,0.5171052631578947,1.0163187862297893,0.20325566289055708
HomePPG + AwayGoalsAgainstPerGame + XGAgainstDiffLast5,3,0.5171052631578947,1.0163223343168433,0.20258964972087537
HomeGDPerGame + AwayGoalsAgainstLast5 + AwayShotsOnTargetLast5,3,0.5125,1.016333985894048,0.2024406740108381
ShotDiffLast5 + GoalDiffLast5 + AwayGoalsAgainstPerGame,3,0.5072368421052632,1.0163374094621909,0.20294552212798014
HomeGDPerGame + HomeShotsOnTargetLast5 + AwayShotsOnTargetAgainstLast5,3,0.5092105263157894,1.0163450302763262,0.20248368048990492
AwayPPG + AwayGoalsAgainstPerGame + XGAgainstDiffPg,3,0.5148648648648648,1.0163463877509922,0.20260700880157193
AwayPointsLast5 + HomeGoalsAgainstLast5 + XGForDiffLast5,3,0.5092105263157896,1.0163518729619525,0.20297448607830787
AwayElo + AwayGDPerGame + XGForDiffLast5,3,0.5013157894736843,1.0163685549746417,0.20304624844297936
AwayGDPerGame + AwayShotsOnTargetAgainstLast5 + XGAgainstDiffPg,3,0.5108108108108108,1.0163738189337512,0.20262257638540182
AwayGoalsAgainstLast5 + XGAgainstDiffPg + XGAgainstDiffLast5,3,0.5047297297297297,1.0163771089672835,0.2025728465033846
HomeElo + HomeGoalsPerGame + HomeShotsOnTargetLast5,3,0.5,1.0163993733486252,0.2026763707367191
AwayPPG + AwayGDPerGame + XGAgainstDiffPg,3,0.5121621621621621,1.0164052586920256,0.20259293235575354
GoalDiffLast5 + HomeGDPerGame + AwayShotsOnTargetLast5,3,0.5105263157894736,1.0164138673571097,0.20271863735636364
AwayGoalsLast5 + AwayShotsOnTargetAgainstLast5 + XGAgainstDiffPg,3,0.5108108108108108,1.0164140391991323,0.20249441290649078
GoalAgainstDiffLast5 + AwayGDPerGame + HomePointsLast5,3,0.5171052631578947,1.0164224352803395,0.20298134782036967
HomeElo + HomeGoalsLast5 + HomeShotsOnTargetLast5,3,0.49802631578947365,1.0164240602743864,0.20274974695205816
AwayPPG + HomeGoalsPerGame + AwayShotsOnTargetLast5,3,0.5092105263157894,1.016425233359094,0.20313362695231998
GoalsAgainstPerGameDiff + AwayGDPerGame + HomeShotsAgainstLast5,3,0.4993421052631578,1.016448323320225,0.20255147202429555
ShotDiffLast5 + AwayGoalsAgainstPerGame + HomeGoalsAgainstLast5,3,0.5111842105263157,1.016452764650345,0.2027567800837623
ShotDiffLast5 + AwayShotsOnTargetAgainstLast5 + XGForDiffLast5,3,0.5092105263157894,1.0164618291309822,0.2029012986755926
GoalsPerGameDiff + HomeGDPerGame + HomeGoalsPerGame,3,0.5164473684210527,1.0164623557690273,0.20300006459054337
GoalAgainstDiffLast5 + ShotDiffLast5 + HomeShotsOnTargetLast5,3,0.5078947368421053,1.0164758492391766,0.20280041135531618
ShotOTDiffLast5 + HomePPG + HomeGoalsPerGame,3,0.5046052631578948,1.0164767428622055,0.20284653802529054
AwayElo + AwayGoalsAgainstPerGame + XGForDiffLast5,3,0.5046052631578947,1.0164868217103442,0.20299619257130225
GoalsAgainstPerGameDiff + HomeShotsOnTargetLast5 + AwayShotsOnTargetAgainstLast5,3,0.5151315789473684,1.0164936152824107,0.202430116627222
GoalsPerGameDiff + AwayElo,2,0.5131578947368421,1.0165004774019053,0.20328237848198488
GoalDiffLast5 + HomePPG + HomeShotsAgainstLast5,3,0.5125,1.0165011364930578,0.20297210241826433
AwayShotsOnTargetAgainstLast5 + XGAgainstDiffPg + XGAgainstDiffLast5,3,0.5101351351351351,1.016505661307954,0.20253324086685176
GoalsPerGameDiff + HomeShotsOnTargetLast5,2,0.5125,1.0165060513776805,0.20314797288414418
GoalsAgainstPerGameDiff + HomeShotsAgainstLast5 + AwayShotsOnTargetAgainstLast5,3,0.5085526315789474,1.0165240095723997,0.20235203775932123
ShotDiffLast5 + HomeGoalsLast5 + HomeGoalsAgainstLast5,3,0.506578947368421,1.0165501988094556,0.20287330530778894
GoalAgainstDiffLast5 + XGAgainstDiffPg,2,0.5060810810810811,1.0165548811865266,0.20264298266301822
GoalsPerGameDiff + GoalDiffLast5 + AwayElo,3,0.5131578947368421,1.0165558454657844,0.203318694625223
AwayPPG + HomeGoalsPerGame + AwayShotsAgainstLast5,3,0.5118421052631579,1.0165560321956053,0.20317298910741693
GoalsAgainstPerGameDiff + HomePPG + AwayShotsAgainstLast5,3,0.5138157894736842,1.0165596181887677,0.2024225001778381
ShotDiffLast5 + AwayPointsLast5 + HomeShotsOnTargetAgainstLast5,3,0.5039473684210527,1.0165641718195988,0.20288670006562878
HomeGDPerGame + AwayShotsAgainstLast5 + AwayShotsOnTargetAgainstLast5,3,0.5171052631578947,1.016564715606785,0.20255502862901523
HomePPG + AwayShotsOnTargetAgainstLast5 + XGAgainstDiffLast5,3,0.5092105263157896,1.016577913513383,0.20258385590116246
AwayGDPerGame + HomePointsLast5 + AwayGoalsLast5,3,0.5144736842105263,1.0165805091866194,0.20301117412594485
AwayGDPerGame + HomePointsLast5 + HomeGoalsAgainstLast5,3,0.5111842105263158,1.0165899839567647,0.20298632585205745
GoalAgainstDiffLast5 + ShotDiffLast5 + HomeShotsOnTargetAgainstLast5,3,0.5046052631578948,1.016594935042084,0.2028565860197218
AwayGoalsAgainstPerGame + XGAgainstDiffPg + XGAgainstDiffLast5,3,0.5020270270270271,1.0166041803033026,0.20260901762989764
ShotOTDiffLast5 + HomeGoalsLast5 + HomeShotsAgainstLast5,3,0.5019736842105263,1.016605733697097,0.20293383043121932
HomeGoalsAgainstLast5 + AwayGoalsAgainstLast5 + XGForDiffLast5,3,0.5105263157894737,1.0166081712488642,0.20301103012613098
GoalAgainstDiffLast5 + HomeGoalsAgainstLast5 + XGForDiffLast5,3,0.5111842105263158,1.0166193123834155,0.20301320803622075
GoalAgainstDiffLast5 + AwayGoalsAgainstLast5 + XGForDiffLast5,3,0.5105263157894737,1.016636588441738,0.20301768702551892
AwayPPG + HomePointsLast5 + AwayShotsAgainstLast5,3,0.5203947368421052,1.0166500496359367,0.20312711315634513
AwayPPG + HomeGoalsLast5 + XGAgainstDiffLast5,3,0.5111842105263158,1.0166635468473537,0.2029877533218068
AwayPPG + AwayGDPerGame + HomePointsLast5,3,0.513157894736842,1.016677537538857,0.2030582114084244
GoalDiffLast5 + AwayPPG + HomeShotsAgainstLast5,3,0.5046052631578948,1.0167106390239447,0.20322184948343971
AwayElo + AwayGoalsAgainstLast5 + HomeShotsOnTargetLast5,3,0.49605263157894736,1.01671203933078,0.20310199850160987
ShotDiffLast5 + AwayElo + AwayPPG,3,0.49605263157894736,1.0167212795644947,0.20299735875065525
HomePPG + HomeGDPerGame + XGAgainstDiffLast5,3,0.5065789473684211,1.016725608032131,0.20270314978074444
HomeElo + HomeGDPerGame + HomeShotsOnTargetAgainstLast5,3,0.4868421052631579,1.0167259347621476,0.20275272056430968
HomeGoalsPerGame + AwayPointsLast5 + XGForDiffLast5,3,0.5111842105263158,1.0167280966680652,0.20308106508950913
HomeGoalsPerGame + AwayGoalsLast5 + XGAgainstDiffLast5,3,0.5144736842105263,1.0167306183118179,0.20267127962632417
AwayGDPerGame + HomeGoalsLast5 + HomeGoalsAgainstLast5,3,0.5072368421052631,1.0167337046576832,0.2029907486734916
AwayGoalsAgainstLast5 + AwayShotsOnTargetLast5 + XGAgainstDiffPg,3,0.5067567567567568,1.016738255602033,0.20264248332891474
AwayPPG + HomePointsLast5 + AwayShotsOnTargetAgainstLast5,3,0.5085526315789474,1.016741754325091,0.2030971287519471
ShotOTDiffLast5 + GoalAgainstDiffLast5 + GoalDiffLast5,3,0.5111842105263158,1.0167460860702033,0.20303526295660948
AwayShotsOnTargetAgainstLast5 + XGAgainstDiffPg,2,0.5074324324324324,1.016752915368998,0.2025315291405242
ShotOTDiffLast5 + HomePointsLast5 + AwayGoalsAgainstLast5,3,0.506578947368421,1.016753475091614,0.2030295742862172
GoalsPerGameDiff + GoalDiffLast5 + HomeShotsOnTargetLast5,3,0.5138157894736842,1.016758479427551,0.20319679550929057
AwayElo + HomeGoalsPerGame + AwayGoalsAgainstPerGame,3,0.5046052631578948,1.0167664692283491,0.20316464830927752
GoalsPerGameDiff + AwayGoalsLast5 + HomeGoalsAgainstLast5,3,0.5059210526315789,1.0167724976111516,0.20316946963302007
GoalsAgainstPerGameDiff + HomePointsLast5 + AwayShotsOnTargetAgainstLast5,3,0.5210526315789474,1.0167754177152257,0.2025735218634794
AwayGoalsAgainstPerGame + HomeGoalsAgainstLast5 + XGAgainstDiffPg,3,0.5060810810810811,1.0167836874641878,0.20253823952040884
GoalsPerGameDiff + AwayElo + AwayShotsAgainstLast5,3,0.5125000000000001,1.0167840049530423,0.2033726549733987
AwayShotsAgainstLast5 + HomeShotsOnTargetLast5 + XGForDiffLast5,3,0.5118421052631579,1.0167923447550398,0.2030844097364731
AwayGoalsLast5 + HomeShotsOnTargetLast5 + XGAgainstDiffLast5,3,0.5092105263157894,1.0168057442593068,0.20301532652513699
AwayElo + HomeGoalsLast5 + AwayShotsOnTargetLast5,3,0.5019736842105263,1.0168067600406319,0.20333140485603846
GoalsPerGameDiff + AwayElo + AwayPointsLast5,3,0.5111842105263158,1.0168092917944558,0.20333339791674193
AwayGoalsLast5 + HomeGoalsAgainstLast5 + XGForDiffLast5,3,0.5059210526315789,1.0168333485738654,0.2030658227454162
GoalAgainstDiffLast5 + AwayPointsLast5 + XGAgainstDiffPg,3,0.5033783783783784,1.0168339007575384,0.20270363725474463
ShotOTDiffLast5 + AwayGoalsAgainstPerGame + HomeGoalsAgainstLast5,3,0.5157894736842105,1.0168369727054145,0.20292328107148586
AwayPPG + HomePointsLast5 + HomeShotsOnTargetAgainstLast5,3,0.5092105263157896,1.0168442048481148,0.20310421378647212
ShotOTDiffLast5 + GoalAgainstDiffLast5 + AwayGDPerGame,3,0.5046052631578948,1.0168483104241441,0.20311797335952614
AwayGoalsAgainstPerGame + AwayShotsOnTargetLast5 + XGAgainstDiffPg,3,0.5135135135135136,1.0168536880579129,0.20263742213217992
GoalsPerGameDiff + HomeGoalsLast5 + HomeShotsOnTargetLast5,3,0.5144736842105263,1.0168565264819542,0.2031755629147866
HomeGoalsPerGame + AwayGoalsAgainstLast5 + XGForDiffLast5,3,0.5184210526315789,1.0168745110198336,0.20307961775210132
HomeElo + HomePPG,2,0.49671052631578944,1.0168806108189423,0.2028880358991138
GoalsAgainstPerGameDiff + HomeShotsAgainstLast5 + AwayShotsOnTargetLast5,3,0.5111842105263157,1.0169057189541173,0.20262118609515453
AwayElo + HomeGoalsAgainstLast5 + XGAgainstDiffLast5,3,0.5,1.0169147209951872,0.20318572171950205
AwayPPG + HomeShotsOnTargetLast5 + HomeShotsOnTargetAgainstLast5,3,0.5078947368421053,1.0169175165997018,0.20294221642079588
GoalsAgainstPerGameDiff + HomePointsLast5 + HomeShotsOnTargetLast5,3,0.5164473684210527,1.0169337574573585,0.2025633064868554
AwayPPG + HomeGoalsPerGame + AwayShotsOnTargetAgainstLast5,3,0.5118421052631579,1.0169443771781714,0.20316969410937546
HomeGDPerGame + AwayShotsAgainstLast5,2,0.5177631578947368,1.0169478364105482,0.20262259621219972
GoalsAgainstPerGameDiff + GoalDiffLast5 + HomeGoalsLast5,3,0.5171052631578947,1.0169478548280193,0.20273556602070336
HomeElo,1,0.4934210526315789,1.0169511267641982,0.20289184086836395
HomeShotsAgainstLast5 + AwayShotsAgainstLast5 + HomeShotsOnTargetLast5,3,0.5118421052631579,1.0169571682853606,0.20265722262139216
HomeGDPerGame + AwayGoalsAgainstPerGame + AwayPointsLast5,3,0.5171052631578947,1.0169640468238592,0.20267350594490913
AwayPPG + HomePointsLast5 + AwayShotsOnTargetLast5,3,0.5019736842105263,1.0169649744484857,0.20328154347286168
GoalsAgainstPerGameDiff + HomeGoalsLast5 + AwayGoalsLast5,3,0.5164473684210527,1.0169654602630571,0.20273666207867208
ShotDiffLast5 + AwayPPG + XGForDiffLast5,3,0.5059210526315789,1.0169678430991291,0.20313798182379897
ShotDiffLast5 + AwayPointsLast5 + HomeGoalsLast5,3,0.5151315789473684,1.0169679105034737,0.20303560850400232
HomeElo + HomeGoalsPerGame,2,0.49736842105263157,1.0169822749466368,0.20292676520929023
GoalAgainstDiffLast5 + AwayGDPerGame + HomeShotsOnTargetLast5,3,0.5125000000000001,1.0169837462946805,0.20306587908625948
GoalsAgainstPerGameDiff + GoalDiffLast5 + AwayGoalsLast5,3,0.5164473684210527,1.0169844377306023,0.20274392005472425
HomeGoalsPerGame + HomeShotsAgainstLast5 + AwayShotsOnTargetAgainstLast5,3,0.5039473684210527,1.016986670504786,0.202630362391317
ShotOTDiffLast5 + AwayShotsOnTargetAgainstLast5 + XGForDiffLast5,3,0.5092105263157894,1.0169867432122517,0.20314114771066516
HomeGoalsAgainstLast5 + AwayGoalsAgainstLast5 + XGAgainstDiffPg,3,0.504054054054054,1.0169876741338715,0.2027148532857796
GoalsPerGameDiff + AwayElo + AwayShotsOnTargetLast5,3,0.5125,1.0169904608505687,0.2033931696408603
AwayPPG + HomeGoalsLast5 + XGForDiffLast5,3,0.5105263157894736,1.0169931170738087,0.20333456307952624
ShotDiffLast5 + AwayGDPerGame + XGForDiffLast5,3,0.5078947368421053,1.016993459397634,0.20308223196553307
GoalAgainstDiffLast5 + HomeGoalsAgainstLast5 + XGAgainstDiffPg,3,0.5047297297297297,1.0169986324114209,0.202715706328547
HomeGoalsLast5 + AwayShotsOnTargetLast5 + XGAgainstDiffLast5,3,0.49802631578947365,1.0170078732936911,0.20313888221900456
AwayGoalsLast5 + AwayGoalsAgainstLast5 + XGAgainstDiffPg,3,0.5101351351351351,1.017011472254607,0.2026574550965298
GoalAgainstDiffLast5 + AwayGoalsAgainstLast5 + XGAgainstDiffPg,3,0.5033783783783784,1.017017598766926,0.2027211526244582
ShotOTDiffLast5 + AwayGoalsLast5 + HomeShotsAgainstLast5,3,0.5019736842105262,1.017022801980525,0.20296068836387496
HomeGoalsAgainstLast5 + HomeShotsOnTargetLast5 + XGForDiffLast5,3,0.5052631578947369,1.0170232425584669,0.20309766545855637
GoalsAgainstPerGameDiff + GoalDiffLast5 + HomeGoalsAgainstLast5,3,0.5078947368421052,1.017039949989222,0.2027620082334185
AwayGoalsAgainstPerGame + AwayGoalsLast5 + XGAgainstDiffPg,3,0.5141891891891892,1.0170636908892665,0.20261424162740946
AwayPPG + AwayShotsAgainstLast5 + XGAgainstDiffPg,3,0.5121621621621621,1.0170647300481153,0.20283979323871223
GoalAgainstDiffLast5 + ShotDiffLast5 + AwayGoalsLast5,3,0.5072368421052632,1.017072801678722,0.20298407258952494
GoalsAgainstPerGameDiff + HomeGDPerGame + AwayShotsOnTargetAgainstLast5,3,0.5203947368421052,1.0170819342367545,0.20227934130750042
HomeGoalsAgainstLast5 + AwayShotsOnTargetLast5 + XGForDiffLast5,3,0.5052631578947369,1.0170844128695435,0.20316396591931812
HomeGDPerGame + AwayShotsOnTargetLast5 + HomeShotsOnTargetAgainstLast5,3,0.5065789473684211,1.0170847144486213,0.2026035801612513
GoalAgainstDiffLast5 + AwayGDPerGame + HomeGoalsPerGame,3,0.5125,1.0170858944723644,0.20309767357101105
GoalsAgainstPerGameDiff + GoalDiffLast5 + AwayShotsOnTargetLast5,3,0.5105263157894737,1.0170920907465129,0.20282751282512018
GoalsAgainstPerGameDiff + AwayGDPerGame + HomeGoalsLast5,3,0.506578947368421,1.017096115655605,0.20280723183133856
AwayElo + HomeGoalsPerGame + AwayGoalsAgainstLast5,3,0.5046052631578948,1.0171060029721697,0.2032322408956718
GoalsPerGameDiff + HomePPG + HomeGoalsLast5,3,0.513157894736842,1.0171066452317419,0.20321336995381295
AwayElo + AwayGoalsAgainstLast5 + XGForDiffLast5,3,0.494078947368421,1.0171092880643195,0.20322331497830531
HomeGoalsLast5 + AwayShotsOnTargetAgainstLast5 + XGForDiffLast5,3,0.5111842105263158,1.017114701605586,0.2032786323710342
ShotDiffLast5 + HomeShotsAgainstLast5 + HomeShotsOnTargetLast5,3,0.5013157894736842,1.0171184875025299,0.20295112751382036
AwayPointsLast5 + AwayShotsOnTargetAgainstLast5 + XGAgainstDiffPg,3,0.5081081081081081,1.0171193373293936,0.20267456154507213
HomeElo + HomePointsLast5 + HomeShotsOnTargetAgainstLast5,3,0.49407894736842106,1.0171222049084565,0.20286286720228242
GoalsAgainstPerGameDiff + GoalDiffLast5 + AwayPointsLast5,3,0.5151315789473685,1.0171245105344577,0.20274677874806407
ShotOTDiffLast5 + HomePointsLast5 + AwayGoalsLast5,3,0.49407894736842106,1.0171277954171025,0.20313015173646976
ShotDiffLast5 + AwayElo + AwayShotsAgainstLast5,3,0.4993421052631579,1.0171378260812192,0.20305722789089534
HomeGoalsAgainstLast5 + XGForDiffLast5,2,0.5039473684210526,1.0171384992001908,0.20314804882056964
AwayShotsAgainstLast5 + AwayShotsOnTargetLast5 + XGAgainstDiffPg,3,0.5135135135135135,1.017139006503593,0.2027751636627111
HomeElo + HomeGoalsLast5 + HomeShotsOnTargetAgainstLast5,3,0.4888157894736842,1.0171450240517454,0.20289233803943438
ShotDiffLast5 + HomeGoalsPerGame + AwayShotsOnTargetLast5,3,0.513157894736842,1.0171747150337094,0.20287364742769032
ShotOTDiffLast5 + AwayElo,2,0.5052631578947369,1.0171888056332379,0.20313951300340913
ShotOTDiffLast5 + ShotDiffLast5 + HomeShotsOnTargetAgainstLast5,3,0.5019736842105262,1.01719000495939,0.2030142625086191
ShotOTDiffLast5 + HomeGoalsPerGame + HomeGoalsAgainstLast5,3,0.5013157894736842,1.0171951976286304,0.2029164841898952
GoalsAgainstPerGameDiff + AwayPointsLast5 + HomeShotsOnTargetLast5,3,0.5125000000000001,1.0172211836187044,0.20274039205777727
HomeGoalsPerGame + AwayGoalsLast5 + XGForDiffLast5,3,0.5078947368421053,1.017229084326308,0.20321661742323952
GoalsAgainstPerGameDiff + AwayShotsAgainstLast5 + XGAgainstDiffPg,3,0.5135135135135135,1.0172305563903101,0.20256512621935116
HomePPG + HomeGDPerGame + AwayShotsAgainstLast5,3,0.5144736842105263,1.0172336759943903,0.2026953467052551
AwayElo + HomeShotsOnTargetAgainstLast5 + AwayShotsOnTargetAgainstLast5,3,0.5019736842105263,1.0172498871383926,0.2030244612013509
HomeGDPerGame + AwayGoalsAgainstLast5 + AwayShotsAgainstLast5,3,0.5144736842105264,1.0172506281218328,0.20269943255660597
GoalAgainstDiffLast5 + HomeGDPerGame + AwayShotsAgainstLast5,3,0.5151315789473684,1.017257978602846,0.20267356094453648
HomePPG + AwayShotsAgainstLast5 + HomeShotsOnTargetLast5,3,0.5052631578947369,1.0172627454175833,0.20300950675599114
HomeElo + HomeGDPerGame,2,0.494078947368421,1.0172630142725843,0.2029643021957875
GoalsAgainstPerGameDiff + HomePointsLast5 + HomeShotsAgainstLast5,3,0.5197368421052632,1.01726461507413,0.2026778908390682
ShotDiffLast5 + AwayPointsLast5 + HomeGoalsAgainstLast5,3,0.4986842105263158,1.0172656754087452,0.20296746913166452
GoalsPerGameDiff + HomeGoalsPerGame + HomeGoalsAgainstLast5,3,0.5059210526315789,1.0172674184046198,0.20324699111444408
ShotOTDiffLast5 + AwayElo + AwayShotsOnTargetAgainstLast5,3,0.5006578947368421,1.0172818351213802,0.2031848722388657
ShotDiffLast5 + HomeGoalsPerGame,2,0.5092105263157894,1.017287002337783,0.20283644652031613
ShotDiffLast5 + AwayElo + AwayGDPerGame,3,0.5013157894736842,1.0172876436358091,0.2031235326201987
GoalDiffLast5 + HomeGoalsPerGame + XGForDiffLast5,3,0.5098684210526315,1.01728882573443,0.20324403478719227
GoalsPerGameDiff + AwayGoalsLast5 + HomeShotsOnTargetLast5,3,0.5118421052631579,1.0172958474480776,0.20332261424901554
AwayGDPerGame + AwayGoalsLast5 + XGForDiffLast5,3,0.5098684210526316,1.017305857235915,0.20306333205510368
HomeGoalsPerGame + XGForDiffLast5,2,0.5092105263157894,1.017314027938277,0.2032265381044754
GoalsAgainstPerGameDiff + GoalDiffLast5,2,0.5125000000000001,1.0173173690038362,0.20282664008562376
ShotOTDiffLast5 + GoalAgainstDiffLast5 + HomeGoalsLast5,3,0.5092105263157894,1.0173247013689677,0.20311274889099568
GoalsAgainstPerGameDiff + HomePPG + AwayGoalsLast5,3,0.5118421052631579,1.0173487138499329,0.20250647771076943
HomeShotsAgainstLast5 + HomeShotsOnTargetLast5 + AwayShotsOnTargetAgainstLast5,3,0.5078947368421053,1.0173487513306096,0.20275839552604488
ShotOTDiffLast5 + HomeShotsAgainstLast5,2,0.49605263157894736,1.017351880839421,0.20304409825773134
AwayGDPerGame + AwayShotsAgainstLast5 + XGAgainstDiffPg,3,0.5155405405405404,1.0173566292425686,0.20288450796072513
HomeGDPerGame + AwayPointsLast5 + HomeShotsOnTargetLast5,3,0.5210526315789474,1.0173613026381996,0.20298313832442652
GoalsAgainstPerGameDiff + HomeGoalsLast5 + AwayShotsAgainstLast5,3,0.5171052631578947,1.0173623679373243,0.2028021059112594
GoalsPerGameDiff + HomeGDPerGame + HomeGoalsLast5,3,0.5171052631578947,1.0173727095773881,0.20319871022723165
HomeGoalsLast5 + HomeGoalsAgainstLast5 + XGForDiffLast5,3,0.5,1.017378998178709,0.20322912129108142
ShotOTDiffLast5 + GoalAgainstDiffLast5 + AwayPPG,3,0.5052631578947369,1.0173864748854733,0.20326569990369564
ShotDiffLast5 + AwayElo + AwayGoalsAgainstPerGame,3,0.4993421052631579,1.0173930461732748,0.2030926860636235
ShotOTDiffLast5 + AwayGDPerGame + HomeGoalsLast5,3,0.5013157894736843,1.0173971868035032,0.20325452013544099
AwayGDPerGame + HomePointsLast5 + AwayGoalsAgainstLast5,3,0.5164473684210527,1.0174006804653488,0.2032107636285282
GoalsPerGameDiff + HomeGoalsPerGame + AwayShotsOnTargetAgainstLast5,3,0.5177631578947368,1.0174041284832112,0.20329282235617613
HomeElo + HomePPG + HomeGDPerGame,3,0.4927631578947368,1.0174045787796837,0.20299890136726556
GoalAgainstDiffLast5 + GoalsAgainstPerGameDiff + GoalDiffLast5,3,0.5052631578947369,1.017405013528482,0.20290082971611506
ShotDiffLast5 + HomeShotsAgainstLast5,2,0.5059210526315789,1.017407868895006,0.20305738549314195
ShotOTDiffLast5 + GoalAgainstDiffLast5 + HomeShotsOnTargetAgainstLast5,3,0.5039473684210527,1.0174173605122245,0.2031181051083618
AwayGDPerGame + AwayGoalsAgainstPerGame + HomePointsLast5,3,0.5111842105263158,1.017424114253496,0.20315791654312015
HomePPG + HomeGDPerGame + AwayShotsOnTargetLast5,3,0.5105263157894736,1.0174317849265622,0.20283521140958494
HomeGDPerGame + AwayGoalsLast5 + AwayShotsOnTargetLast5,3,0.5157894736842106,1.0174403363122513,0.20275022933679782
HomeGDPerGame + HomeGoalsLast5 + AwayShotsAgainstLast5,3,0.5151315789473685,1.0174411103948338,0.20278969582297163
AwayShotsAgainstLast5 + XGAgainstDiffPg + XGAgainstDiffLast5,3,0.5101351351351351,1.0174765788577889,0.20282516322744604
ShotDiffLast5 + HomeShotsAgainstLast5 + AwayShotsOnTargetLast5,3,0.5092105263157894,1.017488263587,0.2031041335027655
GoalsAgainstPerGameDiff + HomeGDPerGame + AwayGoalsLast5,3,0.5171052631578947,1.0174934555869997,0.20243694586654992
AwayGoalsAgainstPerGame + XGAgainstDiffPg,2,0.5081081081081081,1.0175055776538584,0.20267862941386344
HomeGDPerGame + HomePointsLast5 + XGAgainstDiffLast5,3,0.5019736842105263,1.0175257230749277,0.2028647091124952
GoalAgainstDiffLast5 + AwayGoalsAgainstPerGame + XGAgainstDiffPg,3,0.5006756756756757,1.0175262014837243,0.20285966957122045
ShotDiffLast5 + GoalDiffLast5 + HomeGoalsLast5,3,0.5138157894736842,1.0175476669785852,0.20326822474524353
ShotDiffLast5 + HomeGoalsLast5 + AwayGoalsLast5,3,0.513157894736842,1.0175538582686494,0.2032685206963973
GoalAgainstDiffLast5 + ShotDiffLast5 + AwayGoalsAgainstPerGame,3,0.5013157894736842,1.0175541079467518,0.20306842690664237
ShotDiffLast5 + GoalDiffLast5 + HomeShotsOnTargetLast5,3,0.5078947368421053,1.017558000734288,0.20326796935381225
GoalDiffLast5 + HomePointsLast5 + XGAgainstDiffLast5,3,0.5052631578947369,1.017563406494808,0.20320290718607395
ShotDiffLast5 + GoalDiffLast5 + AwayGoalsLast5,3,0.513157894736842,1.017565104057682,0.20327183959376047
HomePPG + AwayGoalsLast5 + AwayShotsOnTargetAgainstLast5,3,0.5197368421052632,1.0175692521588016,0.20314210359159401
GoalsAgainstPerGameDiff + HomeGoalsPerGame + AwayShotsOnTargetAgainstLast5,3,0.519078947368421,1.017571671077873,0.20253714182016078
HomeGoalsLast5 + AwayShotsAgainstLast5 + XGForDiffLast5,3,0.5125,1.0175829941401355,0.20337479976282516
ShotDiffLast5 + AwayElo + AwayGoalsAgainstLast5,3,0.4953947368421053,1.017597976540732,0.20317770711628613
HomeGDPerGame + XGAgainstDiffLast5,2,0.5032894736842105,1.01759959680882,0.202843526872478
AwayGoalsAgainstPerGame + HomePointsLast5 + HomeShotsAgainstLast5,3,0.4986842105263158,1.0176059382617184,0.203042265991453
ShotOTDiffLast5 + AwayGDPerGame + XGForDiffLast5,3,0.5032894736842105,1.0176290330338889,0.20332500195649358
GoalDiffLast5 + HomeGDPerGame + HomeShotsAgainstLast5,3,0.5144736842105263,1.0176310304802743,0.20317084056293175
HomePPG + HomeGoalsLast5 + XGAgainstDiffLast5,3,0.5013157894736843,1.0176343596481845,0.20298599681745866
ShotOTDiffLast5 + HomeGoalsPerGame + HomePointsLast5,3,0.5,1.0176383703721652,0.20308613524766542
GoalsAgainstPerGameDiff + GoalDiffLast5 + AwayGDPerGame,3,0.5118421052631579,1.0176386655891927,0.20298006074779615
AwayGoalsAgainstLast5 + XGAgainstDiffPg,2,0.5020270270270271,1.0176616255341062,0.2027792108240798
HomeGDPerGame + HomeGoalsLast5 + XGAgainstDiffLast5,3,0.506578947368421,1.0176658124725073,0.2029285598360859
HomeElo + HomeGoalsAgainstLast5 + HomeShotsAgainstLast5,3,0.4967105263157895,1.017669778113187,0.20286610878714142
GoalAgainstDiffLast5 + ShotDiffLast5 + AwayShotsAgainstLast5,3,0.5059210526315789,1.0176769893972797,0.20309025193233815
AwayGoalsAgainstPerGame + AwayPointsLast5 + XGAgainstDiffPg,3,0.5094594594594595,1.0176770403106898,0.20275364677810304
ShotOTDiffLast5 + AwayShotsAgainstLast5 + XGForDiffLast5,3,0.5026315789473684,1.0176815469433576,0.2032943740162324
GoalsAgainstPerGameDiff + GoalDiffLast5 + AwayPPG,3,0.5138157894736841,1.017688261333994,0.2030128522976042
HomeElo + HomeGoalsAgainstLast5 + HomeShotsOnTargetLast5,3,0.4993421052631579,1.0176901467518462,0.20293589955083227
ShotOTDiffLast5 + ShotDiffLast5 + HomeGoalsAgainstLast5,3,0.5052631578947369,1.0176936208543708,0.20308290041896426
HomeGoalsPerGame + AwayShotsOnTargetLast5 + XGForDiffLast5,3,0.5059210526315789,1.0177048899615542,0.20330126798414327
GoalsAgainstPerGameDiff + HomePPG + AwayShotsOnTargetAgainstLast5,3,0.5197368421052632,1.0177208267923887,0.20257040715407598
GoalDiffLast5 + AwayShotsOnTargetAgainstLast5 + XGForDiffLast5,3,0.5072368421052632,1.0177217732638821,0.20346475117182158
GoalAgainstDiffLast5 + GoalDiffLast5 + HomeGDPerGame,3,0.5098684210526316,1.0177290799445633,0.20315213892856837
GoalsAgainstPerGameDiff + HomePPG + HomeShotsAgainstLast5,3,0.5118421052631579,1.0177576165453024,0.20256652573760453
AwayGoalsAgainstLast5 + AwayShotsOnTargetAgainstLast5 + XGAgainstDiffPg,3,0.502027027027027,1.017767276743401,0.20281950223896322
HomeGDPerGame + HomeGoalsPerGame + AwayShotsAgainstLast5,3,0.5151315789473684,1.0177734933854172,0.20277023077441775
GoalAgainstDiffLast5 + ShotDiffLast5 + AwayPointsLast5,3,0.506578947368421,1.0177829784312857,0.20313748813605173
HomeGoalsLast5 + HomeShotsAgainstLast5 + AwayShotsAgainstLast5,3,0.5177631578947368,1.0177863965848846,0.2030444204813422
GoalAgainstDiffLast5 + ShotDiffLast5 + AwayShotsOnTargetAgainstLast5,3,0.5078947368421053,1.0177890695053287,0.2030175265875427
ShotOTDiffLast5 + AwayPPG + XGForDiffLast5,3,0.49868421052631584,1.0177983533924295,0.20343080553902473
ShotDiffLast5 + AwayShotsAgainstLast5 + XGForDiffLast5,3,0.5098684210526316,1.017806366090466,0.20323227036933933
AwayPointsLast5 + AwayGoalsAgainstLast5 + XGAgainstDiffPg,3,0.5013513513513513,1.0178077885683785,0.20283686775524074
ShotDiffLast5 + HomeGoalsPerGame + HomeGoalsLast5,3,0.5085526315789474,1.0178179108056553,0.20297463792939577
GoalDiffLast5 + HomeShotsAgainstLast5 + XGAgainstDiffLast5,3,0.5032894736842105,1.0178189747606443,0.20327766036848852
ShotDiffLast5 + AwayGoalsAgainstLast5 + HomeShotsOnTargetAgainstLast5,3,0.49605263157894736,1.0178240629335995,0.2031569546237648
HomeElo + HomeGoalsLast5,2,0.49605263157894736,1.0178342316598934,0.20313553533589682
GoalsPerGameDiff + GoalDiffLast5 + AwayShotsOnTargetAgainstLast5,3,0.5125,1.017840138318179,0.20351007138464033
HomePPG + AwayGoalsLast5 + AwayShotsAgainstLast5,3,0.5118421052631579,1.017840698610468,0.2032205297868771
GoalAgainstDiffLast5 + GoalDiffLast5 + HomePPG,3,0.5092105263157894,1.0178474732292826,0.20327050237316538
GoalDiffLast5 + AwayPPG + HomeGoalsPerGame,3,0.5138157894736842,1.0178485033508224,0.20351039190010645
GoalsPerGameDiff + AwayShotsOnTargetLast5 + AwayShotsOnTargetAgainstLast5,3,0.5144736842105264,1.0178485856937842,0.20350624765847783
GoalsPerGameDiff + AwayElo + AwayGoalsAgainstPerGame,3,0.518421052631579,1.0178543649451128,0.20350486135889692
GoalsPerGameDiff + AwayShotsOnTargetAgainstLast5,2,0.5157894736842106,1.0178565248118765,0.2034792514881281
GoalsAgainstPerGameDiff + HomeShotsOnTargetLast5 + HomeShotsOnTargetAgainstLast5,3,0.5223684210526316,1.0178607551924395,0.20260350957150583
AwayGoalsLast5 + AwayShotsAgainstLast5 + XGAgainstDiffPg,3,0.5141891891891892,1.017872383290961,0.20290059656373138
HomeGDPerGame + HomeGoalsLast5 + AwayShotsOnTargetLast5,3,0.5059210526315789,1.0178825142704544,0.20304917292817257
AwayGDPerGame + AwayShotsOnTargetAgainstLast5 + XGForDiffLast5,3,0.5013157894736843,1.0178893622487493,0.203446803167331
ShotDiffLast5 + GoalDiffLast5 + AwayGoalsAgainstLast5,3,0.5105263157894737,1.017900278931391,0.20333375954287483
AwayElo + HomeGoalsLast5 + AwayShotsOnTargetAgainstLast5,3,0.5046052631578947,1.0179054183120766,0.20359283521918795
GoalsAgainstPerGameDiff + GoalDiffLast5 + AwayGoalsAgainstPerGame,3,0.5144736842105263,1.0179187815721285,0.20292444547847996
AwayGoalsAgainstPerGame + AwayGoalsAgainstLast5 + XGAgainstDiffPg,3,0.508108108108108,1.0179200048683061,0.20280781043320317
AwayGoalsAgainstPerGame + AwayShotsOnTargetAgainstLast5 + XGAgainstDiffPg,3,0.5114864864864864,1.017941897722334,0.20282208264576282
AwayElo + HomeGoalsAgainstLast5 + HomeShotsOnTargetAgainstLast5,3,0.49934210526315786,1.0179433405817735,0.20326662306873
AwayPPG + AwayShotsOnTargetAgainstLast5 + XGForDiffLast5,3,0.49802631578947365,1.017943671204238,0.203490783269683
AwayGoalsLast5 + AwayShotsOnTargetAgainstLast5 + XGForDiffLast5,3,0.5059210526315789,1.0179474776559423,0.20335863152718608
GoalAgainstDiffLast5 + ShotDiffLast5,2,0.5059210526315789,1.0179475118058758,0.2031547017333409
HomeGDPerGame + HomeGoalsAgainstLast5 + AwayShotsAgainstLast5,3,0.5164473684210527,1.0179493737135252,0.20279199618835278
ShotDiffLast5 + GoalDiffLast5,2,0.5059210526315789,1.017954818965329,0.2034173672127021
HomeGDPerGame + HomeGoalsPerGame + XGAgainstDiffLast5,3,0.513157894736842,1.017958604950272,0.20289753324993406
GoalAgainstDiffLast5 + AwayShotsOnTargetAgainstLast5 + XGAgainstDiffPg,3,0.504054054054054,1.017968025780985,0.2029310667096286
GoalsPerGameDiff + AwayGoalsLast5 + AwayShotsOnTargetAgainstLast5,3,0.5177631578947368,1.0179739596814303,0.2034554646797868
GoalsPerGameDiff + HomeGoalsPerGame + AwayShotsAgainstLast5,3,0.5111842105263158,1.0179780158417664,0.2035186563563829
ShotOTDiffLast5 + HomeGoalsAgainstLast5 + HomeShotsAgainstLast5,3,0.5059210526315789,1.0179993267586074,0.20312303227241038
ShotDiffLast5 + HomeShotsOnTargetLast5 + AwayShotsOnTargetAgainstLast5,3,0.5032894736842105,1.0180043696219783,0.20310051627660217
AwayShotsAgainstLast5 + XGAgainstDiffPg,2,0.5128378378378379,1.0180066899568325,0.2029240506929468
AwayPPG + AwayGoalsLast5 + XGForDiffLast5,3,0.5072368421052631,1.0180157427060292,0.20335189123038072
AwayGoalsAgainstPerGame + HomeShotsOnTargetLast5 + XGForDiffLast5,3,0.5078947368421052,1.0180217479491134,0.20322113189748583
GoalsPerGameDiff + HomeGoalsPerGame + HomeShotsOnTargetLast5,3,0.5125000000000001,1.0180328922983648,0.20344430578735703
GoalAgainstDiffLast5 + HomePPG + AwayShotsOnTargetLast5,3,0.5092105263157894,1.0180349328984588,0.20317835453140037
HomeElo + HomePPG + HomeGoalsPerGame,3,0.4986842105263158,1.018049958666336,0.20315483513544627
ShotDiffLast5 + GoalDiffLast5 + AwayPointsLast5,3,0.5105263157894737,1.0180532159816276,0.20343115656494584
HomePPG + HomeShotsOnTargetLast5 + AwayShotsOnTargetAgainstLast5,3,0.5059210526315789,1.0180555834841756,0.20317007874908166
ShotOTDiffLast5 + HomePointsLast5 + HomeShotsOnTargetLast5,3,0.4993421052631579,1.0180598199543158,0.20336667811492865
ShotOTDiffLast5 + HomePointsLast5 + AwayShotsOnTargetLast5,3,0.4993421052631579,1.0180611197892695,0.20336728579184804
ShotOTDiffLast5 + GoalDiffLast5 + HomeShotsOnTargetAgainstLast5,3,0.5039473684210527,1.0180669271528613,0.20330190739816598
HomePointsLast5 + HomeShotsOnTargetLast5 + AwayShotsOnTargetLast5,3,0.49868421052631584,1.0180704269904581,0.20336959209033997
HomePointsLast5 + AwayShotsOnTargetLast5 + AwayShotsOnTargetAgainstLast5,3,0.5111842105263158,1.0180717663821213,0.20338015978091487
GoalsPerGameDiff + AwayGoalsAgainstPerGame + AwayShotsOnTargetAgainstLast5,3,0.5184210526315789,1.0180763132109252,0.2035109793020243
ShotOTDiffLast5 + AwayElo + AwayShotsAgainstLast5,3,0.5,1.018080707778843,0.20338735256520638
ShotDiffLast5 + HomeGoalsAgainstLast5 + HomeShotsAgainstLast5,3,0.5039473684210526,1.018112792176251,0.20313560041671966
HomeElo + HomePointsLast5,2,0.4947368421052631,1.018137585994314,0.2031526085805968
AwayPointsLast5 + AwayShotsAgainstLast5 + XGAgainstDiffPg,3,0.5101351351351351,1.0181401387306779,0.2029712526868471
GoalsAgainstPerGameDiff + AwayPPG + HomeShotsAgainstLast5,3,0.511842105263158,1.0181528294370814,0.20286606702198645
HomePPG + XGAgainstDiffLast5,2,0.5026315789473684,1.018153299364846,0.20307697040388756
HomeGDPerGame + HomePointsLast5 + AwayPointsLast5,3,0.5118421052631579,1.018158663582088,0.20323129046465557
HomePointsLast5 + AwayShotsAgainstLast5 + AwayShotsOnTargetLast5,3,0.5144736842105264,1.018176931160621,0.20343768925071595
HomeGDPerGame + AwayShotsOnTargetLast5,2,0.5105263157894737,1.0181912153514396,0.20291608158429167
HomeGDPerGame + AwayGoalsAgainstPerGame + HomeShotsOnTargetAgainstLast5,3,0.5098684210526315,1.0181972481044212,0.20273195379116177
HomeElo + HomeGDPerGame + HomeGoalsPerGame,3,0.4967105263157895,1.018207035414781,0.20321385245456963
HomePPG + HomeGDPerGame + AwayShotsOnTargetAgainstLast5,3,0.5059210526315789,1.0182075712332181,0.20289445824766492
AwayPointsLast5 + AwayShotsOnTargetAgainstLast5 + XGForDiffLast5,3,0.5072368421052631,1.01821320116775,0.2034846814213972
GoalsAgainstPerGameDiff + HomePointsLast5 + AwayPointsLast5,3,0.5144736842105263,1.0182138730329025,0.20308782568976624
ShotOTDiffLast5 + AwayElo + AwayPPG,3,0.5019736842105263,1.018217851078973,0.20340556473662905
ShotOTDiffLast5 + GoalAgainstDiffLast5 + AwayShotsAgainstLast5,3,0.5078947368421052,1.0182219705442301,0.20332027022869706
AwayGDPerGame + HomeShotsAgainstLast5 + AwayShotsOnTargetAgainstLast5,3,0.5019736842105263,1.018223035323342,0.20314897996670833
GoalsAgainstPerGameDiff + AwayShotsOnTargetLast5 + XGAgainstDiffLast5,3,0.5085526315789474,1.018235846837257,0.20303854736145013
HomePPG + AwayPointsLast5 + AwayShotsAgainstLast5,3,0.5059210526315789,1.018236953972517,0.20336411870389196
GoalsPerGameDiff + AwayPointsLast5 + AwayShotsOnTargetAgainstLast5,3,0.5157894736842106,1.0182373250704138,0.20356529202261
GoalDiffLast5 + AwayGDPerGame + XGAgainstDiffLast5,3,0.5032894736842105,1.0182476422803064,0.20350210453552312
ShotDiffLast5 + AwayGoalsLast5 + HomeShotsOnTargetAgainstLast5,3,0.49999999999999994,1.0182527723419623,0.2033310640508733
HomeGoalsPerGame + HomeShotsOnTargetLast5 + XGAgainstDiffLast5,3,0.5059210526315789,1.018255802432692,0.20304407532480614
HomeElo + HomeGoalsAgainstLast5 + HomeShotsOnTargetAgainstLast5,3,0.4901315789473684,1.0182602598019832,0.20302088207593535
HomePPG + HomeShotsAgainstLast5 + XGAgainstDiffLast5,3,0.5032894736842106,1.0182671012334785,0.20316080601327036
ShotOTDiffLast5 + HomeShotsAgainstLast5 + AwayShotsOnTargetLast5,3,0.49144736842105263,1.0182704118550863,0.20324557673303814
HomeShotsAgainstLast5 + HomeShotsOnTargetLast5 + AwayShotsOnTargetLast5,3,0.49144736842105263,1.0182820690088648,0.20324824215737025
ShotOTDiffLast5 + HomeShotsAgainstLast5 + HomeShotsOnTargetLast5,3,0.49144736842105263,1.0182881978622036,0.20324879292611175
HomeElo + HomeGoalsPerGame + HomeGoalsLast5,3,0.49934210526315786,1.0182933026886123,0.20319664336028637
GoalsAgainstPerGameDiff + AwayGoalsLast5 + HomeShotsAgainstLast5,3,0.5026315789473684,1.018301715899402,0.20283071126312657
HomeElo + HomeGoalsPerGame + HomePointsLast5,3,0.49934210526315786,1.0183312715685358,0.20318788839618954
HomeGDPerGame + AwayGoalsAgainstLast5 + XGAgainstDiffLast5,3,0.5157894736842106,1.0183319771180024,0.20295469336760277
GoalsPerGameDiff + HomeGoalsLast5 + AwayShotsOnTargetLast5,3,0.5052631578947369,1.0183344242837578,0.20371525570527937
GoalsPerGameDiff + AwayGoalsAgainstPerGame + HomeGoalsLast5,3,0.5157894736842106,1.0183387467897873,0.2035805734920981
GoalsAgainstPerGameDiff + GoalDiffLast5 + AwayGoalsAgainstLast5,3,0.5125000000000001,1.0183415076346871,0.20306117970089088
ShotOTDiffLast5 + ShotDiffLast5 + AwayGDPerGame,3,0.5,1.0183502439553043,0.20335622901683983
GoalsAgainstPerGameDiff + HomePPG + HomeShotsOnTargetLast5,3,0.5144736842105263,1.0183753272601321,0.2026849142842335
AwayGoalsAgainstPerGame + AwayShotsOnTargetAgainstLast5 + XGForDiffLast5,3,0.5098684210526316,1.0183877560882872,0.20347351217899542
ShotOTDiffLast5 + GoalDiffLast5 + HomePointsLast5,3,0.49934210526315786,1.0183955884424656,0.20341127370179984
HomeElo + HomePPG + HomeGoalsLast5,3,0.494078947368421,1.0183984121527765,0.20325162882476344
AwayElo + HomeGoalsLast5 + AwayShotsAgainstLast5,3,0.5072368421052632,1.0184064461834488,0.20373740211980063
AwayElo + HomeGoalsLast5,2,0.5072368421052631,1.0184108945403516,0.2036884431348309
GoalDiffLast5 + HomeShotsOnTargetAgainstLast5 + AwayShotsOnTargetAgainstLast5,3,0.5138157894736842,1.018411849027203,0.20336975357107617
HomeGDPerGame + HomeShotsOnTargetAgainstLast5 + XGAgainstDiffLast5,3,0.5144736842105263,1.01842387434101,0.2030468730205273
GoalsAgainstPerGameDiff + HomeGoalsPerGame + HomeShotsOnTargetLast5,3,0.5190789473684211,1.0184245786586263,0.20270685523558457
HomePointsLast5 + HomeShotsAgainstLast5 + AwayShotsOnTargetLast5,3,0.5032894736842105,1.018426815386138,0.2034359712545194
HomeGDPerGame + AwayGoalsLast5 + HomeShotsOnTargetLast5,3,0.5072368421052632,1.0184463039230232,0.20321405351921348
ShotDiffLast5 + AwayGoalsAgainstPerGame + XGForDiffLast5,3,0.5052631578947367,1.018449386044002,0.20330768733107688
ShotOTDiffLast5 + HomePointsLast5 + HomeGoalsAgainstLast5,3,0.49276315789473685,1.0184544015973445,0.20343406647024517
HomeGDPerGame + AwayPointsLast5 + HomeShotsOnTargetAgainstLast5,3,0.5098684210526316,1.0184563479224207,0.20307132067358175
GoalDiffLast5 + HomeGDPerGame + AwayPointsLast5,3,0.5138157894736842,1.018457595212267,0.2033179480655202
GoalsPerGameDiff + AwayElo + AwayGoalsAgainstLast5,3,0.5138157894736842,1.0184591357807191,0.20367252029987634
AwayShotsOnTargetAgainstLast5 + XGForDiffLast5,2,0.5052631578947367,1.0184611591587882,0.203554688542883
GoalsPerGameDiff + AwayShotsAgainstLast5 + AwayShotsOnTargetAgainstLast5,3,0.5085526315789474,1.018462266035159,0.2037417154556918
GoalsAgainstPerGameDiff + AwayPPG + HomeGoalsLast5,3,0.5138157894736842,1.0184625597251,0.20312248708284986
HomeGoalsPerGame + AwayPointsLast5 + XGAgainstDiffLast5,3,0.5144736842105263,1.0184697627511323,0.203059250320467
ShotOTDiffLast5 + ShotDiffLast5 + GoalDiffLast5,3,0.5059210526315789,1.01847032549783,0.20350852391344154
GoalsAgainstPerGameDiff + HomeGoalsPerGame + HomeShotsOnTargetAgainstLast5,3,0.5151315789473685,1.0184862568443611,0.20263258452056954
AwayGoalsAgainstPerGame + HomeShotsOnTargetLast5 + XGAgainstDiffLast5,3,0.5013157894736842,1.0184980385087536,0.20317672638777018
HomeElo + HomeGDPerGame + HomePointsLast5,3,0.4901315789473684,1.0184989522648746,0.20323976391228415
GoalAgainstDiffLast5 + ShotDiffLast5 + AwayShotsOnTargetLast5,3,0.5039473684210526,1.018512513381983,0.20331381698134984
HomePointsLast5 + HomeShotsOnTargetLast5 + XGAgainstDiffLast5,3,0.5026315789473684,1.0185209951334162,0.2033647399546441
HomeGDPerGame + AwayGoalsLast5 + HomeShotsAgainstLast5,3,0.5046052631578948,1.0185346623641838,0.20311274757772987
GoalsAgainstPerGameDiff + HomeGoalsPerGame + AwayPointsLast5,3,0.5171052631578947,1.0185354692410467,0.2028830702536159
AwayPPG + HomeGoalsAgainstLast5 + HomeShotsOnTargetLast5,3,0.5125,1.0185421387040248,0.20332465170621117
GoalsPerGameDiff + AwayPPG + HomeGoalsPerGame,3,0.5151315789473684,1.0185574984621464,0.20364518163221615
HomeElo + HomePPG + HomePointsLast5,3,0.4947368421052631,1.01856095670413,0.2032492684589998
GoalsPerGameDiff + AwayGoalsAgainstPerGame + AwayShotsAgainstLast5,3,0.5118421052631579,1.0185855650333115,0.2036928376787887
HomeElo + HomeGDPerGame + HomeGoalsLast5,3,0.4921052631578947,1.0185938769554257,0.20330857775813324
ShotOTDiffLast5 + ShotDiffLast5 + AwayPPG,3,0.4993421052631579,1.0186038306735536,0.20344366990802867
HomeGDPerGame + AwayShotsOnTargetAgainstLast5,2,0.5098684210526315,1.018612216870057,0.20293515662891293
AwayGDPerGame + AwayPointsLast5 + XGForDiffLast5,3,0.5046052631578948,1.01862286735765,0.2035233937739502
ShotOTDiffLast5 + AwayElo + AwayGoalsAgainstPerGame,3,0.5006578947368421,1.0186420001657819,0.20344094182561523
ShotDiffLast5 + HomeGoalsLast5 + AwayGoalsAgainstLast5,3,0.5072368421052631,1.0186652595482528,0.2033528851083538
ShotOTDiffLast5 + ShotDiffLast5 + AwayShotsOnTargetAgainstLast5,3,0.5013157894736843,1.0186705193577783,0.20331583789665278
HomePPG + HomeShotsOnTargetAgainstLast5 + XGAgainstDiffLast5,3,0.5026315789473684,1.0186796080893692,0.20322899136014957
ShotDiffLast5 + AwayGoalsLast5 + HomeGoalsAgainstLast5,3,0.5013157894736842,1.018680001009509,0.20335773646748984
ShotDiffLast5 + HomeGoalsLast5 + XGForDiffLast5,3,0.5059210526315789,1.0186898405385392,0.20349122094762845
ShotOTDiffLast5 + AwayGoalsAgainstPerGame + XGForDiffLast5,3,0.506578947368421,1.0186908742440033,0.20343416734034003
GoalsPerGameDiff + GoalDiffLast5 + AwayShotsAgainstLast5,3,0.5164473684210527,1.0186999239297243,0.20379622218354174
GoalsPerGameDiff + AwayShotsAgainstLast5 + AwayShotsOnTargetLast5,3,0.5125,1.0187108945247054,0.20380136894460604
GoalDiffLast5 + AwayShotsAgainstLast5 + XGForDiffLast5,3,0.5039473684210526,1.0187122150864996,0.20367547732747787
GoalsPerGameDiff + AwayShotsAgainstLast5,2,0.5138157894736842,1.0187178080450046,0.20377278301336585
AwayGoalsAgainstPerGame + HomeGoalsLast5 + XGForDiffLast5,3,0.506578947368421,1.0187213330812805,0.20352133891233545
ShotOTDiffLast5 + HomeShotsAgainstLast5 + HomeShotsOnTargetAgainstLast5,3,0.4993421052631579,1.0187230165450165,0.20331225059070945
HomeGoalsPerGame + HomeShotsOnTargetLast5 + XGForDiffLast5,3,0.5078947368421053,1.0187250700883796,0.2034687297610089
HomeGDPerGame + AwayGoalsAgainstPerGame + HomePointsLast5,3,0.5072368421052631,1.0187300367276704,0.20312258819771123
HomeGoalsLast5 + HomeShotsAgainstLast5 + AwayShotsOnTargetAgainstLast5,3,0.5013157894736843,1.0187318049021994,0.2032930916346466
ShotOTDiffLast5 + HomeGoalsPerGame + AwayGoalsAgainstPerGame,3,0.5098684210526316,1.0187361671408044,0.20347287735496977
AwayElo + AwayPointsLast5 + XGAgainstDiffLast5,3,0.4934210526315789,1.0187494175158267,0.20355926515067346
GoalsPerGameDiff + AwayPPG + AwayShotsOnTargetAgainstLast5,3,0.5164473684210527,1.0187516515087114,0.20368124641115773
ShotOTDiffLast5 + HomePointsLast5,2,0.49473684210526314,1.018753010833824,0.20349500766008735
ShotDiffLast5 + HomeGoalsAgainstLast5 + AwayGoalsAgainstLast5,3,0.5039473684210526,1.018757311885992,0.20333422556572225
GoalAgainstDiffLast5 + ShotDiffLast5 + HomeGoalsAgainstLast5,3,0.5039473684210526,1.018759251137414,0.2033346151809827
GoalAgainstDiffLast5 + AwayShotsAgainstLast5 + XGAgainstDiffPg,3,0.5094594594594595,1.0187618117353425,0.20320155955722438
AwayGDPerGame + HomeShotsAgainstLast5 + XGAgainstDiffLast5,3,0.4960526315789473,1.0187686733113002,0.2033170210305464
GoalDiffLast5 + AwayPPG + XGAgainstDiffLast5,3,0.5006578947368422,1.0187706382790267,0.2036685956330086
GoalAgainstDiffLast5 + ShotDiffLast5 + AwayGoalsAgainstLast5,3,0.5046052631578947,1.018770828441711,0.20333734553406474
HomeGoalsPerGame + HomeGoalsLast5 + XGForDiffLast5,3,0.5085526315789474,1.0187747523321713,0.20353293764848893
HomeElo + HomePointsLast5 + HomeGoalsLast5,3,0.4953947368421053,1.0187763318255825,0.20330446876678804
ShotDiffLast5 + GoalDiffLast5 + XGForDiffLast5,3,0.5111842105263158,1.018776817128465,0.20359231018980964
AwayElo + HomeGoalsLast5 + AwayGoalsLast5,3,0.5078947368421053,1.0187869073033808,0.20376586710569083
GoalsAgainstPerGameDiff + HomeGoalsPerGame + HomePointsLast5,3,0.5184210526315789,1.0187938391257303,0.20283287229267638
ShotOTDiffLast5 + GoalAgainstDiffLast5 + AwayGoalsAgainstPerGame,3,0.5052631578947369,1.0187989430215059,0.20347036562109674
HomePPG + AwayGoalsLast5 + HomeShotsAgainstLast5,3,0.5046052631578948,1.0188024348701612,0.20337560957759948
GoalDiffLast5 + AwayElo + HomeGoalsLast5,3,0.5085526315789474,1.0188041048171448,0.20377057463704476
GoalDiffLast5 + AwayElo + AwayGoalsLast5,3,0.5072368421052631,1.018804494851994,0.2037701265676312
ShotDiffLast5 + HomeShotsAgainstLast5 + HomeShotsOnTargetAgainstLast5,3,0.5032894736842105,1.0188232909950623,0.20336208895724667
HomePointsLast5 + AwayGoalsLast5 + XGAgainstDiffLast5,3,0.5013157894736842,1.0188257401428802,0.2034790458313166
GoalsPerGameDiff + AwayGoalsLast5 + AwayShotsAgainstLast5,3,0.513157894736842,1.0188457183685808,0.20375369199370408
ShotOTDiffLast5 + AwayElo + AwayGDPerGame,3,0.49802631578947365,1.0188631843441533,0.20356034172227888
HomePPG + AwayPointsLast5 + HomeShotsOnTargetLast5,3,0.5105263157894737,1.018866138464338,0.20347268925405712
GoalsAgainstPerGameDiff + HomeGoalsLast5 + AwayShotsOnTargetAgainstLast5,3,0.5125000000000001,1.0188668213131902,0.20302560893570812
HomeElo + HomePPG + HomeGoalsAgainstLast5,3,0.49276315789473685,1.0188724075959845,0.20329159802526153
GoalsAgainstPerGameDiff + HomeGDPerGame + AwayPointsLast5,3,0.5131578947368421,1.018881341200768,0.20285507371278266
AwayGDPerGame + HomeShotsAgainstLast5 + AwayShotsAgainstLast5,3,0.49934210526315786,1.018885467344281,0.20332216355182434
GoalsAgainstPerGameDiff + AwayElo + HomeGoalsAgainstLast5,3,0.4993421052631579,1.018893191482084,0.20330266064702449
GoalsAgainstPerGameDiff + HomePPG + AwayPointsLast5,3,0.513157894736842,1.018895807288136,0.2029872165084871
AwayShotsOnTargetLast5 + AwayShotsOnTargetAgainstLast5 + XGForDiffLast5,3,0.5046052631578947,1.0188972471465216,0.20365869996656127
HomePPG + AwayShotsOnTargetLast5 + HomeShotsOnTargetAgainstLast5,3,0.5098684210526315,1.0189049424197039,0.2033799972495323
AwayElo + AwayShotsOnTargetLast5 + HomeShotsOnTargetAgainstLast5,3,0.49539473684210533,1.0189078500283624,0.20343674611812665
GoalsPerGameDiff + AwayGDPerGame + AwayShotsOnTargetAgainstLast5,3,0.5164473684210525,1.0189096207201496,0.20370241420698132
ShotDiffLast5 + GoalDiffLast5 + AwayShotsOnTargetLast5,3,0.506578947368421,1.018911025457756,0.2036487124283073
AwayPPG + AwayShotsAgainstLast5 + XGForDiffLast5,3,0.5,1.0189110826538312,0.2036986822351584
ShotDiffLast5 + HomeGoalsLast5 + AwayShotsOnTargetLast5,3,0.5006578947368422,1.0189347400282882,0.20356263406605726
GoalDiffLast5 + HomeGDPerGame + AwayGoalsAgainstLast5,3,0.5151315789473685,1.018936003112755,0.2033614527205084
HomeElo + HomeGoalsPerGame + HomeGoalsAgainstLast5,3,0.4921052631578947,1.0189382421996505,0.20331858788228246
HomePPG + AwayGoalsAgainstLast5 + XGAgainstDiffLast5,3,0.5125,1.0189550970822623,0.20324462036132174
GoalDiffLast5 + AwayGDPerGame + XGForDiffLast5,3,0.49868421052631573,1.0189624102918473,0.20372881890404174
ShotOTDiffLast5 + AwayGoalsAgainstLast5 + HomeShotsOnTargetAgainstLast5,3,0.506578947368421,1.018965340533061,0.20342837482403875
AwayPPG + HomeGoalsPerGame + AwayGoalsLast5,3,0.5098684210526316,1.018980850079657,0.203689361827455
ShotOTDiffLast5 + HomeGoalsPerGame + AwayPointsLast5,3,0.5078947368421053,1.019000828224498,0.20342958320979096
AwayPPG + AwayPointsLast5 + XGForDiffLast5,3,0.49934210526315786,1.019011693352844,0.20372808808864742
ShotOTDiffLast5 + GoalDiffLast5 + HomeGoalsAgainstLast5,3,0.4947368421052631,1.0190147128045555,0.20353053931816872
AwayGoalsAgainstLast5 + AwayShotsAgainstLast5 + XGAgainstDiffPg,3,0.5074324324324325,1.0190211468496817,0.20318024687238723
GoalAgainstDiffLast5 + GoalDiffLast5 + HomeShotsAgainstLast5,3,0.5046052631578948,1.0190217165492503,0.20358374911161983
HomeElo + HomeGoalsAgainstLast5,2,0.4901315789473684,1.0190296240413474,0.20330985134003976
AwayShotsAgainstLast5 + AwayShotsOnTargetAgainstLast5 + XGForDiffLast5,3,0.5092105263157894,1.0190330252159834,0.20373705559397615
ShotDiffLast5 + HomeShotsOnTargetLast5 + HomeShotsOnTargetAgainstLast5,3,0.5,1.0190373755634443,0.20343116794478366
GoalDiffLast5 + AwayPPG + XGForDiffLast5,3,0.494078947368421,1.019038049744738,0.20383734132402587
AwayGoalsAgainstPerGame + HomePointsLast5 + XGAgainstDiffLast5,3,0.5177631578947368,1.0190408069436658,0.20336351481792309
GoalAgainstDiffLast5 + GoalDiffLast5 + AwayElo,3,0.5039473684210527,1.019046953212165,0.20383147356174341
ShotOTDiffLast5 + GoalAgainstDiffLast5 + AwayGoalsLast5,3,0.5032894736842105,1.0190544032124602,0.20355411696644027
AwayPPG + AwayGDPerGame + HomeGoalsPerGame,3,0.5131578947368421,1.0190662544792348,0.20375155040451562
HomeElo + HomeGDPerGame + HomeGoalsAgainstLast5,3,0.4901315789473684,1.0190684456546704,0.20332383947697613
AwayPointsLast5 + HomeShotsOnTargetLast5 + XGAgainstDiffLast5,3,0.5072368421052631,1.0190689552989367,0.20349255295001034
ShotOTDiffLast5 + AwayGDPerGame + HomeShotsOnTargetLast5,3,0.5046052631578948,1.0190744529761573,0.20356670889982317
AwayPPG + HomeGoalsPerGame,2,0.5105263157894737,1.0190769573566996,0.20373418821371325
ShotOTDiffLast5 + AwayGDPerGame + AwayShotsOnTargetLast5,3,0.5046052631578948,1.0190778749038758,0.20356782977420498
AwayGDPerGame + HomeShotsOnTargetLast5 + AwayShotsOnTargetLast5,3,0.5046052631578948,1.019080018396051,0.20356803383959074
HomeGDPerGame + HomeGoalsAgainstLast5 + AwayShotsOnTargetAgainstLast5,3,0.5151315789473684,1.019082932760725,0.20296956533914018
GoalsPerGameDiff + AwayPointsLast5 + AwayShotsAgainstLast5,3,0.5131578947368421,1.0190834899571366,0.2038559003185535
ShotOTDiffLast5 + AwayPPG + HomeGoalsLast5,3,0.49736842105263157,1.0190898408739284,0.2036730450322716
GoalsPerGameDiff + AwayGoalsAgainstLast5 + AwayShotsOnTargetAgainstLast5,3,0.5144736842105263,1.0190907019813404,0.20374993046380793
AwayGDPerGame + AwayShotsAgainstLast5 + XGForDiffLast5,3,0.5052631578947369,1.019093513558454,0.20369402615290147
AwayPPG + HomeGoalsPerGame + HomeGoalsLast5,3,0.5118421052631579,1.0190962637855703,0.2037509635780105
HomeGDPerGame + HomeShotsAgainstLast5 + XGAgainstDiffLast5,3,0.5006578947368421,1.0191088011935123,0.2032249711387982
AwayElo + HomeShotsOnTargetAgainstLast5,2,0.4953947368421053,1.0191123074073558,0.20349296388481256
GoalsAgainstPerGameDiff + HomeGoalsLast5 + HomeShotsOnTargetAgainstLast5,3,0.5072368421052631,1.0191145084279967,0.20296472164216658
ShotOTDiffLast5 + GoalAgainstDiffLast5 + AwayShotsOnTargetAgainstLast5,3,0.5078947368421052,1.0191165528336783,0.20345158897532326
AwayGDPerGame + XGForDiffLast5,2,0.5039473684210526,1.0191183697879906,0.20371133786169227
AwayGoalsLast5 + AwayShotsAgainstLast5 + XGForDiffLast5,3,0.5105263157894737,1.0191241270964762,0.2036105771846084
AwayPPG + AwayGoalsAgainstPerGame + HomePointsLast5,3,0.5105263157894737,1.0191298762113679,0.20363127586511173
GoalDiffLast5 + AwayShotsAgainstLast5 + HomeShotsOnTargetAgainstLast5,3,0.5026315789473684,1.019134814373476,0.20346872469842325
HomeGDPerGame + AwayGoalsAgainstPerGame + HomeShotsOnTargetLast5,3,0.5131578947368421,1.0191352914840215,0.20313670995600294
ShotDiffLast5 + AwayShotsAgainstLast5 + HomeShotsOnTargetLast5,3,0.5059210526315789,1.0191402045768352,0.20342575993469267
ShotDiffLast5 + AwayGDPerGame + AwayShotsOnTargetAgainstLast5,3,0.49276315789473685,1.0191422708598405,0.20352636491786044
GoalAgainstDiffLast5 + HomeGDPerGame + AwayGoalsLast5,3,0.5046052631578948,1.0191497548628428,0.20325978785447862
HomeGDPerGame + HomeGoalsLast5 + AwayShotsOnTargetAgainstLast5,3,0.5177631578947368,1.0191552593227304,0.20313314721148124
HomePPG + HomeGoalsPerGame + XGAgainstDiffLast5,3,0.5059210526315789,1.0191603153773885,0.20319481617710183
GoalsAgainstPerGameDiff + HomeShotsAgainstLast5 + XGAgainstDiffLast5,3,0.5092105263157894,1.0191663569473646,0.20311485564837947
ShotOTDiffLast5 + HomePointsLast5 + HomeGoalsLast5,3,0.4967105263157895,1.0191741035972801,0.2035783345929805
ShotOTDiffLast5 + AwayPointsLast5 + HomeShotsOnTargetAgainstLast5,3,0.5026315789473684,1.019177685179728,0.20351474998715782
GoalsAgainstPerGameDiff + HomeGoalsLast5 + HomeShotsOnTargetLast5,3,0.5052631578947369,1.01918148246738,0.20301096225022186
ShotDiffLast5 + HomeGoalsPerGame + HomeShotsOnTargetLast5,3,0.5118421052631579,1.0191820878748203,0.20315764228043331
ShotDiffLast5 + AwayPPG + AwayShotsOnTargetAgainstLast5,3,0.4953947368421053,1.019205127735144,0.2035019105124813
AwayElo + AwayPointsLast5 + HomeGoalsLast5,3,0.506578947368421,1.019207527104506,0.20386061433093103
HomePPG + HomePointsLast5 + XGAgainstDiffLast5,3,0.4993421052631578,1.019211397781853,0.20329096541366223
ShotOTDiffLast5 + GoalAgainstDiffLast5 + AwayPointsLast5,3,0.5032894736842105,1.0192165047232842,0.20357650614058015
AwayGoalsAgainstPerGame + AwayShotsAgainstLast5 + XGForDiffLast5,3,0.5078947368421053,1.0192380320829126,0.20364889561452051
AwayElo + AwayGDPerGame + HomeGoalsLast5,3,0.5046052631578948,1.0192425359725847,0.2038681725547151
AwayElo + AwayGoalsAgainstLast5 + XGAgainstDiffLast5,3,0.4842105263157894,1.0192432054089362,0.20372036885437741
AwayGoalsAgainstPerGame + AwayShotsAgainstLast5 + XGAgainstDiffPg,3,0.5114864864864864,1.0192446490277842,0.20320090367089366
AwayGDPerGame + AwayShotsOnTargetLast5 + XGForDiffLast5,3,0.5046052631578948,1.0192490323254053,0.20370784497551117
HomeGDPerGame + HomeGoalsAgainstLast5 + XGAgainstDiffLast5,3,0.5085526315789474,1.0192662508961643,0.20307881686595866
HomePPG + AwayPointsLast5 + HomeShotsOnTargetAgainstLast5,3,0.5072368421052632,1.019268121909256,0.2035223233563983
ShotOTDiffLast5 + AwayElo + AwayGoalsAgainstLast5,3,0.4986842105263158,1.0192700510121009,0.2036381301042586
GoalDiffLast5 + AwayGDPerGame + HomeShotsOnTargetAgainstLast5,3,0.506578947368421,1.0192953380168794,0.2036039858143043
HomeGoalsPerGame + HomePointsLast5 + XGAgainstDiffLast5,3,0.5085526315789474,1.0193023742754304,0.2032307365738367
HomePointsLast5 + AwayPointsLast5 + HomeShotsAgainstLast5,3,0.4953947368421052,1.019315925963134,0.2037493493417721
AwayPPG + XGForDiffLast5,2,0.5,1.0193167355896102,0.2038403327093524
HomeElo + HomePointsLast5 + HomeGoalsAgainstLast5,3,0.4901315789473684,1.019317264013213,0.20345303107248383
AwayElo + AwayShotsAgainstLast5 + HomeShotsOnTargetAgainstLast5,3,0.5026315789473684,1.019319580767435,0.20345296919439573
AwayPPG + HomeGoalsPerGame + AwayPointsLast5,3,0.5118421052631579,1.0193555778900982,0.20379514604802482
AwayShotsAgainstLast5 + AwayShotsOnTargetAgainstLast5 + XGAgainstDiffPg,3,0.5135135135135135,1.0193679189924763,0.20324906666485135
HomePPG + HomePointsLast5 + AwayShotsOnTargetLast5,3,0.5125,1.0193863297264751,0.20358870311090518
GoalDiffLast5 + HomePPG + AwayShotsOnTargetLast5,3,0.506578947368421,1.0193868165653468,0.20369108855294343
ShotOTDiffLast5 + GoalAgainstDiffLast5,2,0.5039473684210527,1.0194043387960396,0.2036193050467974
GoalDiffLast5 + AwayGoalsAgainstPerGame + XGAgainstDiffLast5,3,0.5052631578947369,1.019405845654209,0.20361350045477633
ShotOTDiffLast5 + GoalAgainstDiffLast5 + HomeShotsOnTargetLast5,3,0.5032894736842105,1.0194078527417263,0.2036422340282231
ShotOTDiffLast5 + GoalAgainstDiffLast5 + AwayShotsOnTargetLast5,3,0.5032894736842105,1.01941231614392,0.20364331295853583
GoalAgainstDiffLast5 + HomeShotsOnTargetLast5 + AwayShotsOnTargetLast5,3,0.5032894736842105,1.019414638924176,0.20364375196958331
HomeGDPerGame + AwayGoalsLast5 + AwayGoalsAgainstLast5,3,0.5157894736842105,1.0194235732457406,0.20323313027759551
HomeGoalsPerGame + AwayShotsAgainstLast5 + HomeShotsOnTargetAgainstLast5,3,0.5072368421052632,1.0194252675747344,0.20300367918888212
ShotOTDiffLast5 + HomeGoalsPerGame + AwayGoalsAgainstLast5,3,0.506578947368421,1.019429380685178,0.20351851057356304
GoalDiffLast5 + AwayPPG + HomePointsLast5,3,0.5046052631578948,1.0194311202108681,0.20382350083551112
HomeGDPerGame + HomeGoalsPerGame + AwayShotsOnTargetAgainstLast5,3,0.5085526315789474,1.019458492569347,0.20309705755051216
GoalsAgainstPerGameDiff + AwayGoalsLast5 + XGAgainstDiffLast5,3,0.5092105263157894,1.0194589747487177,0.2032428262154124
HomePPG + AwayGoalsAgainstPerGame + HomeShotsAgainstLast5,3,0.5026315789473684,1.0194625006956946,0.20319748139987204
GoalsPerGameDiff + AwayPPG + AwayShotsAgainstLast5,3,0.5118421052631579,1.0194645704507657,0.20394562743776504
HomePPG + HomePointsLast5 + AwayShotsAgainstLast5,3,0.5072368421052631,1.0194699662055386,0.2035297881317717
AwayGoalsAgainstLast5 + AwayShotsOnTargetAgainstLast5 + XGForDiffLast5,3,0.5032894736842105,1.0194727826568388,0.2037770864776983
ShotDiffLast5 + HomeShotsOnTargetLast5 + XGForDiffLast5,3,0.5092105263157894,1.0194793093151298,0.20360121598075845
AwayShotsAgainstLast5 + XGForDiffLast5,2,0.5059210526315789,1.0194992564329044,0.20378018757371097
GoalsAgainstPerGameDiff + HomeGDPerGame + HomeShotsOnTargetLast5,3,0.5125000000000001,1.0195060208881137,0.20291644535108067
HomePPG + HomeGDPerGame + AwayPointsLast5,3,0.5111842105263158,1.0195209044987998,0.20341147823717987
HomePPG + AwayPointsLast5 + AwayShotsOnTargetAgainstLast5,3,0.5065789473684211,1.0195249826328143,0.20361936849665577
AwayElo + AwayGoalsLast5 + HomeShotsOnTargetAgainstLast5,3,0.4960526315789474,1.0195329742548063,0.20356178474498499
HomeGDPerGame + AwayPointsLast5 + AwayGoalsLast5,3,0.5118421052631579,1.0195334348857092,0.203356124448269
ShotDiffLast5 + AwayPointsLast5 + XGForDiffLast5,3,0.5078947368421053,1.0195487312415836,0.2036641452486212
GoalDiffLast5 + AwayGDPerGame + HomeShotsOnTargetLast5,3,0.5078947368421053,1.019549690251028,0.20373698863531478
GoalDiffLast5 + AwayGoalsAgainstPerGame + XGForDiffLast5,3,0.5,1.0195598876628207,0.20378610312883816
GoalsPerGameDiff + AwayGoalsAgainstLast5 + AwayShotsAgainstLast5,3,0.5125,1.0195604078440845,0.20393211510488465
GoalsAgainstPerGameDiff + AwayPointsLast5 + HomeShotsAgainstLast5,3,0.5072368421052632,1.019568016797142,0.20316341974516458
AwayPPG + AwayGoalsAgainstPerGame + XGForDiffLast5,3,0.5046052631578947,1.0195721800623783,0.20374604743365077
ShotOTDiffLast5 + ShotDiffLast5 + HomeGoalsLast5,3,0.5059210526315789,1.019587621671906,0.20361412433107332
GoalDiffLast5 + HomeShotsOnTargetAgainstLast5 + XGAgainstDiffLast5,3,0.506578947368421,1.0195968059089915,0.20370851253850283
AwayPointsLast5 + AwayShotsAgainstLast5 + XGForDiffLast5,3,0.5052631578947369,1.0196033484420408,0.20378937020996712
HomeGoalsPerGame + HomeShotsAgainstLast5 + AwayShotsOnTargetLast5,3,0.5092105263157894,1.019614534991475,0.20340440476507607
ShotDiffLast5 + AwayGoalsLast5 + XGForDiffLast5,3,0.5078947368421052,1.019621142079963,0.20365887153381088
AwayPPG + AwayGDPerGame + XGForDiffLast5,3,0.5065789473684211,1.0196256261307939,0.20383209348000336
AwayElo + AwayPPG + HomeGoalsLast5,3,0.5059210526315789,1.0196391355272336,0.20398295129613225
ShotDiffLast5 + HomeGoalsAgainstLast5 + HomeShotsOnTargetLast5,3,0.5118421052631579,1.0196435832978072,0.2035046944591269
ShotOTDiffLast5 + ShotDiffLast5 + AwayShotsAgainstLast5,3,0.4921052631578947,1.0196493124021344,0.20359138316096773
AwayPPG + AwayShotsOnTargetLast5 + XGForDiffLast5,3,0.4973684210526315,1.0196563743578964,0.20390639719791567
AwayElo + AwayGoalsAgainstPerGame + HomeGoalsLast5,3,0.5032894736842105,1.019684057598445,0.2039410861758303
ShotDiffLast5 + HomeShotsOnTargetAgainstLast5,2,0.4927631578947368,1.0196869445635675,0.2036228981166239
ShotDiffLast5 + HomeGoalsAgainstLast5 + HomeShotsOnTargetAgainstLast5,3,0.5046052631578948,1.0196924132856924,0.20354494365782858
GoalAgainstDiffLast5 + HomeGDPerGame + XGAgainstDiffLast5,3,0.5072368421052631,1.019698897412852,0.20327359248141452
AwayGoalsAgainstPerGame + HomePointsLast5 + AwayShotsOnTargetLast5,3,0.5098684210526316,1.0197079071037038,0.2037815878056484
AwayElo + AwayPointsLast5 + HomeShotsOnTargetAgainstLast5,3,0.49473684210526314,1.0197080763982809,0.20361900488898538
ShotDiffLast5 + XGForDiffLast5,2,0.5085526315789474,1.0197106169693353,0.20370178668751468
HomeGDPerGame + HomePointsLast5 + AwayGoalsLast5,3,0.5059210526315789,1.0197363901686802,0.20354986727306004
ShotOTDiffLast5 + GoalDiffLast5 + XGForDiffLast5,3,0.5039473684210527,1.0197395537199982,0.20384196011670103
ShotOTDiffLast5 + HomeGoalsLast5 + HomeShotsOnTargetAgainstLast5,3,0.4953947368421052,1.019740044130941,0.2036660764440622
GoalsPerGameDiff + AwayGDPerGame + AwayShotsAgainstLast5,3,0.513157894736842,1.0197557119744272,0.20397332211391234
AwayPPG + HomeGoalsLast5 + HomeShotsOnTargetAgainstLast5,3,0.5078947368421053,1.019756548214106,0.2036849529583765
ShotDiffLast5 + HomeGoalsLast5,2,0.506578947368421,1.0197636590827168,0.20366270486966057
AwayGoalsAgainstPerGame + HomeShotsAgainstLast5 + HomeShotsOnTargetLast5,3,0.4947368421052632,1.0197644705432298,0.20336773046146736
ShotDiffLast5 + AwayGDPerGame,2,0.49276315789473685,1.0197945894144986,0.20369048505426904
ShotOTDiffLast5 + AwayGoalsLast5 + XGForDiffLast5,3,0.506578947368421,1.0198031324894297,0.20374757022810303
GoalAgainstDiffLast5 + AwayPPG + HomeShotsOnTargetLast5,3,0.5105263157894737,1.0198304654307693,0.2037973933506832
HomeGoalsPerGame + AwayShotsAgainstLast5 + XGAgainstDiffLast5,3,0.5131578947368421,1.0198335367004567,0.20326042508088502
GoalsAgainstPerGameDiff + AwayPointsLast5 + HomeGoalsLast5,3,0.5078947368421053,1.0198392363807147,0.20339836085184934
ShotDiffLast5 + AwayShotsOnTargetLast5 + HomeShotsOnTargetAgainstLast5,3,0.49605263157894736,1.019843099805633,0.20368248652273213
ShotOTDiffLast5 + GoalDiffLast5 + HomeGoalsPerGame,3,0.4980263157894737,1.019868065042744,0.20367444657136627
HomeElo + HomeGoalsLast5 + HomeGoalsAgainstLast5,3,0.49276315789473685,1.0198685717853693,0.2035400728199628
HomeGDPerGame + AwayGoalsAgainstLast5 + AwayShotsOnTargetAgainstLast5,3,0.5105263157894737,1.0198742568822772,0.20322335216903412
HomePPG + AwayPointsLast5 + AwayShotsOnTargetLast5,3,0.5144736842105263,1.0198874190200258,0.20370100356472853
ShotOTDiffLast5 + HomeGoalsLast5 + AwayShotsAgainstLast5,3,0.5039473684210526,1.019900018918498,0.2038075749895071
AwayElo + AwayPPG + HomeShotsOnTargetAgainstLast5,3,0.5,1.0199280733170653,0.2037027259944296
AwayGDPerGame + HomeGoalsLast5 + HomeShotsOnTargetLast5,3,0.5111842105263158,1.0199300217997858,0.2036940509145794
ShotDiffLast5 + AwayGoalsAgainstPerGame + HomeShotsOnTargetLast5,3,0.5039473684210526,1.0199369903730064,0.2035114532476268
GoalAgainstDiffLast5 + HomeGDPerGame + AwayShotsOnTargetAgainstLast5,3,0.5164473684210527,1.0199374804864563,0.20316983898445043
ShotDiffLast5 + AwayGDPerGame + AwayPointsLast5,3,0.5006578947368421,1.0199381008372534,0.20370994447167928
GoalDiffLast5 + HomeGoalsLast5 + XGAgainstDiffLast5,3,0.4993421052631579,1.0199456464137884,0.20376518071923622
GoalsPerGameDiff + AwayGoalsLast5 + AwayShotsOnTargetLast5,3,0.5019736842105263,1.0199494347226756,0.20392758128934793
HomeGDPerGame + HomeGoalsAgainstLast5 + AwayShotsOnTargetLast5,3,0.5098684210526315,1.0199512697699182,0.20322401289679543
GoalDiffLast5 + HomePPG + HomeShotsOnTargetAgainstLast5,3,0.4986842105263158,1.0199528040325199,0.2037502202031938
HomeGoalsLast5 + AwayGoalsLast5 + XGAgainstDiffLast5,3,0.5006578947368421,1.019959010521055,0.20376716496832836
HomePPG + HomeGoalsLast5 + AwayShotsOnTargetLast5,3,0.5078947368421053,1.0199626767116514,0.20380956951624524
GoalDiffLast5 + AwayGoalsLast5 + XGAgainstDiffLast5,3,0.4993421052631579,1.0199712690882556,0.20377050549797304
AwayShotsAgainstLast5 + AwayShotsOnTargetLast5 + XGForDiffLast5,3,0.5078947368421053,1.0199761071240747,0.2038894738895725
HomeGDPerGame + HomeGoalsPerGame + AwayShotsOnTargetLast5,3,0.5006578947368421,1.01998388738091,0.20331805008634712
ShotDiffLast5 + AwayGoalsAgainstLast5 + XGForDiffLast5,3,0.5013157894736842,1.0199867882055027,0.2037076582290328
AwayElo + XGAgainstDiffLast5,2,0.48684210526315785,1.019988263884751,0.2039136163204192
ShotOTDiffLast5 + ShotDiffLast5 + XGForDiffLast5,3,0.5105263157894737,1.019988987317484,0.2037140757466512
GoalsAgainstPerGameDiff + AwayGDPerGame + XGAgainstDiffLast5,3,0.505921052631579,1.020002143186637,0.2034199793867698
AwayPPG + HomeGoalsPerGame + AwayGoalsAgainstPerGame,3,0.5118421052631579,1.0200050468471726,0.20392855605159088
HomeGoalsPerGame + AwayGoalsAgainstPerGame + XGAgainstDiffLast5,3,0.5151315789473684,1.0200199698870378,0.20336167209773623
AwayElo + AwayShotsOnTargetLast5 + XGAgainstDiffLast5,3,0.49276315789473685,1.0200333292442416,0.20393048203265535
ShotOTDiffLast5 + HomeGoalsPerGame + AwayGoalsLast5,3,0.5019736842105263,1.0200336095489742,0.2036983019626014
ShotDiffLast5 + AwayGDPerGame + AwayShotsOnTargetLast5,3,0.49671052631578944,1.0200419618931431,0.20370111258093193
AwayGoalsAgainstPerGame + AwayGoalsLast5 + XGForDiffLast5,3,0.5092105263157896,1.02004759510227,0.20372818463938405
GoalAgainstDiffLast5 + AwayElo + HomeShotsOnTargetAgainstLast5,3,0.49013157894736836,1.0200696480292557,0.2038936708014059
AwayPointsLast5 + HomeShotsAgainstLast5 + HomeShotsOnTargetLast5,3,0.5092105263157894,1.0200943614956417,0.20371159183457876
HomePPG + HomeGoalsAgainstLast5 + XGAgainstDiffLast5,3,0.5032894736842105,1.0201044775162795,0.2034735838013306
GoalsPerGameDiff + AwayGoalsAgainstPerGame + AwayShotsOnTargetLast5,3,0.5118421052631579,1.0201137052616853,0.20403280159365086
GoalsPerGameDiff + AwayGDPerGame + HomeGoalsLast5,3,0.5125,1.0201152229906132,0.20401552870300943
AwayGDPerGame + HomeGoalsPerGame + HomeGoalsLast5,3,0.5118421052631579,1.020128021492686,0.2039548528637275
ShotDiffLast5 + AwayGDPerGame + AwayGoalsLast5,3,0.49868421052631573,1.0201296133546762,0.20369861270692557
AwayGDPerGame + AwayGoalsAgainstPerGame + XGForDiffLast5,3,0.5092105263157896,1.0201374066679705,0.203843459200726
GoalAgainstDiffLast5 + HomePPG + XGAgainstDiffLast5,3,0.5013157894736842,1.0201380221814316,0.20349937483846017
HomePPG + HomePointsLast5 + AwayShotsOnTargetAgainstLast5,3,0.5026315789473684,1.020140971785815,0.20367443568470636
ShotOTDiffLast5 + AwayPointsLast5 + HomeGoalsAgainstLast5,3,0.5085526315789474,1.0201425706110991,0.20373484986766574
HomeGoalsPerGame + HomeShotsOnTargetAgainstLast5 + AwayShotsOnTargetAgainstLast5,3,0.5,1.0201479402919635,0.20321455467250554
HomeGoalsPerGame + AwayPointsLast5 + HomeShotsAgainstLast5,3,0.5019736842105263,1.020166047361663,0.20365473175612797
GoalsPerGameDiff + AwayPPG + HomeGoalsLast5,3,0.5131578947368421,1.0201698909583024,0.20411728824555314
GoalDiffLast5 + HomeShotsOnTargetLast5 + XGForDiffLast5,3,0.5019736842105263,1.0201707496586645,0.20398832773838768
ShotOTDiffLast5 + HomeGoalsLast5 + XGForDiffLast5,3,0.5092105263157894,1.0201788183127916,0.20391521754317432
GoalDiffLast5 + HomeGDPerGame + HomeShotsOnTargetAgainstLast5,3,0.5085526315789474,1.0201941983964173,0.20370418472965254
ShotDiffLast5 + AwayPPG + AwayGDPerGame,3,0.49276315789473685,1.020200586473478,0.20378093780827092
ShotDiffLast5 + AwayShotsOnTargetLast5 + XGForDiffLast5,3,0.5092105263157894,1.0202009225002793,0.2038188521466397
HomePointsLast5 + AwayPointsLast5 + XGAgainstDiffLast5,3,0.513157894736842,1.0202060219730977,0.20377028720428958
AwayPPG + HomePointsLast5 + AwayGoalsLast5,3,0.5111842105263158,1.020210619642437,0.20394797885216542
GoalAgainstDiffLast5 + GoalsAgainstPerGameDiff + HomeShotsOnTargetLast5,3,0.5177631578947368,1.020211511096227,0.2033224841240573
HomePointsLast5 + AwayShotsAgainstLast5 + HomeShotsOnTargetLast5,3,0.5046052631578948,1.0202144240350697,0.20382603701464985
ShotOTDiffLast5 + HomeGoalsAgainstLast5 + AwayGoalsAgainstLast5,3,0.4986842105263158,1.0202156117188683,0.20377690274302399
ShotOTDiffLast5 + GoalAgainstDiffLast5 + HomeGoalsAgainstLast5,3,0.4986842105263158,1.020217975007587,0.2037783674632287
ShotOTDiffLast5 + GoalAgainstDiffLast5 + AwayGoalsAgainstLast5,3,0.4993421052631579,1.0202412574216544,0.20378359179093616
GoalsPerGameDiff + HomeGoalsLast5 + AwayGoalsAgainstLast5,3,0.5164473684210527,1.020259749224586,0.20402881943045814
ShotDiffLast5 + AwayPointsLast5 + HomeShotsOnTargetLast5,3,0.5118421052631579,1.0202652494644466,0.2036779621916605
GoalsPerGameDiff + AwayPointsLast5 + HomeGoalsLast5,3,0.5171052631578947,1.0202682344733498,0.20417190179146547
ShotOTDiffLast5 + HomeGoalsLast5 + AwayShotsOnTargetAgainstLast5,3,0.5046052631578947,1.0202766144461612,0.2038628481329755
HomeGoalsPerGame + HomePointsLast5 + AwayShotsOnTargetLast5,3,0.5019736842105263,1.020287986603126,0.20372160873496156
GoalsAgainstPerGameDiff + HomeGDPerGame + HomeShotsAgainstLast5,3,0.5144736842105263,1.020289843099205,0.2030482885955804
ShotDiffLast5 + HomeGoalsAgainstLast5 + AwayShotsOnTargetLast5,3,0.4993421052631579,1.0202905235865272,0.20372200039420518
GoalDiffLast5 + AwayShotsOnTargetLast5 + XGAgainstDiffLast5,3,0.49736842105263157,1.0202941187109056,0.20396547779987126
GoalsAgainstPerGameDiff + HomePointsLast5 + HomeShotsOnTargetAgainstLast5,3,0.5184210526315789,1.020296654612725,0.20327096425564986
AwayGDPerGame + AwayGoalsAgainstLast5 + XGForDiffLast5,3,0.5,1.0203014147871907,0.20396555475757183
GoalsAgainstPerGameDiff + HomeShotsOnTargetLast5,2,0.5125,1.0203096798655065,0.20318831842039065
GoalsPerGameDiff + GoalDiffLast5 + AwayGoalsAgainstPerGame,3,0.5157894736842106,1.020312670638669,0.20403624432792658
AwayElo + AwayGoalsLast5 + XGAgainstDiffLast5,3,0.48684210526315785,1.0203138752464678,0.20395302164406512
ShotDiffLast5 + AwayPPG,2,0.5,1.0203226136334982,0.2038282520406315
HomePointsLast5 + HomeShotsOnTargetAgainstLast5 + AwayShotsOnTargetAgainstLast5,3,0.49736842105263157,1.0203316932071689,0.20372336721059817
AwayPPG + HomeShotsAgainstLast5 + AwayShotsOnTargetAgainstLast5,3,0.49407894736842106,1.020332181885141,0.20356378131697217
ShotOTDiffLast5 + ShotDiffLast5 + AwayGoalsAgainstPerGame,3,0.49605263157894736,1.0203372523717245,0.20370679971485792
ShotDiffLast5 + AwayGDPerGame + AwayShotsAgainstLast5,3,0.5006578947368421,1.0203381284770043,0.2038036533018181
HomePPG + AwayGoalsLast5 + HomeShotsOnTargetLast5,3,0.5032894736842106,1.0203395814778766,0.20379798295222842
ShotDiffLast5 + HomeGoalsAgainstLast5,2,0.5111842105263158,1.0203477821202516,0.2036956988045641
GoalAgainstDiffLast5 + HomePPG + AwayShotsAgainstLast5,3,0.5059210526315789,1.0203477980494604,0.203643619471789
GoalDiffLast5 + HomePPG + AwayGoalsAgainstPerGame,3,0.5138157894736841,1.020358651929716,0.20379881955583745
AwayPPG + HomeGoalsPerGame + AwayGoalsAgainstLast5,3,0.5164473684210527,1.0203593861662998,0.2039938852426476
AwayPointsLast5 + HomeShotsOnTargetLast5 + XGForDiffLast5,3,0.5006578947368421,1.0203658472335895,0.20396455446792439
GoalAgainstDiffLast5 + AwayGDPerGame + HomeGoalsLast5,3,0.5118421052631579,1.0203723434102834,0.20389461823732072
AwayGDPerGame + AwayShotsAgainstLast5 + HomeShotsOnTargetLast5,3,0.5026315789473684,1.0203732691818228,0.2038475988050495
GoalDiffLast5 + AwayPointsLast5 + XGAgainstDiffLast5,3,0.5026315789473684,1.0203737375526556,0.20389119819248644
HomePointsLast5 + AwayShotsAgainstLast5 + HomeShotsOnTargetAgainstLast5,3,0.5019736842105263,1.0203768236130333,0.20373894136939943
AwayGoalsAgainstPerGame + AwayPointsLast5 + XGForDiffLast5,3,0.5085526315789474,1.0203876638191995,0.2038486452562713
AwayGDPerGame + HomeGoalsPerGame + AwayShotsAgainstLast5,3,0.5052631578947369,1.0203920905497441,0.20404368515461835
ShotOTDiffLast5 + AwayPointsLast5 + XGForDiffLast5,3,0.5026315789473684,1.0204002997789614,0.2039476953434885
ShotDiffLast5 + AwayPPG + AwayShotsAgainstLast5,3,0.4953947368421052,1.020408110849366,0.20381787256032963
GoalAgainstDiffLast5 + HomeGoalsPerGame + AwayShotsOnTargetLast5,3,0.5085526315789474,1.020435055860986,0.20361556815357226
ShotDiffLast5 + HomeGoalsLast5 + HomeShotsOnTargetLast5,3,0.5111842105263158,1.020436129210207,0.20382134262094934
ShotOTDiffLast5 + XGForDiffLast5,2,0.506578947368421,1.0204387811571867,0.20395210941584963
GoalsAgainstPerGameDiff + HomeGoalsPerGame + HomeGoalsLast5,3,0.5157894736842106,1.0204735657145498,0.20319518210956705
ShotOTDiffLast5 + AwayShotsOnTargetLast5 + XGForDiffLast5,3,0.5059210526315789,1.0204758417788449,0.2039506761227503
AwayGoalsAgainstPerGame + XGForDiffLast5,2,0.5052631578947369,1.0204776996106697,0.20389436151354295
ShotOTDiffLast5 + HomeShotsOnTargetLast5 + XGForDiffLast5,3,0.5059210526315789,1.020478083523305,0.2039514313262361
AwayElo + HomeGoalsLast5 + AwayGoalsAgainstLast5,3,0.5032894736842105,1.0204816569341408,0.20416623575821685
GoalDiffLast5 + AwayGoalsAgainstLast5 + HomeShotsAgainstLast5,3,0.5019736842105263,1.0204838778968415,0.20392504931142305
AwayElo + AwayGDPerGame + HomeShotsOnTargetAgainstLast5,3,0.4907894736842105,1.0204840341512247,0.203736933155785
HomeShotsOnTargetLast5 + AwayShotsOnTargetLast5 + XGForDiffLast5,3,0.5059210526315789,1.0204929962448714,0.2039539638814999
GoalDiffLast5 + HomeGoalsAgainstLast5 + AwayShotsOnTargetAgainstLast5,3,0.5098684210526315,1.0205074608960423,0.20392177738057896
HomeGDPerGame + AwayPointsLast5,2,0.5046052631578947,1.0205113536452037,0.20358637380164876
GoalDiffLast5 + HomeGoalsAgainstLast5 + XGAgainstDiffLast5,3,0.5019736842105262,1.0205158089597484,0.20388768054999334
ShotDiffLast5 + AwayPPG + AwayGoalsLast5,3,0.5039473684210526,1.020516162613263,0.20383154310401078
AwayGDPerGame + HomeShotsOnTargetLast5 + AwayShotsOnTargetAgainstLast5,3,0.506578947368421,1.020528505297451,0.20386979985249035
GoalDiffLast5 + XGAgainstDiffLast5,2,0.5039473684210526,1.0205423340115058,0.20397340550553286
AwayGoalsAgainstPerGame + HomeGoalsLast5 + HomeShotsAgainstLast5,3,0.4993421052631579,1.0205637419574531,0.20363275996305014
HomeGoalsLast5 + HomeShotsAgainstLast5 + AwayShotsOnTargetLast5,3,0.5032894736842105,1.0205641698735148,0.20394571461955066
GoalsPerGameDiff + HomeGoalsPerGame + AwayShotsOnTargetLast5,3,0.5052631578947369,1.0205662924504004,0.20409316413833678
ShotDiffLast5 + AwayPPG + AwayPointsLast5,3,0.5006578947368421,1.0205724418194517,0.20388807567828596
GoalDiffLast5 + AwayGDPerGame + HomeGoalsPerGame,3,0.506578947368421,1.0205725006318949,0.20412234271289253
GoalsPerGameDiff + AwayGoalsAgainstPerGame,2,0.5151315789473685,1.0205843061059203,0.2040820221245086
AwayElo + HomeGoalsAgainstLast5 + AwayShotsOnTargetAgainstLast5,3,0.5019736842105263,1.020584367851935,0.20394503361520494
AwayGoalsAgainstLast5 + AwayShotsAgainstLast5 + XGForDiffLast5,3,0.5085526315789474,1.0205868975351484,0.2040241611366465
HomeGoalsPerGame + HomeShotsAgainstLast5 + XGAgainstDiffLast5,3,0.5059210526315789,1.020593026025741,0.20350397695600067
AwayGDPerGame + HomeGoalsPerGame + AwayShotsOnTargetLast5,3,0.5072368421052631,1.0205969119548504,0.20415305396546685
GoalAgainstDiffLast5 + HomeGDPerGame + AwayGoalsAgainstPerGame,3,0.5072368421052632,1.0206058222268513,0.2034302491170604
HomePPG + HomeGoalsAgainstLast5 + AwayShotsOnTargetAgainstLast5,3,0.5039473684210527,1.020609512054292,0.20360144035491937
HomePPG + AwayGoalsAgainstLast5 + AwayShotsOnTargetLast5,3,0.5125000000000001,1.0206119032892271,0.20388822543646098
AwayGoalsAgainstLast5 + HomeShotsOnTargetLast5 + XGForDiffLast5,3,0.5078947368421053,1.0206395250337443,0.203965915127813
GoalsPerGameDiff + AwayGoalsAgainstPerGame + AwayPointsLast5,3,0.5138157894736842,1.020652142983519,0.2041063068132012
AwayGDPerGame + HomeGoalsAgainstLast5 + HomeShotsAgainstLast5,3,0.5046052631578948,1.020680218594926,0.20374954791870142
GoalsAgainstPerGameDiff + HomePointsLast5 + HomeGoalsLast5,3,0.5052631578947369,1.0206933172271913,0.20340990868150813
GoalsPerGameDiff + AwayGoalsAgainstPerGame + AwayGoalsLast5,3,0.5144736842105263,1.020704837558528,0.20406848741952843
ShotOTDiffLast5 + AwayGoalsLast5 + HomeShotsOnTargetAgainstLast5,3,0.494078947368421,1.0207080798820976,0.20385819366294897
HomePPG + HomeGoalsAgainstLast5 + AwayShotsAgainstLast5,3,0.5039473684210526,1.020714075503532,0.20366558482380218
AwayPPG + HomePointsLast5 + AwayPointsLast5,3,0.5118421052631579,1.0207177215045085,0.20410889479782224
ShotDiffLast5 + AwayPPG + AwayShotsOnTargetLast5,3,0.5032894736842105,1.0207190035664668,0.20389764103184785
GoalsAgainstPerGameDiff + AwayShotsAgainstLast5 + HomeShotsOnTargetAgainstLast5,3,0.5072368421052632,1.020731781351028,0.20328033894089068
GoalsAgainstPerGameDiff + AwayElo + AwayGoalsAgainstPerGame,3,0.4967105263157895,1.0207424343648075,0.20354831562001593
HomePPG + HomeGoalsLast5 + AwayShotsAgainstLast5,3,0.49802631578947365,1.0207581379341142,0.20389931057122432
ShotDiffLast5 + AwayPPG + AwayGoalsAgainstPerGame,3,0.5019736842105263,1.0207651646142937,0.2038657528151245
GoalsAgainstPerGameDiff + AwayPPG + XGAgainstDiffLast5,3,0.5085526315789474,1.020765543857988,0.2036155095695752
GoalAgainstDiffLast5 + HomePPG + AwayGoalsLast5,3,0.5046052631578948,1.0207722757205713,0.20385273179396107
HomeGoalsPerGame + HomeGoalsLast5 + XGAgainstDiffLast5,3,0.5046052631578948,1.0207928754543945,0.20357584478421137
HomeGoalsPerGame + AwayShotsOnTargetAgainstLast5 + XGAgainstDiffLast5,3,0.5059210526315789,1.0207958362293532,0.20340670028161814
ShotOTDiffLast5 + AwayGoalsAgainstLast5 + XGForDiffLast5,3,0.5013157894736843,1.0207980748130918,0.20400131315313427
HomeGoalsPerGame + HomePointsLast5 + AwayShotsAgainstLast5,3,0.5125,1.0207995603071025,0.2038221234626175
ShotOTDiffLast5 + HomeGoalsLast5 + HomeGoalsAgainstLast5,3,0.49802631578947365,1.0207997329278795,0.20390387311259026
HomeGDPerGame + AwayGoalsLast5 + HomeShotsOnTargetAgainstLast5,3,0.5006578947368421,1.0208090204034854,0.20355988274506479
ShotDiffLast5 + AwayGDPerGame + AwayGoalsAgainstLast5,3,0.49144736842105263,1.0208102344665393,0.2039069106280836
GoalsPerGameDiff + AwayGDPerGame + HomeGoalsPerGame,3,0.5171052631578947,1.0208270855273875,0.2041256191981162
ShotDiffLast5 + AwayGoalsAgainstPerGame + AwayShotsOnTargetAgainstLast5,3,0.5,1.0208279938129567,0.2038169821210021
GoalAgainstDiffLast5 + AwayPPG + HomePointsLast5,3,0.5105263157894737,1.0208409944061099,0.20407096138380934
GoalsPerGameDiff + AwayGDPerGame + AwayGoalsAgainstPerGame,3,0.5171052631578947,1.0208487222182474,0.2041304637497513
ShotDiffLast5 + AwayGoalsLast5 + AwayShotsOnTargetAgainstLast5,3,0.4993421052631579,1.0208545971675191,0.20384294773536596
ShotOTDiffLast5 + HomeGoalsAgainstLast5 + HomeShotsOnTargetAgainstLast5,3,0.4967105263157895,1.0208554583258367,0.20386290385706604
GoalsPerGameDiff + HomeGoalsPerGame + AwayGoalsAgainstPerGame,3,0.5177631578947368,1.0208586090604008,0.20413212527378077
AwayElo + AwayPPG + XGAgainstDiffLast5,3,0.4894736842105263,1.0208662883846191,0.20412113702677942
ShotOTDiffLast5 + HomeGoalsPerGame,2,0.4993421052631579,1.0208798171744087,0.20386441820125195
GoalsAgainstPerGameDiff + AwayGoalsAgainstPerGame + HomeShotsOnTargetLast5,3,0.5177631578947368,1.0208850139747072,0.20332836006340566
AwayGoalsAgainstPerGame + HomeGoalsLast5 + XGAgainstDiffLast5,3,0.5019736842105263,1.0208856315265629,0.20372784989909373
HomeGoalsPerGame + XGAgainstDiffLast5,2,0.5039473684210527,1.0208864691749084,0.2035540987650006
ShotOTDiffLast5 + GoalDiffLast5 + AwayShotsOnTargetAgainstLast5,3,0.4934210526315789,1.0208915500962041,0.20408630435973024
AwayGDPerGame + HomeGoalsPerGame + AwayGoalsAgainstPerGame,3,0.5164473684210527,1.0209013273182914,0.20414220458238472
AwayGDPerGame + HomeGoalsPerGame + AwayShotsOnTargetAgainstLast5,3,0.5105263157894737,1.0209191590564326,0.20412123545519012
GoalAgainstDiffLast5 + GoalsAgainstPerGameDiff + HomeGoalsPerGame,3,0.5125,1.0209239848875211,0.20336959139198468
HomeShotsOnTargetLast5 + XGForDiffLast5,2,0.5039473684210526,1.0209281988714634,0.20407571790629986
HomePointsLast5 + HomeShotsOnTargetLast5 + AwayShotsOnTargetAgainstLast5,3,0.5072368421052632,1.020930170685377,0.20393557064667875
GoalDiffLast5 + HomeShotsAgainstLast5 + HomeShotsOnTargetLast5,3,0.5013157894736842,1.0209318390932245,0.2039887377295157
HomePointsLast5 + AwayGoalsLast5 + AwayShotsOnTargetAgainstLast5,3,0.5026315789473684,1.0209438893502387,0.20410189025271325
GoalDiffLast5 + AwayGoalsAgainstPerGame + HomeShotsOnTargetAgainstLast5,3,0.5039473684210527,1.0209512451100837,0.20379287200200488
ShotOTDiffLast5 + AwayPPG + HomeShotsOnTargetLast5,3,0.5013157894736842,1.020956876973634,0.20408095019734335
AwayPPG + HomeShotsOnTargetLast5 + AwayShotsOnTargetLast5,3,0.5013157894736842,1.020960809960736,0.20408161860513147
GoalsAgainstPerGameDiff + HomeGoalsAgainstLast5 + HomeShotsOnTargetLast5,3,0.5197368421052632,1.0209610889170055,0.2033395776922116
ShotOTDiffLast5 + AwayPPG + AwayShotsOnTargetLast5,3,0.5019736842105263,1.0209657376129753,0.20408335096952507
AwayElo + AwayGDPerGame + XGAgainstDiffLast5,3,0.4861842105263158,1.0209695137317818,0.20410834567034486
GoalsPerGameDiff + AwayGoalsAgainstPerGame + AwayGoalsAgainstLast5,3,0.5144736842105263,1.0209739426956324,0.20415004876828444
ShotOTDiffLast5 + HomeShotsOnTargetAgainstLast5,2,0.4967105263157895,1.0209756967008803,0.20392671747544916
HomeGoalsLast5 + HomeShotsOnTargetLast5 + XGAgainstDiffLast5,3,0.49934210526315786,1.0209787997327642,0.20387318474725133
AwayPPG + AwayGoalsAgainstLast5 + XGForDiffLast5,3,0.49407894736842106,1.020981075740293,0.20418726883046326
HomeGDPerGame + AwayPointsLast5 + HomeGoalsLast5,3,0.5085526315789474,1.0209879001078748,0.20383645490445523
GoalDiffLast5 + HomePointsLast5 + AwayShotsAgainstLast5,3,0.5046052631578948,1.0209884684688948,0.20418191033992203
AwayPPG + HomePointsLast5 + HomeGoalsLast5,3,0.506578947368421,1.020991522052525,0.2040608858956394
AwayGoalsAgainstPerGame + AwayShotsOnTargetLast5 + XGForDiffLast5,3,0.5052631578947369,1.0209955686091992,0.20402690188319403
ShotDiffLast5 + AwayGDPerGame + AwayGoalsAgainstPerGame,3,0.49407894736842106,1.0209961100766725,0.20390786580596557
ShotDiffLast5 + AwayShotsOnTargetAgainstLast5,2,0.5,1.0209979824084618,0.20383252617242636
AwayPPG + HomePointsLast5,2,0.5125,1.0210032524715316,0.20406771361612058
AwayShotsAgainstLast5 + HomeShotsOnTargetLast5 + XGAgainstDiffLast5,3,0.5052631578947369,1.0210081417195274,0.20382346907091348
AwayPPG + HomeShotsAgainstLast5 + AwayShotsAgainstLast5,3,0.49802631578947365,1.0210168090454257,0.20376582242031643
ShotOTDiffLast5 + AwayGDPerGame + AwayGoalsLast5,3,0.4967105263157895,1.0210171961520382,0.20398601074558023
HomePPG + AwayGoalsAgainstLast5 + HomeShotsAgainstLast5,3,0.506578947368421,1.021037782750189,0.20385089439203222
AwayGoalsAgainstPerGame + AwayGoalsAgainstLast5 + XGForDiffLast5,3,0.5052631578947369,1.021039282168927,0.20403739469623508
GoalAgainstDiffLast5 + AwayGDPerGame + HomeShotsAgainstLast5,3,0.493421052631579,1.0210399506532468,0.20386481948092236
GoalDiffLast5 + HomePPG + AwayGoalsAgainstLast5,3,0.5105263157894737,1.021042614328875,0.20409407244224512
GoalAgainstDiffLast5 + GoalDiffLast5 + HomeShotsOnTargetLast5,3,0.506578947368421,1.0210890473419678,0.2040816271094311
AwayShotsAgainstLast5 + HomeShotsOnTargetLast5 + HomeShotsOnTargetAgainstLast5,3,0.4993421052631579,1.0210995100526528,0.20365308907553462
HomeGDPerGame + AwayGoalsAgainstPerGame + AwayGoalsAgainstLast5,3,0.506578947368421,1.0211044504464752,0.20353573442852121
AwayElo + AwayGoalsAgainstPerGame + HomeShotsOnTargetAgainstLast5,3,0.4921052631578947,1.0211168771246977,0.20385605698393586
GoalsAgainstPerGameDiff + AwayGoalsAgainstLast5 + HomeShotsOnTargetLast5,3,0.5151315789473685,1.021124025914606,0.20346842933172427
GoalsAgainstPerGameDiff + HomePPG + HomeShotsOnTargetAgainstLast5,3,0.5177631578947368,1.0211241705660277,0.20318873625095868
HomeGoalsLast5 + HomeShotsOnTargetLast5 + XGForDiffLast5,3,0.5026315789473684,1.0211253225096917,0.20416829368144826
HomePPG + AwayGoalsAgainstPerGame + AwayShotsOnTargetLast5,3,0.5098684210526316,1.0211332803516173,0.20393308567122542
ShotDiffLast5 + AwayPointsLast5 + AwayShotsOnTargetAgainstLast5,3,0.5013157894736843,1.0211456809410715,0.2038779601941953
GoalsPerGameDiff + HomeGoalsLast5,2,0.5098684210526316,1.021152960199815,0.20430963348795025
HomePointsLast5 + AwayShotsAgainstLast5 + XGAgainstDiffLast5,3,0.5144736842105263,1.0211537831793056,0.20392721741569927
GoalAgainstDiffLast5 + GoalDiffLast5 + XGAgainstDiffLast5,3,0.5059210526315789,1.0211690579214328,0.20404276715389483
AwayElo + AwayGoalsAgainstPerGame + XGAgainstDiffLast5,3,0.4848684210526316,1.0211718429612502,0.20412250036550542
GoalsPerGameDiff + AwayPPG + AwayGoalsAgainstPerGame,3,0.5164473684210527,1.021172596266768,0.20421398864330342
HomeGoalsPerGame + HomeShotsOnTargetAgainstLast5 + XGAgainstDiffLast5,3,0.5006578947368421,1.0211744347043081,0.2036202137899755
GoalDiffLast5 + HomePPG + AwayPointsLast5,3,0.5059210526315789,1.0211774866107624,0.20417685462128538
AwayElo + AwayShotsAgainstLast5 + XGAgainstDiffLast5,3,0.48684210526315785,1.021178155083021,0.20419203567852565
GoalDiffLast5 + AwayGoalsLast5 + XGForDiffLast5,3,0.5013157894736842,1.0211787880386751,0.20425751221540495
GoalsAgainstPerGameDiff + HomePPG + HomeGoalsLast5,3,0.5098684210526316,1.0211792181185482,0.20338031384369173
ShotOTDiffLast5 + GoalDiffLast5 + AwayShotsAgainstLast5,3,0.5006578947368421,1.021201195860131,0.20417379616222636
GoalDiffLast5 + HomeGoalsLast5 + XGForDiffLast5,3,0.5013157894736842,1.0212042531839431,0.20426334925921688
HomeGoalsLast5 + AwayGoalsLast5 + XGForDiffLast5,3,0.5013157894736842,1.0212076086800337,0.2042637417239428
GoalDiffLast5 + HomeGoalsPerGame + HomeShotsAgainstLast5,3,0.5098684210526316,1.0212085816186636,0.20398753454090676
AwayPointsLast5 + HomeGoalsLast5 + XGForDiffLast5,3,0.5046052631578948,1.0212090024087892,0.20427039461376154
GoalsAgainstPerGameDiff + HomeShotsOnTargetAgainstLast5 + XGAgainstDiffLast5,3,0.5098684210526316,1.0212157858267183,0.20355380651642327
GoalAgainstDiffLast5 + GoalDiffLast5 + HomeGoalsPerGame,3,0.5052631578947369,1.0212211268350373,0.20396391827768667
GoalDiffLast5 + HomePointsLast5 + AwayShotsOnTargetAgainstLast5,3,0.5138157894736842,1.021228668351093,0.2042068935480778
GoalDiffLast5 + AwayPPG + HomeShotsOnTargetAgainstLast5,3,0.4967105263157895,1.0212499691561536,0.20426115331515143
HomeShotsOnTargetLast5 + HomeShotsOnTargetAgainstLast5 + AwayShotsOnTargetAgainstLast5,3,0.5098684210526315,1.0212527921639407,0.20365483708578566
HomePointsLast5 + AwayGoalsLast5 + AwayShotsAgainstLast5,3,0.506578947368421,1.021258044486693,0.2041827487853583
GoalsAgainstPerGameDiff + AwayShotsOnTargetLast5 + HomeShotsOnTargetAgainstLast5,3,0.506578947368421,1.0212705625172336,0.20349934682327547
GoalsAgainstPerGameDiff + HomeGDPerGame + HomePointsLast5,3,0.5144736842105264,1.0212714882902212,0.2033744881492802
GoalAgainstDiffLast5 + HomeGDPerGame + AwayPointsLast5,3,0.5032894736842105,1.0212801059299068,0.2037552902329879
HomeGoalsLast5 + AwayShotsOnTargetLast5 + XGForDiffLast5,3,0.4986842105263158,1.0212825524553053,0.2043001538577737
GoalsAgainstPerGameDiff + HomeGoalsPerGame,2,0.5151315789473684,1.021283121838915,0.2033017647819731
GoalDiffLast5 + AwayShotsAgainstLast5 + XGAgainstDiffLast5,3,0.5013157894736843,1.021296558782845,0.20412893180411898
AwayGDPerGame + HomeShotsAgainstLast5 + AwayShotsOnTargetLast5,3,0.4993421052631579,1.021296998051449,0.20394982078228685
GoalDiffLast5 + AwayGDPerGame + HomeGoalsAgainstLast5,3,0.5046052631578947,1.0212989705563047,0.20419514726170143
GoalsPerGameDiff + AwayShotsOnTargetLast5,2,0.5046052631578947,1.0213126206122598,0.20435297615376227
GoalsAgainstPerGameDiff + HomeShotsOnTargetAgainstLast5 + AwayShotsOnTargetAgainstLast5,3,0.5032894736842105,1.0213458800311879,0.20332728495988386
AwayElo + AwayShotsOnTargetAgainstLast5 + XGAgainstDiffLast5,3,0.4894736842105263,1.0213532272729833,0.2041921328837324
HomeGDPerGame + AwayGoalsAgainstPerGame,2,0.5111842105263158,1.0213535485754623,0.2035793382104784
ShotOTDiffLast5 + GoalDiffLast5 + AwayGDPerGame,3,0.5032894736842105,1.0213711494628257,0.20420277511930965
AwayPPG + HomePointsLast5 + HomeGoalsAgainstLast5,3,0.506578947368421,1.0213812098889639,0.20413781682736543
ShotOTDiffLast5 + AwayGoalsAgainstPerGame + HomeGoalsLast5,3,0.5046052631578948,1.0213880523750665,0.20404186216389694
GoalDiffLast5 + HomePointsLast5 + HomeShotsAgainstLast5,3,0.5046052631578948,1.0213912932692513,0.2042154294690599
HomePPG + HomeGDPerGame + AwayGoalsLast5,3,0.5072368421052632,1.0213925119395726,0.20380575886492575
AwayGoalsLast5 + HomeShotsOnTargetLast5 + XGForDiffLast5,3,0.5052631578947369,1.0214112771284896,0.20417024506683995
GoalsPerGameDiff + AwayGoalsAgainstLast5 + AwayShotsOnTargetLast5,3,0.5078947368421053,1.0214162966849862,0.20429984226303052
ShotDiffLast5 + AwayGoalsLast5 + HomeShotsOnTargetLast5,3,0.5052631578947369,1.0214395475726,0.20402642753634417
HomeGoalsLast5 + AwayGoalsAgainstLast5 + XGForDiffLast5,3,0.5052631578947369,1.0214840469511342,0.20424951911911945
HomeGDPerGame + AwayGoalsAgainstLast5 + HomeShotsAgainstLast5,3,0.5072368421052632,1.0215014427430198,0.2037318938059336
ShotOTDiffLast5 + AwayGoalsLast5 + HomeGoalsAgainstLast5,3,0.49013157894736836,1.0215035843399116,0.20405937496837953
GoalDiffLast5 + HomeGoalsAgainstLast5 + AwayShotsAgainstLast5,3,0.5118421052631579,1.0215134902791072,0.20416659615446275
HomeShotsAgainstLast5 + HomeShotsOnTargetLast5 + XGAgainstDiffLast5,3,0.49802631578947365,1.0215178681654031,0.2039253391075237
HomeGDPerGame + AwayGoalsAgainstPerGame + HomeGoalsLast5,3,0.5118421052631579,1.0215401417414112,0.2036876829069837
HomePPG + AwayShotsAgainstLast5 + AwayShotsOnTargetAgainstLast5,3,0.4947368421052632,1.0215439913695614,0.20400430151772833
ShotOTDiffLast5 + HomeShotsOnTargetLast5 + HomeShotsOnTargetAgainstLast5,3,0.493421052631579,1.0215590925216989,0.20405791669278667
GoalsPerGameDiff + AwayPointsLast5 + AwayGoalsLast5,3,0.5151315789473684,1.0215595329526652,0.20436597401106624
HomeShotsOnTargetLast5 + AwayShotsOnTargetLast5 + HomeShotsOnTargetAgainstLast5,3,0.493421052631579,1.0215624046465792,0.20405853612700112
ShotOTDiffLast5 + AwayShotsOnTargetLast5 + HomeShotsOnTargetAgainstLast5,3,0.493421052631579,1.0215627378602972,0.20405895449696568
GoalsAgainstPerGameDiff + AwayPointsLast5 + XGAgainstDiffLast5,3,0.5111842105263158,1.0215629991310458,0.20369567306193975
GoalDiffLast5 + XGForDiffLast5,2,0.49802631578947365,1.0215709250132488,0.2044095518102068
AwayPointsLast5 + AwayGoalsLast5 + XGForDiffLast5,3,0.5059210526315789,1.0215787701258627,0.2042348639909788
ShotOTDiffLast5 + ShotDiffLast5 + AwayPointsLast5,3,0.5039473684210527,1.0215790161420144,0.2040298302021181
HomeGoalsLast5 + XGForDiffLast5,2,0.5032894736842105,1.0215805661456554,0.20433609088305288
GoalsAgainstPerGameDiff + XGAgainstDiffLast5,2,0.5111842105263158,1.0216088019287393,0.2036461942304618
GoalDiffLast5 + AwayPointsLast5 + XGForDiffLast5,3,0.5,1.0216311032748195,0.2044158918146329
GoalsPerGameDiff + HomeGoalsLast5 + AwayGoalsLast5,3,0.5111842105263157,1.0216327191849748,0.20441418779786202
GoalsPerGameDiff + GoalDiffLast5 + HomeGoalsLast5,3,0.5111842105263157,1.021634951400227,0.20441465525539917
ShotDiffLast5 + AwayPPG + AwayGoalsAgainstLast5,3,0.4960526315789474,1.0216479599887365,0.20411751656369218
GoalsPerGameDiff + GoalDiffLast5 + AwayGoalsLast5,3,0.5111842105263157,1.0216545538497455,0.2044184276832674
GoalsAgainstPerGameDiff + AwayGDPerGame + HomeShotsOnTargetAgainstLast5,3,0.5,1.021660548783887,0.2036406620194036
GoalDiffLast5 + HomeGDPerGame + HomeShotsOnTargetLast5,3,0.5019736842105263,1.0216645360302217,0.20409670523218923
GoalAgainstDiffLast5 + AwayElo + XGAgainstDiffLast5,3,0.4934210526315789,1.0216735256608351,0.20431563157417806
GoalsPerGameDiff + HomeGoalsPerGame + AwayGoalsAgainstLast5,3,0.5151315789473684,1.0216813183282276,0.2042552334245635
GoalDiffLast5 + AwayShotsOnTargetAgainstLast5 + XGAgainstDiffLast5,3,0.5026315789473685,1.0216816964641766,0.2041505779955855
GoalDiffLast5 + AwayGoalsAgainstLast5 + XGForDiffLast5,3,0.5006578947368421,1.0216825510408352,0.20437586353351578
GoalsPerGameDiff + AwayPointsLast5 + AwayShotsOnTargetLast5,3,0.5039473684210526,1.0217191530806469,0.204437262040524
ShotOTDiffLast5 + GoalDiffLast5 + AwayPPG,3,0.49605263157894736,1.021720105501471,0.20436665837035134
GoalsPerGameDiff + HomeGoalsPerGame + AwayPointsLast5,3,0.513157894736842,1.0217478896857681,0.2043924586735921
AwayElo + HomeGoalsAgainstLast5 + AwayShotsOnTargetLast5,3,0.5006578947368421,1.0217483303830752,0.20423136074709966
HomeGDPerGame + HomeGoalsPerGame + AwayPointsLast5,3,0.5118421052631579,1.0217619207986972,0.20382089874329679
GoalsPerGameDiff + GoalDiffLast5 + AwayGoalsAgainstLast5,3,0.5105263157894737,1.0217672355727756,0.2043742828314687
GoalsPerGameDiff + GoalDiffLast5 + AwayShotsOnTargetLast5,3,0.5059210526315789,1.0217878626865302,0.20447598202082568
AwayGDPerGame + AwayPointsLast5 + HomeShotsAgainstLast5,3,0.5,1.0217891398889651,0.20400236208599937
GoalsAgainstPerGameDiff + AwayGoalsAgainstPerGame + HomePointsLast5,3,0.5125,1.021794204204625,0.20368997048581655
HomePPG + HomeGoalsLast5 + AwayShotsOnTargetAgainstLast5,3,0.4973684210526316,1.0218019881180513,0.20412701460277033
HomePPG + AwayGoalsAgainstPerGame + AwayShotsAgainstLast5,3,0.5032894736842106,1.0218023514583703,0.20396846015002107
ShotOTDiffLast5 + AwayGDPerGame + AwayShotsOnTargetAgainstLast5,3,0.49671052631578944,1.0218111556373435,0.20426256766204323
HomeShotsOnTargetLast5 + AwayShotsOnTargetAgainstLast5 + XGAgainstDiffLast5,3,0.5078947368421053,1.021828641976531,0.20393200139031178
AwayGDPerGame + HomeShotsAgainstLast5,2,0.49802631578947365,1.0218335770402511,0.20398514629373474
HomeGoalsPerGame + HomePointsLast5 + AwayShotsOnTargetAgainstLast5,3,0.49736842105263157,1.0218347149187927,0.20406528772461183
AwayPPG + HomePointsLast5 + AwayGoalsAgainstLast5,3,0.519078947368421,1.0218443707525715,0.2043456655517224
HomeGDPerGame + AwayPointsLast5 + HomeGoalsAgainstLast5,3,0.5078947368421052,1.0218534142580853,0.20382566837120628
GoalsAgainstPerGameDiff + AwayGoalsAgainstLast5 + XGAgainstDiffLast5,3,0.5092105263157894,1.0218577348824425,0.20367300491269047
AwayGDPerGame + AwayPointsLast5 + HomeShotsOnTargetLast5,3,0.5052631578947367,1.0218580283864458,0.20420170813130387
GoalsAgainstPerGameDiff + HomeGoalsPerGame + HomeGoalsAgainstLast5,3,0.5177631578947368,1.0218695996394453,0.2034482631642916
GoalsPerGameDiff + AwayPPG + AwayShotsOnTargetLast5,3,0.5039473684210526,1.0218826165610047,0.20447660151806074
AwayGDPerGame + HomeShotsOnTargetLast5,2,0.5098684210526316,1.0218830547706865,0.20414443590351802
GoalsAgainstPerGameDiff + HomeGDPerGame + HomeGoalsLast5,3,0.5072368421052631,1.0218833867277684,0.20353197569861706
HomeShotsOnTargetLast5 + XGAgainstDiffLast5,2,0.5,1.0218911992187156,0.20407275111424278
GoalDiffLast5 + AwayPPG + HomeShotsOnTargetLast5,3,0.5,1.0219047332504403,0.2044279645927596
AwayGoalsAgainstPerGame + HomePointsLast5 + AwayShotsAgainstLast5,3,0.5026315789473684,1.0219071533496407,0.2041986230776511
ShotOTDiffLast5 + HomeGoalsAgainstLast5,2,0.493421052631579,1.0219121472769985,0.2041508906331855
AwayElo + AwayGoalsAgainstLast5 + HomeShotsOnTargetAgainstLast5,3,0.48552631578947364,1.0219348530093137,0.20421341660222886
ShotOTDiffLast5 + AwayPPG + AwayShotsOnTargetAgainstLast5,3,0.4980263157894737,1.0219370572650914,0.20428151912824874
GoalDiffLast5 + HomePPG + HomeGDPerGame,3,0.5052631578947369,1.021938796447314,0.20421677370176508
ShotDiffLast5 + AwayShotsAgainstLast5 + AwayShotsOnTargetAgainstLast5,3,0.4993421052631579,1.0219422941791851,0.20413701265734846
ShotDiffLast5 + AwayGoalsAgainstPerGame + AwayShotsAgainstLast5,3,0.4947368421052631,1.0219504174259917,0.20409260080003594
GoalAgainstDiffLast5 + HomeGoalsPerGame + XGAgainstDiffLast5,3,0.5078947368421053,1.0219546074990584,0.20375855822248773
GoalsAgainstPerGameDiff + HomeGDPerGame + HomeGoalsPerGame,3,0.5144736842105263,1.0219603359785832,0.20349526329136336
GoalsPerGameDiff + AwayGoalsAgainstLast5,2,0.5098684210526316,1.0219624874148683,0.20439578562509633
HomeGDPerGame + HomeGoalsPerGame + AwayGoalsAgainstPerGame,3,0.5157894736842106,1.0219640872792985,0.20351439347898045
GoalsAgainstPerGameDiff + HomePointsLast5,2,0.5092105263157894,1.0219779619751868,0.2036610518987183
GoalsAgainstPerGameDiff + HomeGDPerGame + AwayGoalsAgainstPerGame,3,0.5144736842105263,1.021982479824469,0.2034986962134644
ShotDiffLast5 + AwayShotsOnTargetLast5 + AwayShotsOnTargetAgainstLast5,3,0.49671052631578944,1.021982856755871,0.20407585759185998
ShotOTDiffLast5 + HomeGoalsPerGame + HomeGoalsLast5,3,0.49934210526315786,1.0219901473827808,0.20408545999833594
AwayGoalsLast5 + XGForDiffLast5,2,0.5006578947368421,1.0219903503853331,0.20435703843670722
GoalDiffLast5 + AwayGoalsAgainstLast5 + XGAgainstDiffLast5,3,0.5032894736842105,1.022004034838519,0.20428241985338583
HomePPG + HomePointsLast5 + AwayPointsLast5,3,0.5111842105263158,1.0220128396942902,0.20426242514005846
ShotOTDiffLast5 + ShotDiffLast5 + AwayGoalsLast5,3,0.5059210526315789,1.0220148956166497,0.20416264696113684
HomePointsLast5 + AwayPointsLast5 + AwayShotsAgainstLast5,3,0.5092105263157894,1.022016632960135,0.20433461235313297
GoalsAgainstPerGameDiff + HomeGoalsPerGame + AwayGoalsAgainstPerGame,3,0.5157894736842106,1.0220225022423537,0.2035172700746739
HomePPG + HomeGDPerGame + AwayGoalsAgainstPerGame,3,0.5118421052631579,1.022037028129509,0.20372636589336512
GoalDiffLast5 + HomeShotsAgainstLast5 + AwayShotsOnTargetLast5,3,0.5039473684210526,1.0220457701078862,0.20436052135763935
GoalAgainstDiffLast5 + GoalsAgainstPerGameDiff + HomeGoalsLast5,3,0.5072368421052632,1.022061607361184,0.20378520973541986
GoalsAgainstPerGameDiff + HomePointsLast5 + HomeGoalsAgainstLast5,3,0.5111842105263158,1.0220617549726767,0.20371375504430267
HomeShotsOnTargetLast5 + HomeShotsOnTargetAgainstLast5 + XGAgainstDiffLast5,3,0.5019736842105262,1.0220852070153559,0.20409848290849184
GoalDiffLast5 + AwayShotsOnTargetLast5 + XGForDiffLast5,3,0.4986842105263158,1.0220868564436936,0.20453119193651684
AwayPointsLast5 + HomeGoalsLast5 + XGAgainstDiffLast5,3,0.5026315789473684,1.0221001114948223,0.20419303731064592
AwayPointsLast5 + XGForDiffLast5,2,0.5019736842105263,1.0221361102367117,0.2044415785063275
HomePointsLast5 + AwayGoalsLast5 + HomeShotsAgainstLast5,3,0.5,1.0221368111898712,0.20435630781873748
GoalsPerGameDiff + AwayPointsLast5,2,0.5138157894736842,1.0221375498379222,0.20454981648877618
GoalsPerGameDiff + GoalDiffLast5 + AwayPPG,3,0.5125000000000001,1.022141431763771,0.20458833510669883
AwayGoalsLast5 + AwayGoalsAgainstLast5 + XGForDiffLast5,3,0.5019736842105263,1.022150411076086,0.20432939330992064
GoalsAgainstPerGameDiff + HomeGoalsPerGame + AwayGoalsAgainstLast5,3,0.5138157894736842,1.0221521514912895,0.2035801072915279
ShotOTDiffLast5 + ShotDiffLast5 + AwayGoalsAgainstLast5,3,0.49605263157894736,1.022155803767159,0.20412508827021258
GoalsAgainstPerGameDiff + HomePPG + HomePointsLast5,3,0.5138157894736842,1.022158430054594,0.20353950745431765
GoalsPerGameDiff + AwayGoalsLast5 + AwayGoalsAgainstLast5,3,0.5118421052631579,1.0221699953660657,0.2043988444201241
AwayPPG + HomeGoalsLast5 + HomeGoalsAgainstLast5,3,0.5072368421052631,1.0221718762406469,0.20424307963274502
HomePPG + AwayGoalsLast5 + AwayShotsOnTargetLast5,3,0.5111842105263158,1.0221724355496795,0.20421627596561165
AwayGDPerGame + AwayGoalsLast5 + HomeShotsOnTargetLast5,3,0.5092105263157896,1.0221815042947677,0.204215830880573
HomeGDPerGame + AwayGoalsAgainstPerGame + HomeGoalsAgainstLast5,3,0.5098684210526316,1.0221863953032992,0.20371923421674393
GoalsPerGameDiff + GoalDiffLast5,2,0.5105263157894737,1.0221892908368715,0.2045659948275952
HomePPG + AwayShotsAgainstLast5,2,0.4993421052631578,1.02219067507778,0.2041439021673678
ShotOTDiffLast5 + GoalDiffLast5 + AwayGoalsAgainstPerGame,3,0.5085526315789474,1.0221956410576416,0.20429797274304803
HomePPG + HomeGoalsAgainstLast5 + AwayShotsOnTargetLast5,3,0.5032894736842105,1.0222004220281522,0.20412214104157417
GoalDiffLast5 + HomeGDPerGame + AwayGoalsLast5,3,0.5105263157894737,1.022223351133087,0.20413899547020442
ShotDiffLast5 + AwayGoalsAgainstLast5 + AwayShotsOnTargetAgainstLast5,3,0.49473684210526314,1.0222251852791886,0.20413896384624053
HomeGoalsPerGame + AwayGoalsAgainstLast5 + XGAgainstDiffLast5,3,0.5072368421052632,1.0222252619350098,0.2038074794928265
GoalsPerGameDiff + GoalDiffLast5 + AwayPointsLast5,3,0.5151315789473685,1.0222258546908687,0.20458828089744208
GoalDiffLast5 + HomeGDPerGame + HomeGoalsLast5,3,0.5105263157894737,1.022229290033942,0.20414154412890034
HomePointsLast5 + AwayShotsOnTargetAgainstLast5 + XGAgainstDiffLast5,3,0.5078947368421053,1.0222297148627868,0.2040739832162322
XGForDiffLast5,1,0.4986842105263158,1.0222327402692302,0.2044473799061834
GoalsPerGameDiff + AwayPointsLast5 + AwayGoalsAgainstLast5,3,0.5118421052631579,1.02223362540767,0.20442991265854085
GoalsAgainstPerGameDiff + HomeGoalsLast5,2,0.5059210526315789,1.0222347813833095,0.2037055199743984
HomeGoalsPerGame + HomeGoalsAgainstLast5 + XGAgainstDiffLast5,3,0.5039473684210526,1.0222379853164985,0.20384628066509577
HomeGoalsLast5 + AwayShotsAgainstLast5 + HomeShotsOnTargetAgainstLast5,3,0.49934210526315786,1.0222388725659037,0.2040297142944236
HomeGDPerGame + HomeGoalsLast5 + AwayGoalsLast5,3,0.5105263157894737,1.0222390817566465,0.20413796295085368
AwayPPG + HomeShotsAgainstLast5 + XGAgainstDiffLast5,3,0.49407894736842106,1.0222448693382042,0.20412364798559768
HomeGDPerGame + AwayGoalsLast5,2,0.5072368421052632,1.0222488906312726,0.20396371653633052
ShotDiffLast5 + AwayGoalsAgainstLast5 + HomeShotsOnTargetLast5,3,0.5032894736842105,1.0222606066088424,0.20411166506188086
ShotOTDiffLast5 + AwayGDPerGame + AwayShotsAgainstLast5,3,0.5006578947368421,1.0222718922242984,0.20436375343175153
AwayGoalsLast5 + AwayShotsOnTargetLast5 + XGForDiffLast5,3,0.5019736842105263,1.0222742292026266,0.20439523224455075
AwayGDPerGame + HomeGoalsPerGame,2,0.5111842105263158,1.0222863457515587,0.20442896287337792
ShotOTDiffLast5 + AwayPPG + AwayShotsAgainstLast5,3,0.493421052631579,1.0223019422572657,0.20438423175069007
AwayPointsLast5 + HomeGoalsLast5 + HomeShotsAgainstLast5,3,0.4980263157894737,1.0223105010938063,0.20445364393479465
GoalDiffLast5 + HomeGDPerGame,2,0.5039473684210527,1.0223242033048607,0.20429576234626218
GoalDiffLast5 + AwayPointsLast5 + HomeShotsAgainstLast5,3,0.5006578947368421,1.0223257836702262,0.20448446891977287
GoalsAgainstPerGameDiff + AwayShotsAgainstLast5 + XGAgainstDiffLast5,3,0.5125,1.0223303168065572,0.20383873217662973
AwayGDPerGame + HomeGoalsPerGame + AwayPointsLast5,3,0.5111842105263158,1.022332112075796,0.2044986105488888
GoalsAgainstPerGameDiff + AwayGoalsAgainstPerGame + XGAgainstDiffLast5,3,0.5111842105263158,1.0223361092237067,0.20380565346114418
GoalsAgainstPerGameDiff + AwayElo + AwayShotsOnTargetLast5,3,0.4993421052631579,1.022346514825472,0.20392875637728747
AwayPPG + AwayGDPerGame + HomeShotsOnTargetLast5,3,0.5118421052631579,1.0223477139825203,0.20429103461623774
AwayGDPerGame + AwayGoalsLast5 + HomeShotsAgainstLast5,3,0.49868421052631573,1.022360116848213,0.20405309991369452
ShotOTDiffLast5 + ShotDiffLast5,2,0.5019736842105262,1.0223602651581325,0.20421613578814624
HomePointsLast5 + AwayShotsOnTargetLast5 + HomeShotsOnTargetAgainstLast5,3,0.49802631578947365,1.022360287172744,0.20445337801931676
ShotOTDiffLast5 + HomeGoalsAgainstLast5 + HomeShotsOnTargetLast5,3,0.49276315789473685,1.0223654106324112,0.20426396747627923
ShotOTDiffLast5 + HomeGoalsAgainstLast5 + AwayShotsOnTargetLast5,3,0.49276315789473685,1.022366570471081,0.20426413077674307
HomeGoalsAgainstLast5 + HomeShotsOnTargetLast5 + AwayShotsOnTargetLast5,3,0.49276315789473685,1.0223666096166717,0.20426397892884218
GoalsPerGameDiff + GoalDiffLast5 + HomeGoalsPerGame,3,0.5085526315789473,1.0223802671115523,0.20454801260502456
ShotDiffLast5 + AwayPointsLast5 + AwayShotsAgainstLast5,3,0.4980263157894737,1.0223919613167438,0.20421703383696702
AwayPointsLast5 + AwayGoalsAgainstLast5 + XGForDiffLast5,3,0.49802631578947365,1.022402103457323,0.20440517772515363
GoalsAgainstPerGameDiff + HomePointsLast5 + AwayGoalsAgainstLast5,3,0.5111842105263158,1.0224103016432582,0.2039136725459817
HomePPG + AwayGoalsAgainstLast5 + AwayShotsAgainstLast5,3,0.5013157894736843,1.022434480741957,0.2042144720572778
HomeGoalsPerGame + HomeGoalsAgainstLast5 + AwayShotsAgainstLast5,3,0.5039473684210526,1.0224468636911284,0.20396052913579668
GoalsPerGameDiff + AwayGDPerGame + AwayShotsOnTargetLast5,3,0.5006578947368421,1.0224506338471562,0.20459346236253179
HomeGDPerGame + AwayPointsLast5 + AwayGoalsAgainstLast5,3,0.5085526315789474,1.0224529192659455,0.2040127257680177
ShotOTDiffLast5 + AwayPPG + AwayGoalsLast5,3,0.4960526315789474,1.0224590657310388,0.20439296005143473
HomeGoalsPerGame + AwayShotsOnTargetLast5 + HomeShotsOnTargetAgainstLast5,3,0.49736842105263157,1.0224673485884703,0.20403614204555662
AwayGoalsLast5 + HomeShotsAgainstLast5 + HomeShotsOnTargetLast5,3,0.506578947368421,1.0224826025715732,0.20425900581442988
AwayElo + HomeGoalsAgainstLast5,2,0.5046052631578947,1.022484378304041,0.20442488609105458
HomePPG + AwayGoalsLast5 + HomeShotsOnTargetAgainstLast5,3,0.5039473684210526,1.022485072826607,0.20419736954805937
ShotOTDiffLast5 + AwayGDPerGame + AwayPointsLast5,3,0.4986842105263158,1.0224857994282361,0.2043615349230886
AwayGDPerGame + HomeShotsOnTargetAgainstLast5 + XGAgainstDiffLast5,3,0.4960526315789473,1.0225032031138583,0.2041965204124446
GoalsPerGameDiff,1,0.5092105263157894,1.0225151030114012,0.20459872367361095
ShotDiffLast5 + AwayShotsAgainstLast5,2,0.5006578947368421,1.0225161580107751,0.20425261745795795
AwayPPG + AwayShotsAgainstLast5 + HomeShotsOnTargetLast5,3,0.4993421052631579,1.0225171736596508,0.20440402118790932
GoalsPerGameDiff + AwayPPG,2,0.5131578947368421,1.0225211988487681,0.20461920948058396
ShotOTDiffLast5 + HomeGoalsPerGame + HomeShotsOnTargetLast5,3,0.49539473684210533,1.0225327919092873,0.20419410772310567
HomeGoalsPerGame + HomeShotsOnTargetLast5 + AwayShotsOnTargetLast5,3,0.49539473684210533,1.0225337960588143,0.20419343609379903
ShotOTDiffLast5 + ShotDiffLast5 + HomeShotsOnTargetLast5,3,0.5019736842105262,1.0225362293595546,0.20424150507806227
GoalsPerGameDiff + GoalDiffLast5 + AwayGDPerGame,3,0.5092105263157894,1.0225452372267754,0.20461818437192233
ShotDiffLast5 + HomeShotsOnTargetLast5 + AwayShotsOnTargetLast5,3,0.5019736842105262,1.0225567847945118,0.2042465995987233
ShotOTDiffLast5 + HomeGoalsPerGame + AwayShotsOnTargetLast5,3,0.49539473684210533,1.0225584283745706,0.20419961706987091
ShotOTDiffLast5 + ShotDiffLast5 + AwayShotsOnTargetLast5,3,0.5019736842105262,1.022562531010786,0.20424794292440118
AwayGoalsAgainstLast5 + XGForDiffLast5,2,0.5006578947368421,1.0225676143247204,0.20448134913943003
GoalAgainstDiffLast5 + HomePPG + AwayShotsOnTargetAgainstLast5,3,0.5072368421052632,1.0225727597067573,0.20408887683780103
HomePointsLast5 + AwayPointsLast5 + HomeShotsOnTargetLast5,3,0.5059210526315789,1.0225791578651604,0.20446145037103716
ShotOTDiffLast5 + AwayShotsAgainstLast5 + HomeShotsOnTargetLast5,3,0.49868421052631584,1.0225806865918772,0.2043856456596574
ShotOTDiffLast5 + AwayShotsAgainstLast5 + AwayShotsOnTargetLast5,3,0.49868421052631584,1.02258459263496,0.20438669873578522
AwayShotsAgainstLast5 + HomeShotsOnTargetLast5 + AwayShotsOnTargetLast5,3,0.49868421052631584,1.02258540348692,0.2043867814513586
HomeShotsAgainstLast5 + AwayShotsOnTargetLast5 + AwayShotsOnTargetAgainstLast5,3,0.4967105263157895,1.022586062311223,0.20419035254302453
GoalsPerGameDiff + HomeGoalsPerGame,2,0.5052631578947369,1.022586383521237,0.20456383935160785
AwayShotsOnTargetLast5 + XGForDiffLast5,2,0.5006578947368422,1.0225937054248597,0.2045444528849367
ShotDiffLast5 + AwayGoalsLast5 + AwayShotsAgainstLast5,3,0.5032894736842105,1.0225952433956147,0.2042934107717095
HomeShotsOnTargetLast5 + AwayShotsOnTargetLast5 + AwayShotsOnTargetAgainstLast5,3,0.49407894736842106,1.022621178953882,0.20436279645277794
ShotOTDiffLast5 + HomeShotsOnTargetLast5 + AwayShotsOnTargetAgainstLast5,3,0.49407894736842106,1.0226257451066199,0.204363779622312
GoalsPerGameDiff + HomeGoalsPerGame + HomeGoalsLast5,3,0.5105263157894737,1.0226376555336207,0.20458526125746243
GoalAgainstDiffLast5 + GoalsAgainstPerGameDiff + HomePointsLast5,3,0.5111842105263158,1.022638127868049,0.2038495703997397
ShotDiffLast5 + AwayGoalsAgainstPerGame + AwayPointsLast5,3,0.49605263157894736,1.0226442762718835,0.20425388519030035
ShotOTDiffLast5 + AwayShotsOnTargetLast5 + AwayShotsOnTargetAgainstLast5,3,0.49407894736842106,1.022645000969754,0.20436865875326068
GoalAgainstDiffLast5 + GoalsAgainstPerGameDiff + XGAgainstDiffLast5,3,0.5105263157894737,1.0226518237099411,0.2037666704076261
GoalsPerGameDiff + AwayPPG + AwayGoalsLast5,3,0.5131578947368421,1.0226533423399848,0.2045886502387699
GoalsPerGameDiff + AwayPPG + AwayPointsLast5,3,0.5125,1.0226575229634107,0.20466627554401054
AwayElo + HomeGoalsAgainstLast5 + AwayShotsAgainstLast5,3,0.5052631578947369,1.0226627357278704,0.20441964124206116
GoalsAgainstPerGameDiff + HomeShotsAgainstLast5,2,0.5118421052631579,1.0226820718046115,0.20366372327279755
HomePPG + AwayShotsOnTargetLast5,2,0.5065789473684211,1.0226830912760834,0.20434418610887628
GoalsPerGameDiff + AwayPPG + AwayGoalsAgainstLast5,3,0.5131578947368421,1.0226842551861142,0.2045592939010167
AwayPPG + AwayGDPerGame + HomeShotsAgainstLast5,3,0.5013157894736842,1.0226882985548997,0.20413570716388627
ShotDiffLast5 + AwayGoalsAgainstPerGame + AwayGoalsLast5,3,0.4907894736842105,1.0227043832857374,0.20429040804024073
AwayGDPerGame + HomeGoalsPerGame + AwayGoalsLast5,3,0.5118421052631579,1.0227283599092685,0.2045333162830154
GoalsAgainstPerGameDiff + HomePPG + HomeGoalsPerGame,3,0.5171052631578947,1.022731223590894,0.20357924270911637
GoalDiffLast5 + HomePPG + HomeShotsOnTargetLast5,3,0.49736842105263157,1.0227330908421268,0.2044341070310539
GoalsAgainstPerGameDiff + HomeGoalsLast5 + HomeGoalsAgainstLast5,3,0.5013157894736842,1.022755619926361,0.20382622616340657
GoalsPerGameDiff + AwayGDPerGame + AwayGoalsAgainstLast5,3,0.5125,1.0227576625951025,0.204573265898368
GoalDiffLast5 + AwayElo + AwayPointsLast5,3,0.5,1.0227621357779095,0.2047136978783742
GoalsAgainstPerGameDiff + AwayGoalsAgainstLast5 + HomeShotsAgainstLast5,3,0.5032894736842105,1.0227734692151467,0.20381678904660266
AwayPointsLast5 + AwayShotsOnTargetLast5 + XGForDiffLast5,3,0.5006578947368421,1.022775469441706,0.20459159859417161
GoalAgainstDiffLast5 + HomeGoalsLast5 + AwayShotsOnTargetLast5,3,0.506578947368421,1.0227755707519455,0.2044683201392112
GoalsAgainstPerGameDiff + AwayShotsOnTargetAgainstLast5 + XGAgainstDiffLast5,3,0.5138157894736842,1.02277954876115,0.203845318147604
GoalDiffLast5 + HomeGDPerGame + HomePointsLast5,3,0.5039473684210527,1.0227811772632882,0.2043721061498842
ShotOTDiffLast5 + AwayGoalsAgainstPerGame + AwayShotsOnTargetAgainstLast5,3,0.4986842105263158,1.0227898772804318,0.2044201517856488
AwayPPG + HomeShotsOnTargetLast5 + AwayShotsOnTargetAgainstLast5,3,0.5046052631578947,1.0228009581326987,0.20440696450542775
AwayGDPerGame + AwayGoalsAgainstPerGame + HomeShotsAgainstLast5,3,0.4927631578947368,1.0228035612581388,0.2041104989565634
HomeGoalsPerGame + HomeGoalsAgainstLast5 + AwayShotsOnTargetAgainstLast5,3,0.5026315789473683,1.0228104902957684,0.2040130473710509
ShotOTDiffLast5 + AwayGDPerGame,2,0.4960526315789473,1.022812982426176,0.2044797855597591
ShotOTDiffLast5 + AwayGoalsAgainstPerGame + AwayShotsAgainstLast5,3,0.4953947368421052,1.0228199191681564,0.20441854775181126
AwayElo + AwayGoalsLast5 + HomeGoalsAgainstLast5,3,0.5026315789473684,1.022821419014326,0.2044949436942057
GoalsPerGameDiff + AwayGDPerGame + AwayPointsLast5,3,0.5098684210526316,1.0228392471872843,0.20468509030687115
AwayGoalsAgainstPerGame + HomePointsLast5 + AwayShotsOnTargetAgainstLast5,3,0.49473684210526314,1.0228393388932981,0.20442771366880802
GoalsAgainstPerGameDiff + AwayGoalsAgainstPerGame + HomeGoalsLast5,3,0.5052631578947369,1.0228458145418375,0.20385231350304678
GoalsAgainstPerGameDiff + AwayGoalsAgainstPerGame + HomeShotsAgainstLast5,3,0.506578947368421,1.022851257470422,0.20377105332490408
HomePPG + AwayShotsOnTargetAgainstLast5,2,0.5032894736842105,1.0228862141952852,0.2042884779668342
GoalsPerGameDiff + AwayGoalsLast5,2,0.5078947368421053,1.0228918094533035,0.20465468619788857
HomePPG + AwayGoalsAgainstPerGame + AwayShotsOnTargetAgainstLast5,3,0.5019736842105263,1.0229023920298599,0.20421515959235603
GoalsAgainstPerGameDiff + AwayGoalsLast5 + HomeShotsOnTargetAgainstLast5,3,0.5032894736842105,1.0229176935096318,0.20376339030734394
GoalsPerGameDiff + AwayGDPerGame,2,0.5059210526315789,1.0229271248732725,0.20466011801639894
HomePointsLast5 + HomeGoalsLast5 + XGAgainstDiffLast5,3,0.4960526315789473,1.022939305149222,0.2043552614345386
HomeGoalsLast5 + HomeShotsOnTargetAgainstLast5 + AwayShotsOnTargetAgainstLast5,3,0.5059210526315789,1.0229542822358844,0.20417842948222814
AwayGDPerGame + AwayGoalsAgainstPerGame + HomeShotsOnTargetLast5,3,0.5098684210526316,1.0229705479972213,0.2043582439635014
ShotDiffLast5 + AwayGoalsAgainstPerGame,2,0.49802631578947376,1.0229896621561156,0.2043229328085753
GoalAgainstDiffLast5 + HomeShotsOnTargetLast5 + XGAgainstDiffLast5,3,0.506578947368421,1.0229899223299963,0.20430683673055489
GoalsAgainstPerGameDiff + HomeGoalsAgainstLast5 + XGAgainstDiffLast5,3,0.5092105263157894,1.0229925388765833,0.20392607167744817
GoalsAgainstPerGameDiff + HomeGDPerGame + HomeShotsOnTargetAgainstLast5,3,0.5157894736842106,1.022998181236833,0.20352273762839618
AwayGDPerGame + AwayGoalsAgainstLast5 + HomeShotsAgainstLast5,3,0.49407894736842106,1.0230055441769417,0.204240524078479
HomeGoalsAgainstLast5 + HomeShotsOnTargetLast5 + XGAgainstDiffLast5,3,0.5013157894736842,1.0230147967464625,0.20429535971843227
AwayGDPerGame + HomeShotsAgainstLast5 + HomeShotsOnTargetAgainstLast5,3,0.4960526315789473,1.0230161820038859,0.2041863449374118
GoalsAgainstPerGameDiff + HomePPG + HomeGDPerGame,3,0.5105263157894737,1.0230196234849567,0.2035914727666667
GoalsAgainstPerGameDiff + AwayElo + AwayGoalsAgainstLast5,3,0.4967105263157895,1.0230278386014928,0.20405063405438922
AwayGoalsAgainstLast5 + AwayShotsOnTargetLast5 + XGForDiffLast5,3,0.5006578947368421,1.0230578296786978,0.20460320622059244
GoalsAgainstPerGameDiff + AwayElo,2,0.49473684210526314,1.0230643560324708,0.20409225365364522
GoalAgainstDiffLast5 + GoalsAgainstPerGameDiff + AwayElo,3,0.4953947368421052,1.0230689275937617,0.2042644354302879
GoalAgainstDiffLast5 + AwayGoalsLast5 + HomeShotsOnTargetLast5,3,0.5013157894736842,1.0230800358512675,0.2045411005989782
HomePPG + AwayPointsLast5 + HomeGoalsLast5,3,0.5125,1.023084884197261,0.20458203474684725
GoalsPerGameDiff + AwayGDPerGame + AwayGoalsLast5,3,0.5125,1.0231078555629467,0.2046337495195449
GoalsAgainstPerGameDiff + AwayElo + AwayPointsLast5,3,0.493421052631579,1.02312790421281,0.20409916507749867
ShotDiffLast5 + AwayGoalsAgainstPerGame + AwayGoalsAgainstLast5,3,0.4927631578947368,1.023129957282797,0.20435462908536525
AwayGoalsAgainstPerGame + HomePointsLast5 + AwayGoalsLast5,3,0.5098684210526316,1.0231407681598048,0.20447824671771442
GoalAgainstDiffLast5 + GoalsAgainstPerGameDiff + HomePPG,3,0.5138157894736842,1.0231444318518312,0.20385793874207314
HomeGoalsPerGame + AwayGoalsLast5 + HomeShotsAgainstLast5,3,0.506578947368421,1.0231577914820347,0.20430417005724788
AwayElo + AwayPointsLast5 + HomeGoalsAgainstLast5,3,0.5039473684210526,1.023161694150632,0.2045819376694865
AwayGDPerGame + AwayGoalsAgainstLast5 + HomeShotsOnTargetLast5,3,0.506578947368421,1.023165446161813,0.20443818268741462
HomePointsLast5 + AwayPointsLast5 + AwayShotsOnTargetLast5,3,0.5085526315789474,1.023182372564398,0.2046346641411728
GoalDiffLast5 + AwayGoalsAgainstPerGame + HomePointsLast5,3,0.49868421052631573,1.023186138277048,0.2045014013078467
HomeGoalsLast5 + HomeShotsAgainstLast5 + XGAgainstDiffLast5,3,0.49276315789473685,1.023206580451302,0.20438809462774923
GoalAgainstDiffLast5 + HomePointsLast5 + AwayShotsOnTargetLast5,3,0.5013157894736842,1.023206643395507,0.20458302748312077
HomeShotsAgainstLast5 + AwayShotsAgainstLast5 + AwayShotsOnTargetLast5,3,0.5,1.0232086751670588,0.20432138583979087
ShotDiffLast5 + AwayGoalsAgainstLast5 + AwayShotsAgainstLast5,3,0.4953947368421052,1.0232168709099934,0.20440849461845134
GoalsAgainstPerGameDiff + HomeGoalsLast5 + AwayGoalsAgainstLast5,3,0.5052631578947369,1.0232237282761736,0.20399890441203677
HomePointsLast5 + AwayPointsLast5 + AwayShotsOnTargetAgainstLast5,3,0.5039473684210526,1.0232274988277024,0.20458289607914926
GoalsAgainstPerGameDiff + AwayElo + AwayGoalsLast5,3,0.49802631578947365,1.0232291232038055,0.20410431169487098
AwayGoalsAgainstPerGame + HomePointsLast5 + HomeShotsOnTargetLast5,3,0.5078947368421052,1.0232523424496545,0.20435602812759845
ShotOTDiffLast5 + AwayGoalsLast5 + AwayShotsOnTargetAgainstLast5,3,0.49407894736842106,1.023256661124197,0.20450620784969065
GoalDiffLast5 + AwayPPG + HomeGoalsAgainstLast5,3,0.4993421052631579,1.023258112123302,0.20476091582377492
GoalsPerGameDiff + HomeGoalsPerGame + AwayGoalsLast5,3,0.5085526315789474,1.0232581322408465,0.20469380333749257
HomePPG + AwayPointsLast5 + HomeGoalsAgainstLast5,3,0.5092105263157896,1.0232610416242862,0.20443594044700675
HomeGoalsAgainstLast5 + HomeShotsOnTargetLast5 + AwayShotsOnTargetAgainstLast5,3,0.5006578947368421,1.0232666270588513,0.20424479727255906
ShotOTDiffLast5 + AwayPPG + AwayGDPerGame,3,0.4953947368421053,1.0232682121248582,0.20458631417347298
GoalAgainstDiffLast5 + HomePPG + AwayPointsLast5,3,0.5039473684210526,1.0232689651901816,0.20447848660432982
AwayGoalsAgainstPerGame + HomePointsLast5 + HomeShotsOnTargetAgainstLast5,3,0.4986842105263158,1.0232811617114574,0.20431967208128363
AwayElo + AwayPPG + HomeGoalsAgainstLast5,3,0.49999999999999994,1.0232819587079474,0.20464051417795054
GoalsPerGameDiff + AwayPPG + AwayGDPerGame,3,0.5092105263157894,1.02328225590965,0.20474503323386067
GoalsAgainstPerGameDiff + AwayPPG + HomeShotsOnTargetAgainstLast5,3,0.4986842105263158,1.0232880336307357,0.2039820524839594
ShotDiffLast5 + AwayPointsLast5,2,0.5046052631578948,1.023298633091647,0.20444295460227133
AwayGoalsAgainstLast5 + HomeShotsOnTargetLast5 + XGAgainstDiffLast5,3,0.5039473684210527,1.023310762559265,0.20438197571523092
HomePointsLast5 + AwayGoalsAgainstLast5 + AwayShotsOnTargetLast5,3,0.5032894736842105,1.023319956450592,0.2046735900989944
ShotOTDiffLast5 + AwayPPG + AwayGoalsAgainstPerGame,3,0.493421052631579,1.0233260948439658,0.2045703989909414
AwayGDPerGame + HomeGoalsPerGame + AwayGoalsAgainstLast5,3,0.5138157894736842,1.0233348558945292,0.20464735735465756
AwayGoalsAgainstPerGame + HomeShotsAgainstLast5 + AwayShotsAgainstLast5,3,0.49144736842105263,1.0233352945985723,0.2041475313507128
GoalDiffLast5 + HomePPG + HomeGoalsAgainstLast5,3,0.5032894736842105,1.0233592459241492,0.20455482209074505
GoalAgainstDiffLast5 + AwayPPG + HomeGoalsLast5,3,0.5072368421052631,1.0233635605351918,0.204633968809065
ShotOTDiffLast5 + AwayPPG + AwayPointsLast5,3,0.49144736842105263,1.023378078244163,0.20464890919148618
ShotOTDiffLast5 + AwayShotsOnTargetAgainstLast5,2,0.493421052631579,1.0233845927830036,0.20454329878124386
GoalAgainstDiffLast5 + HomeGoalsPerGame + AwayGoalsLast5,3,0.5013157894736843,1.0233861103959159,0.20438599865620438
HomeGoalsAgainstLast5 + AwayShotsAgainstLast5 + HomeShotsOnTargetLast5,3,0.5013157894736842,1.0233887847697416,0.2043762286435113
HomePPG + HomeGoalsPerGame + AwayShotsAgainstLast5,3,0.5032894736842105,1.0234093223124578,0.2043761290857657
HomeGoalsPerGame + AwayShotsAgainstLast5 + AwayShotsOnTargetLast5,3,0.49473684210526325,1.0234118886642176,0.20459971088145637
GoalsAgainstPerGameDiff + AwayElo + AwayShotsOnTargetAgainstLast5,3,0.49473684210526314,1.0234264882347368,0.20419371694168942
AwayElo + AwayGDPerGame + HomeGoalsAgainstLast5,3,0.4986842105263158,1.023441030043277,0.20466976001781248
HomeGoalsLast5 + AwayShotsAgainstLast5 + XGAgainstDiffLast5,3,0.49736842105263157,1.0234548705014928,0.20442482527926928
HomeGoalsPerGame + AwayPointsLast5 + HomeShotsOnTargetAgainstLast5,3,0.5006578947368422,1.023456402752903,0.20437784196658865
GoalDiffLast5 + HomeGDPerGame + HomeGoalsAgainstLast5,3,0.5032894736842105,1.0234607556500934,0.20447072699218863
GoalDiffLast5 + AwayGoalsAgainstPerGame + HomeGoalsAgainstLast5,3,0.5098684210526315,1.023472724325146,0.20452092721006437
ShotDiffLast5 + AwayShotsAgainstLast5 + AwayShotsOnTargetLast5,3,0.4934210526315789,1.0234866764288866,0.204492304596672
ShotOTDiffLast5 + AwayPPG,2,0.4921052631578947,1.0235084956782212,0.20468585615200469
ShotDiffLast5 + AwayPointsLast5 + AwayGoalsLast5,3,0.5026315789473684,1.0235098499067519,0.20450608199982276
GoalsAgainstPerGameDiff + AwayElo + AwayGDPerGame,3,0.4967105263157895,1.0235118965021481,0.20418593786078146
GoalDiffLast5 + AwayShotsAgainstLast5 + HomeShotsOnTargetLast5,3,0.49999999999999994,1.0235235561491913,0.2047764566150492
ShotOTDiffLast5 + AwayGoalsLast5 + AwayShotsAgainstLast5,3,0.49671052631578944,1.0235440871138581,0.20459461494728182
GoalsAgainstPerGameDiff + HomePPG,2,0.5111842105263158,1.0235530567711173,0.20373814042004423
GoalAgainstDiffLast5 + GoalDiffLast5 + HomeShotsOnTargetAgainstLast5,3,0.5032894736842105,1.023558400070197,0.20466426881122268
ShotOTDiffLast5 + AwayShotsAgainstLast5,2,0.49605263157894736,1.023575592327648,0.20462057529277933
HomePointsLast5 + HomeShotsAgainstLast5 + XGAgainstDiffLast5,3,0.4934210526315789,1.0235808868958833,0.20455044247403237
GoalDiffLast5 + HomeGoalsPerGame + AwayShotsAgainstLast5,3,0.4986842105263158,1.0235894527366018,0.2047681299859075
ShotDiffLast5 + HomeShotsOnTargetLast5,2,0.5032894736842105,1.0235907922110865,0.204444544391095
GoalsAgainstPerGameDiff + HomePPG + AwayGoalsAgainstLast5,3,0.5078947368421052,1.0235968809989866,0.20394592204789086
GoalsAgainstPerGameDiff + HomeShotsAgainstLast5 + HomeShotsOnTargetAgainstLast5,3,0.5078947368421053,1.0236304470925819,0.20384112467078183
GoalsAgainstPerGameDiff + AwayElo + AwayPPG,3,0.4953947368421053,1.023633612870392,0.20421458701843723
ShotOTDiffLast5 + AwayPointsLast5 + AwayShotsOnTargetAgainstLast5,3,0.4934210526315789,1.023656779059286,0.20460364522685862
HomeGoalsPerGame + AwayGoalsAgainstPerGame + HomeShotsAgainstLast5,3,0.5006578947368421,1.0236579495728377,0.20418894803842508
GoalAgainstDiffLast5 + GoalsAgainstPerGameDiff + HomeShotsAgainstLast5,3,0.513157894736842,1.023683504500375,0.2039905805101755
HomeGoalsPerGame + HomePointsLast5 + AwayPointsLast5,3,0.5092105263157894,1.0237178689964002,0.2046263731937853
AwayGDPerGame + HomeGoalsAgainstLast5 + XGAgainstDiffLast5,3,0.4980263157894737,1.0237218199183222,0.20456154237205532
HomePointsLast5 + AwayGoalsLast5 + HomeShotsOnTargetLast5,3,0.4934210526315789,1.0237390672935534,0.2047321637228022
GoalDiffLast5 + HomeShotsOnTargetLast5 + AwayShotsOnTargetAgainstLast5,3,0.5006578947368421,1.0237434045473663,0.20478485430769638
AwayPPG + AwayGoalsAgainstPerGame + HomeShotsAgainstLast5,3,0.4967105263157895,1.0237520522375936,0.20435808861512875
GoalDiffLast5 + HomeShotsAgainstLast5,2,0.5019736842105263,1.0237583325559485,0.20476210515067003
HomePPG + AwayPointsLast5 + AwayGoalsLast5,3,0.5118421052631579,1.0237591193937776,0.20464959660526
HomePPG + AwayGoalsLast5 + AwayGoalsAgainstLast5,3,0.5111842105263158,1.0237645641578863,0.20461280483183628
HomeGDPerGame + HomeGoalsPerGame + AwayGoalsLast5,3,0.506578947368421,1.0238013422930796,0.20427790085337952
ShotOTDiffLast5 + AwayShotsAgainstLast5 + AwayShotsOnTargetAgainstLast5,3,0.49144736842105263,1.0238182143493983,0.20472483794721952
ShotOTDiffLast5 + AwayPointsLast5 + AwayShotsAgainstLast5,3,0.494078947368421,1.023829955328274,0.20467348208290678
GoalAgainstDiffLast5 + HomeGoalsPerGame + AwayShotsAgainstLast5,3,0.5046052631578947,1.023859007413796,0.204334318633707
ShotOTDiffLast5 + AwayGDPerGame + AwayGoalsAgainstPerGame,3,0.4934210526315789,1.023864405269065,0.20464591513798946
GoalDiffLast5 + HomeGDPerGame + HomeGoalsPerGame,3,0.5052631578947369,1.0238706135081326,0.20458325195674928
ShotDiffLast5 + AwayGoalsAgainstPerGame + AwayShotsOnTargetLast5,3,0.4934210526315789,1.023903594273109,0.2045641430606428
GoalsAgainstPerGameDiff + HomeGDPerGame + AwayGoalsAgainstLast5,3,0.5085526315789475,1.0239064730588512,0.2039153351990775
HomePointsLast5 + AwayGoalsAgainstLast5 + HomeShotsAgainstLast5,3,0.49078947368421055,1.0239405671796764,0.20479445102867777
GoalsAgainstPerGameDiff + AwayElo + AwayShotsAgainstLast5,3,0.493421052631579,1.0239409034064502,0.2043405501787886
HomePPG + HomePointsLast5 + AwayGoalsLast5,3,0.5019736842105263,1.023945096940779,0.20467778269904946
HomeGoalsPerGame + HomeGoalsAgainstLast5 + AwayShotsOnTargetLast5,3,0.4953947368421053,1.0239594713386537,0.20444627755236489
HomeGDPerGame + AwayGoalsLast5 + HomeGoalsAgainstLast5,3,0.5032894736842105,1.0239812324239594,0.2042759482570892
HomeGoalsPerGame + AwayShotsOnTargetLast5 + AwayShotsOnTargetAgainstLast5,3,0.4980263157894737,1.023989501969663,0.20466536775415686
AwayGDPerGame + HomeGoalsLast5 + AwayShotsOnTargetLast5,3,0.49605263157894736,1.0240006832541078,0.20495823929455573
GoalDiffLast5 + HomeGoalsPerGame + AwayShotsOnTargetAgainstLast5,3,0.5052631578947369,1.0240051951585956,0.20483365883875532
AwayGoalsLast5 + HomeShotsAgainstLast5 + AwayShotsOnTargetAgainstLast5,3,0.5019736842105262,1.0240105487651958,0.20448390185632834
AwayGoalsAgainstPerGame + HomeShotsAgainstLast5 + AwayShotsOnTargetAgainstLast5,3,0.4967105263157895,1.0240249321452866,0.20433801554822303
GoalAgainstDiffLast5 + GoalsAgainstPerGameDiff + HomeGDPerGame,3,0.513157894736842,1.0240273415634515,0.20395232447061828
HomePPG + AwayGoalsAgainstPerGame + HomeShotsOnTargetAgainstLast5,3,0.506578947368421,1.0240282578302293,0.20415952541531124
AwayPointsLast5 + HomeShotsOnTargetLast5 + HomeShotsOnTargetAgainstLast5,3,0.49868421052631573,1.0240340830672643,0.20470979510169326
GoalAgainstDiffLast5 + HomePPG + HomeShotsOnTargetLast5,3,0.5059210526315789,1.0240348059693813,0.2046439614157667
HomePointsLast5 + AwayPointsLast5 + HomeShotsOnTargetAgainstLast5,3,0.5006578947368421,1.0240565572585583,0.20488915375610842
HomePointsLast5 + HomeShotsOnTargetAgainstLast5 + XGAgainstDiffLast5,3,0.49736842105263157,1.024068334109297,0.20472037396905918
ShotDiffLast5 + AwayGoalsLast5 + AwayGoalsAgainstLast5,3,0.4967105263157895,1.0240735117454813,0.20463779866930665
ShotOTDiffLast5 + AwayGDPerGame + AwayGoalsAgainstLast5,3,0.49473684210526314,1.0240742181793034,0.20475667350485785
HomePointsLast5 + XGAgainstDiffLast5,2,0.49736842105263157,1.0240762677659783,0.2046487516079117
GoalsAgainstPerGameDiff + HomePPG + AwayGoalsAgainstPerGame,3,0.5144736842105263,1.0240848094458248,0.2039715735591063
GoalDiffLast5 + HomeGoalsAgainstLast5 + HomeShotsAgainstLast5,3,0.5052631578947369,1.024101878698552,0.2047400423111218
HomePPG + AwayGoalsAgainstLast5 + AwayShotsOnTargetAgainstLast5,3,0.4993421052631579,1.024116162544487,0.20458174410303046
ShotOTDiffLast5 + AwayGoalsAgainstPerGame + HomeShotsOnTargetLast5,3,0.5019736842105263,1.02413581742621,0.20465803401870727
AwayGoalsAgainstPerGame + HomeShotsOnTargetLast5 + AwayShotsOnTargetLast5,3,0.5019736842105263,1.0241377226347037,0.2046586343628046
ShotOTDiffLast5 + AwayGoalsAgainstPerGame + AwayShotsOnTargetLast5,3,0.5019736842105263,1.024139836136221,0.2046591432002097
GoalDiffLast5 + HomePPG,2,0.4986842105263158,1.0241707563216158,0.20486656581821377
HomePPG + AwayGoalsAgainstPerGame + AwayGoalsLast5,3,0.5144736842105263,1.0241893463322458,0.2044497001029376
GoalDiffLast5 + HomePointsLast5 + AwayShotsOnTargetLast5,3,0.49736842105263157,1.024194710586933,0.20492117231183604
AwayGDPerGame + HomeShotsOnTargetAgainstLast5 + AwayShotsOnTargetAgainstLast5,3,0.49276315789473685,1.024195650137233,0.20446995913082008
GoalAgainstDiffLast5 + HomePPG + HomeShotsAgainstLast5,3,0.49802631578947376,1.0241976958955528,0.20463258201662388
AwayPPG + HomeGoalsLast5 + HomeShotsOnTargetLast5,3,0.5006578947368421,1.024203863108707,0.2047092030562464
AwayPPG + HomeShotsAgainstLast5 + AwayShotsOnTargetLast5,3,0.4953947368421053,1.0242090101376582,0.20464500854377685
HomePPG + HomeGoalsPerGame + AwayShotsOnTargetAgainstLast5,3,0.4986842105263158,1.0242150624029092,0.2045526686246919
GoalsAgainstPerGameDiff + HomeGDPerGame,2,0.5111842105263158,1.0242370351877241,0.2038139901437655
HomePPG + AwayGoalsAgainstPerGame + AwayPointsLast5,3,0.5138157894736842,1.024247456972069,0.2046458448465064
ShotOTDiffLast5 + AwayPointsLast5 + HomeGoalsLast5,3,0.4940789473684211,1.0242656559511312,0.20481234666927703
AwayGoalsAgainstPerGame + HomeShotsOnTargetLast5 + HomeShotsOnTargetAgainstLast5,3,0.49342105263157887,1.0242722566562517,0.20441593936261707
HomeGDPerGame + AwayGoalsAgainstLast5 + HomeShotsOnTargetAgainstLast5,3,0.5006578947368421,1.024282243319421,0.20429798169772184
ShotDiffLast5 + AwayGoalsLast5,2,0.5,1.0242853187916843,0.20473792939968424
ShotDiffLast5 + AwayPointsLast5 + AwayShotsOnTargetLast5,3,0.5032894736842105,1.0243006418467266,0.20467265773395527
HomeGoalsLast5 + HomeShotsOnTargetAgainstLast5 + XGAgainstDiffLast5,3,0.4901315789473684,1.0243103344789315,0.20465690101402437
GoalAgainstDiffLast5 + GoalDiffLast5 + AwayGDPerGame,3,0.5,1.0243233850396043,0.20497460600328024
HomePPG + AwayPointsLast5,2,0.5039473684210526,1.024386896221484,0.2047946999107854
GoalAgainstDiffLast5 + GoalDiffLast5 + HomePointsLast5,3,0.49605263157894736,1.0243945631764855,0.20490640604050675
GoalAgainstDiffLast5 + HomeGDPerGame + HomeShotsOnTargetLast5,3,0.5006578947368421,1.0244113310546996,0.20460139408252392
HomeGoalsLast5 + XGAgainstDiffLast5,2,0.4934210526315789,1.024419361671986,0.20467738712598674
HomeGoalsLast5 + AwayShotsOnTargetLast5 + HomeShotsOnTargetAgainstLast5,3,0.4993421052631579,1.0244266107436664,0.20483741880459053
HomePPG + HomeGoalsPerGame + AwayShotsOnTargetLast5,3,0.5,1.0244450835263177,0.20467936923237687
GoalDiffLast5 + HomeGoalsPerGame + HomeShotsOnTargetAgainstLast5,3,0.5072368421052631,1.024455343748967,0.20470686582188583
GoalsAgainstPerGameDiff + AwayPointsLast5 + HomeShotsOnTargetAgainstLast5,3,0.5052631578947369,1.024456037315798,0.20417771556706282
AwayGoalsAgainstPerGame + HomePointsLast5 + AwayPointsLast5,3,0.5059210526315789,1.024459922273176,0.20486088108524034
GoalDiffLast5 + HomeShotsOnTargetLast5 + HomeShotsOnTargetAgainstLast5,3,0.49210526315789477,1.0244647753121234,0.20481869244439177
AwayElo + AwayGoalsAgainstPerGame + HomeGoalsAgainstLast5,3,0.4947368421052632,1.0244718998769486,0.20487848361892544
GoalsAgainstPerGameDiff + HomeGoalsAgainstLast5 + HomeShotsAgainstLast5,3,0.5085526315789474,1.024482779390422,0.20398277632500011
HomeGoalsLast5 + AwayShotsOnTargetAgainstLast5 + XGAgainstDiffLast5,3,0.49934210526315786,1.0245107835851306,0.2045680772785944
HomeGDPerGame + HomePointsLast5 + AwayGoalsAgainstLast5,3,0.49736842105263157,1.0245242909187755,0.2046292406031105
GoalDiffLast5 + HomeGoalsLast5 + HomeShotsAgainstLast5,3,0.5013157894736842,1.0245348273205812,0.2049330470153991
ShotDiffLast5 + AwayPointsLast5 + AwayGoalsAgainstLast5,3,0.5026315789473683,1.024536627109099,0.2047036423953668
ShotOTDiffLast5 + AwayGoalsAgainstLast5 + AwayShotsOnTargetAgainstLast5,3,0.4921052631578947,1.0245369418639254,0.20480527005545152
HomeGoalsLast5 + AwayGoalsLast5 + HomeShotsAgainstLast5,3,0.5013157894736842,1.024546287514097,0.20493484007982735
GoalDiffLast5 + AwayGoalsLast5 + HomeShotsAgainstLast5,3,0.5019736842105263,1.0245501122580516,0.20493715736949936
AwayGDPerGame + HomeGoalsLast5 + AwayShotsAgainstLast5,3,0.5111842105263158,1.0245521230544765,0.20502527376881932
HomePointsLast5 + HomeGoalsAgainstLast5 + XGAgainstDiffLast5,3,0.4967105263157895,1.0245607602129514,0.2047787244461101
ShotOTDiffLast5 + AwayGoalsAgainstLast5 + AwayShotsAgainstLast5,3,0.4927631578947369,1.0245868527047706,0.20485111069149467
AwayPointsLast5 + HomeShotsAgainstLast5 + AwayShotsAgainstLast5,3,0.4953947368421052,1.0245998997358687,0.2045756692027995
HomePPG + HomeGoalsLast5 + AwayGoalsLast5,3,0.5032894736842105,1.0246268983408116,0.2049369917124412
GoalDiffLast5 + HomePPG + AwayGoalsLast5,3,0.5032894736842105,1.0246279945655536,0.20493823032281716
ShotDiffLast5 + AwayGoalsAgainstLast5,2,0.4953947368421053,1.024629907319036,0.2047256607963621
HomeGDPerGame + AwayGoalsAgainstLast5 + HomeShotsOnTargetLast5,3,0.4986842105263158,1.024629950491228,0.20453946635136183
GoalDiffLast5 + HomePPG + HomeGoalsLast5,3,0.5039473684210527,1.0246478468490852,0.20494315138895478
GoalAgainstDiffLast5 + AwayPPG + HomeShotsAgainstLast5,3,0.48815789473684207,1.0246840820260146,0.20471868200378346
ShotOTDiffLast5 + GoalDiffLast5 + AwayGoalsAgainstLast5,3,0.49473684210526314,1.0246963999733967,0.20494570325093225
ShotOTDiffLast5 + AwayGoalsAgainstPerGame + AwayGoalsLast5,3,0.49934210526315786,1.024699316717534,0.20481064136960597
GoalAgainstDiffLast5 + GoalDiffLast5 + AwayShotsAgainstLast5,3,0.5032894736842105,1.0247120929617626,0.20499561906198005
ShotOTDiffLast5 + HomeGoalsLast5 + AwayGoalsAgainstLast5,3,0.4934210526315789,1.0247145078327509,0.204858832833645
HomePPG + AwayGoalsAgainstPerGame + HomeShotsOnTargetLast5,3,0.5052631578947369,1.024773014958415,0.20455826848693473
GoalAgainstDiffLast5 + GoalDiffLast5 + AwayPPG,3,0.4953947368421053,1.0247762011297048,0.20513482113837006
HomePointsLast5 + HomeGoalsLast5 + AwayShotsOnTargetLast5,3,0.4980263157894737,1.0247906893269183,0.20504577747119496
GoalDiffLast5 + AwayElo + AwayShotsOnTargetAgainstLast5,3,0.4960526315789474,1.024809058461586,0.2052644009197282
GoalsAgainstPerGameDiff + HomePPG + HomeGoalsAgainstLast5,3,0.5131578947368421,1.024870824471427,0.2040193736390032
HomePointsLast5 + AwayGoalsAgainstLast5 + XGAgainstDiffLast5,3,0.5032894736842106,1.024875438361985,0.2048187754983825
ShotOTDiffLast5 + HomeGoalsLast5 + AwayGoalsLast5,3,0.4907894736842105,1.0248790224616375,0.2049829905833411
ShotOTDiffLast5 + GoalDiffLast5 + HomeGoalsLast5,3,0.4907894736842105,1.0248815179752908,0.2049843514428062
ShotOTDiffLast5 + GoalDiffLast5 + AwayGoalsLast5,3,0.4907894736842105,1.024887250377712,0.20498519432336268
HomePointsLast5 + AwayGoalsLast5 + AwayShotsOnTargetLast5,3,0.4986842105263158,1.0248911296489247,0.20503994795049788
GoalAgainstDiffLast5 + AwayShotsAgainstLast5 + HomeShotsOnTargetLast5,3,0.49736842105263157,1.0249204415449562,0.20484542196214997
AwayGDPerGame + AwayShotsAgainstLast5 + HomeShotsOnTargetAgainstLast5,3,0.49736842105263157,1.0249233827110618,0.20460629089225962
GoalAgainstDiffLast5 + HomeGoalsPerGame + HomeShotsAgainstLast5,3,0.49473684210526314,1.024926712264608,0.2046357106560841
ShotOTDiffLast5 + AwayGoalsAgainstPerGame,2,0.5,1.024929301821343,0.20487757900425393
ShotOTDiffLast5 + AwayGoalsAgainstPerGame + AwayPointsLast5,3,0.5006578947368422,1.0249503886007076,0.20486953865190577
AwayGoalsLast5 + HomeShotsAgainstLast5 + AwayShotsAgainstLast5,3,0.5,1.0249545163258806,0.20466812326905978
GoalDiffLast5 + HomeShotsAgainstLast5 + HomeShotsOnTargetAgainstLast5,3,0.5026315789473684,1.0249690500595412,0.20499682865731095
HomeShotsAgainstLast5 + AwayShotsOnTargetLast5 + XGAgainstDiffLast5,3,0.4960526315789474,1.0249777102099846,0.204823819471499
HomePointsLast5 + AwayShotsAgainstLast5 + AwayShotsOnTargetAgainstLast5,3,0.5098684210526315,1.0249915093511706,0.2050507309975943
AwayPointsLast5 + HomeShotsAgainstLast5 + AwayShotsOnTargetAgainstLast5,3,0.49342105263157887,1.0250024906989268,0.20464748509119524
ShotOTDiffLast5 + AwayPPG + AwayGoalsAgainstLast5,3,0.49407894736842106,1.0250098660762472,0.20501953231066694
GoalDiffLast5 + AwayGoalsAgainstLast5 + HomeShotsOnTargetAgainstLast5,3,0.5006578947368421,1.0250231837512,0.20494218703533257
AwayGoalsAgainstPerGame + HomeShotsAgainstLast5 + AwayShotsOnTargetLast5,3,0.4828947368421052,1.025028203455825,0.20477878123955584
HomePPG + HomeShotsAgainstLast5 + HomeShotsOnTargetLast5,3,0.49407894736842106,1.0250380877062173,0.20477483427722307
AwayPPG + AwayGoalsLast5 + HomeShotsOnTargetLast5,3,0.5059210526315789,1.0250665411422362,0.2050125277466908
HomeGoalsPerGame + AwayGoalsAgainstLast5 + HomeShotsAgainstLast5,3,0.5,1.025089866535367,0.2046150536411819
HomePPG + AwayGoalsAgainstLast5 + HomeShotsOnTargetAgainstLast5,3,0.49473684210526314,1.0251491664497323,0.20475381107382554
AwayPPG + AwayGoalsAgainstPerGame + HomeShotsOnTargetLast5,3,0.5052631578947369,1.0251538710122898,0.2049667906353829
ShotDiffLast5 + AwayGoalsLast5 + AwayShotsOnTargetLast5,3,0.5,1.0251868457907047,0.20495570041623018
AwayGDPerGame + HomeGoalsLast5 + AwayShotsOnTargetAgainstLast5,3,0.5032894736842105,1.0252030655834705,0.20513875111969512
ShotOTDiffLast5 + GoalDiffLast5,2,0.4947368421052632,1.0252233409041502,0.20510200618315674
ShotOTDiffLast5 + GoalDiffLast5 + AwayPointsLast5,3,0.4953947368421053,1.0252234301564427,0.20510051565371
GoalAgainstDiffLast5 + HomeGoalsLast5 + XGAgainstDiffLast5,3,0.5,1.0252351796596928,0.2048021693096182
HomePointsLast5 + AwayShotsOnTargetLast5,2,0.5013157894736843,1.025266251301737,0.20514303429370484
AwayElo + HomeGoalsAgainstLast5 + AwayGoalsAgainstLast5,3,0.49078947368421055,1.025297659135892,0.20521297874058173
AwayGoalsAgainstPerGame + HomeShotsAgainstLast5 + XGAgainstDiffLast5,3,0.49407894736842106,1.0252994225648229,0.2046430061736675
HomeGoalsPerGame + AwayShotsAgainstLast5 + HomeShotsOnTargetLast5,3,0.4953947368421052,1.0253107816091815,0.20487317077957007
GoalAgainstDiffLast5 + AwayElo + HomeGoalsAgainstLast5,3,0.49078947368421055,1.0253195808078504,0.2052194677027866
ShotOTDiffLast5 + GoalDiffLast5 + AwayShotsOnTargetLast5,3,0.49144736842105263,1.0253358748391987,0.20510820173302452
GoalDiffLast5 + HomeShotsOnTargetLast5 + AwayShotsOnTargetLast5,3,0.49144736842105263,1.0253409859509142,0.20511012375179102
ShotOTDiffLast5 + GoalDiffLast5 + HomeShotsOnTargetLast5,3,0.49144736842105263,1.025343725255009,0.2051102495726166
GoalAgainstDiffLast5 + AwayElo + AwayGoalsAgainstLast5,3,0.49013157894736836,1.0253443656695125,0.2052255522809866
HomeGoalsPerGame + HomePointsLast5 + AwayGoalsLast5,3,0.5006578947368421,1.0253498303397284,0.20501626074707058
ShotDiffLast5,1,0.5052631578947369,1.0253509981114217,0.20491787196081085
HomePointsLast5 + HomeGoalsLast5 + AwayShotsAgainstLast5,3,0.506578947368421,1.0253599435853964,0.2051341064879642
AwayGoalsAgainstPerGame + HomeGoalsLast5 + HomeShotsOnTargetAgainstLast5,3,0.48947368421052634,1.0253695793465387,0.20466225679072705
ShotOTDiffLast5 + AwayGoalsAgainstPerGame + AwayGoalsAgainstLast5,3,0.49605263157894736,1.0253890951623925,0.2049889531379223
HomeGoalsLast5 + HomeGoalsAgainstLast5 + AwayShotsAgainstLast5,3,0.49934210526315786,1.025410197485411,0.2049412789873986
GoalDiffLast5 + AwayElo,2,0.49407894736842106,1.0254179077618015,0.20538518933839098
GoalDiffLast5 + HomePPG + HomePointsLast5,3,0.4960526315789473,1.025429317636828,0.20508234906424155
GoalDiffLast5 + HomePointsLast5 + HomeShotsOnTargetAgainstLast5,3,0.4881578947368421,1.025435092768685,0.2051724695206483
HomePointsLast5 + AwayShotsAgainstLast5,2,0.5039473684210527,1.02543962813899,0.205144639532531
ShotDiffLast5 + AwayGoalsAgainstLast5 + AwayShotsOnTargetLast5,3,0.49276315789473685,1.0254592251810464,0.20493489050192243
HomeGoalsLast5 + HomeGoalsAgainstLast5 + XGAgainstDiffLast5,3,0.4901315789473685,1.0254594550597511,0.20488062491140807
GoalsAgainstPerGameDiff + HomeGoalsAgainstLast5 + AwayShotsOnTargetLast5,3,0.5026315789473684,1.0254708281427567,0.204450277080918
AwayPPG + HomeShotsOnTargetAgainstLast5 + XGAgainstDiffLast5,3,0.48750000000000004,1.0254834317783592,0.20495840219346834
GoalDiffLast5 + HomePPG + HomeGoalsPerGame,3,0.49736842105263157,1.025553629543415,0.20513700778116245
GoalAgainstDiffLast5 + HomePointsLast5 + AwayShotsAgainstLast5,3,0.5059210526315789,1.0256009603792857,0.20508363802045954
GoalDiffLast5 + AwayGoalsAgainstPerGame + HomeShotsOnTargetLast5,3,0.49934210526315786,1.025644772209751,0.2050397357108209
GoalAgainstDiffLast5 + HomeGDPerGame + HomeShotsAgainstLast5,3,0.49276315789473685,1.025690485299118,0.204810946318145
GoalsAgainstPerGameDiff + AwayShotsAgainstLast5 + AwayShotsOnTargetLast5,3,0.4940789473684211,1.025699135823191,0.2045639210547505
AwayGDPerGame + AwayGoalsAgainstLast5 + XGAgainstDiffLast5,3,0.4980263157894737,1.0257140293926543,0.20502781104899445
HomeGoalsLast5 + HomeGoalsAgainstLast5 + AwayShotsOnTargetAgainstLast5,3,0.5013157894736842,1.0257448763229582,0.20492805904431183
GoalDiffLast5 + AwayElo + AwayShotsAgainstLast5,3,0.49473684210526314,1.025765850356613,0.2055155276589596
AwayGoalsAgainstLast5 + HomeShotsAgainstLast5 + HomeShotsOnTargetLast5,3,0.4947368421052632,1.0257796846187703,0.20491374474172142
AwayPointsLast5 + HomeGoalsAgainstLast5 + HomeShotsOnTargetLast5,3,0.5013157894736843,1.0257806912231957,0.20510090155288366
GoalAgainstDiffLast5 + HomeShotsAgainstLast5 + HomeShotsOnTargetLast5,3,0.49276315789473685,1.0257984662533144,0.2050093982383977
AwayPPG + HomeGoalsAgainstLast5 + HomeShotsAgainstLast5,3,0.5026315789473683,1.025799546163383,0.204791977836163
ShotDiffLast5 + AwayShotsOnTargetLast5,2,0.5013157894736842,1.0258090917500549,0.2050556456503854
HomeGoalsPerGame + AwayPointsLast5 + HomeGoalsAgainstLast5,3,0.49868421052631584,1.025811349493175,0.20498576580629965
GoalAgainstDiffLast5 + GoalDiffLast5 + AwayGoalsAgainstPerGame,3,0.5059210526315789,1.0258329579899794,0.20521300133696846
HomePointsLast5 + AwayGoalsAgainstLast5 + AwayShotsAgainstLast5,3,0.4993421052631579,1.0258396106995677,0.2052465191976671
HomePPG + AwayPointsLast5 + AwayGoalsAgainstLast5,3,0.5,1.025841512563015,0.20516195014761002
AwayPPG + AwayPointsLast5 + HomeShotsAgainstLast5,3,0.4894736842105263,1.0258505106615443,0.2049569551919923
HomePointsLast5 + HomeGoalsAgainstLast5 + AwayShotsOnTargetAgainstLast5,3,0.49605263157894736,1.0258514330008066,0.20508047919948855
HomeGoalsLast5 + AwayGoalsAgainstLast5 + XGAgainstDiffLast5,3,0.5006578947368421,1.0258852886599947,0.20495547398273056
HomePPG + HomeGoalsPerGame + AwayPointsLast5,3,0.5046052631578948,1.0258887311665381,0.2050913936997248
AwayGDPerGame + AwayShotsOnTargetLast5 + XGAgainstDiffLast5,3,0.4901315789473685,1.0259028516342705,0.2051776955145591
GoalDiffLast5 + AwayElo + AwayShotsOnTargetLast5,3,0.49210526315789477,1.025909388478785,0.2054892454774554
ShotOTDiffLast5 + HomeGoalsLast5,2,0.4934210526315789,1.0259135261497994,0.20517005124432658
AwayPPG + AwayPointsLast5 + HomeShotsOnTargetLast5,3,0.5039473684210527,1.0259248207284963,0.20519845517869878
HomePointsLast5 + HomeGoalsAgainstLast5 + AwayShotsAgainstLast5,3,0.5006578947368422,1.0259302363640022,0.20514837956671744
GoalAgainstDiffLast5 + HomePointsLast5 + XGAgainstDiffLast5,3,0.4993421052631579,1.025941871196252,0.20503272384956403
HomePPG + AwayGoalsAgainstPerGame + HomePointsLast5,3,0.5052631578947369,1.025951826152944,0.20484065045787248
GoalsAgainstPerGameDiff + AwayShotsOnTargetLast5 + AwayShotsOnTargetAgainstLast5,3,0.5092105263157896,1.0259722436449588,0.2045259595351022
HomeGoalsLast5 + HomeGoalsAgainstLast5 + AwayShotsOnTargetLast5,3,0.49802631578947365,1.0259933148137454,0.20521474052380814
HomePointsLast5 + AwayShotsOnTargetAgainstLast5,2,0.4947368421052632,1.0260129722781794,0.20522399842990882
GoalsAgainstPerGameDiff + HomeGoalsAgainstLast5 + AwayShotsAgainstLast5,3,0.5026315789473684,1.0260136031292786,0.2046025778657752
HomePointsLast5 + HomeGoalsAgainstLast5 + AwayShotsOnTargetLast5,3,0.4953947368421053,1.0260157494438888,0.20531876854361608
GoalAgainstDiffLast5 + GoalDiffLast5 + AwayShotsOnTargetAgainstLast5,3,0.5059210526315789,1.0260209411990031,0.205254070553518
GoalDiffLast5 + HomeGoalsAgainstLast5 + HomeShotsOnTargetLast5,3,0.49407894736842106,1.026042765134781,0.20521507127829575
AwayPPG + HomeGoalsLast5 + AwayShotsOnTargetLast5,3,0.4881578947368421,1.0260524939419566,0.20545426046164691
HomePPG + AwayGoalsAgainstLast5 + HomeShotsOnTargetLast5,3,0.5019736842105262,1.0260770122743128,0.20512413355853462
GoalAgainstDiffLast5 + GoalDiffLast5 + AwayShotsOnTargetLast5,3,0.4993421052631579,1.0260813138556641,0.20534448775821218
GoalAgainstDiffLast5 + GoalDiffLast5 + AwayPointsLast5,3,0.5006578947368421,1.026108597345068,0.20530323642932383
GoalsAgainstPerGameDiff + HomeGDPerGame + HomeGoalsAgainstLast5,3,0.5098684210526315,1.02611223946454,0.20416790065416482
HomePPG + AwayGoalsLast5 + HomeGoalsAgainstLast5,3,0.49736842105263157,1.0261124044150431,0.2050639128698979
AwayPPG + AwayGoalsLast5 + HomeShotsAgainstLast5,3,0.49407894736842106,1.0261445898669732,0.20496693634805774
HomePointsLast5 + HomeGoalsLast5 + AwayShotsOnTargetAgainstLast5,3,0.49868421052631573,1.0261467730788234,0.20525676851464594
GoalDiffLast5 + AwayElo + AwayPPG,3,0.49013157894736836,1.0261781105007293,0.20556691158741033
GoalAgainstDiffLast5 + HomePPG + AwayGoalsAgainstPerGame,3,0.5006578947368421,1.0261955861702698,0.20501951816562866
AwayGoalsLast5 + HomeShotsOnTargetLast5 + AwayShotsOnTargetAgainstLast5,3,0.49210526315789477,1.0261971576818376,0.20528248015163117
GoalAgainstDiffLast5 + GoalDiffLast5 + HomeGoalsLast5,3,0.5032894736842105,1.0262095829244524,0.205319242960706
GoalAgainstDiffLast5 + HomeGoalsLast5 + AwayGoalsLast5,3,0.5032894736842105,1.0262160182067912,0.20532069471473516
AwayPPG + HomeShotsOnTargetLast5,2,0.5078947368421053,1.026225449620152,0.2051655836966549
HomeGoalsAgainstLast5 + HomeShotsAgainstLast5 + AwayShotsOnTargetAgainstLast5,3,0.5006578947368421,1.0262290892718073,0.2047504539698365
GoalAgainstDiffLast5 + GoalDiffLast5 + AwayGoalsLast5,3,0.5032894736842105,1.0262345033510092,0.20532627490089714
AwayGoalsLast5 + HomeShotsOnTargetLast5 + HomeShotsOnTargetAgainstLast5,3,0.4934210526315789,1.0262487377740168,0.20520364487412657
GoalAgainstDiffLast5 + HomeShotsAgainstLast5 + AwayShotsAgainstLast5,3,0.4993421052631579,1.0262510068045811,0.20488712818894295
ShotOTDiffLast5 + HomeGoalsLast5 + AwayShotsOnTargetLast5,3,0.4967105263157895,1.0262620379561398,0.20525367522034788
ShotOTDiffLast5 + HomeGoalsLast5 + HomeShotsOnTargetLast5,3,0.4960526315789474,1.0262627323829112,0.20525301541565918
HomeGoalsLast5 + HomeShotsOnTargetLast5 + AwayShotsOnTargetLast5,3,0.4960526315789474,1.0262712015629594,0.20525528141001695
HomeGDPerGame + HomeShotsAgainstLast5 + HomeShotsOnTargetLast5,3,0.4993421052631579,1.0262770936006955,0.20494588492595353
AwayGDPerGame + AwayPointsLast5 + XGAgainstDiffLast5,3,0.49473684210526314,1.0262850002328698,0.2050786998562696
AwayGDPerGame + XGAgainstDiffLast5,2,0.49078947368421055,1.0263193500157173,0.20519278782940226
AwayGoalsLast5 + AwayShotsAgainstLast5 + HomeShotsOnTargetLast5,3,0.4888157894736842,1.026365156527225,0.2053434546642179
HomeGoalsPerGame + AwayGoalsLast5 + AwayShotsAgainstLast5,3,0.5059210526315789,1.026367468431112,0.20528458029989988
HomeGoalsPerGame + AwayGoalsLast5 + HomeShotsOnTargetAgainstLast5,3,0.4901315789473684,1.0264091291477684,0.20502607425479144
AwayPPG + HomeShotsOnTargetAgainstLast5 + AwayShotsOnTargetAgainstLast5,3,0.4901315789473684,1.0264209569503384,0.2050227509255593
HomeGoalsPerGame + HomeShotsOnTargetLast5 + AwayShotsOnTargetAgainstLast5,3,0.4901315789473684,1.0264441814040763,0.2050978197185496
HomePPG + HomeGDPerGame + AwayGoalsAgainstLast5,3,0.5032894736842105,1.02647358695148,0.20495887844958846
GoalDiffLast5 + HomeGoalsPerGame + HomeGoalsAgainstLast5,3,0.5026315789473683,1.0264827233823821,0.20524410875818674
AwayGDPerGame + HomeGoalsLast5,2,0.5019736842105263,1.026497374701274,0.2054072032905287
AwayPPG + HomeShotsAgainstLast5,2,0.5006578947368421,1.0265115696652147,0.20498727338077413
AwayGDPerGame + AwayPointsLast5 + HomeGoalsLast5,3,0.5052631578947369,1.0265202380246425,0.20546996106195586
ShotOTDiffLast5 + AwayPointsLast5 + AwayShotsOnTargetLast5,3,0.4960526315789473,1.0265412018778417,0.20529906532100925
ShotOTDiffLast5 + AwayPointsLast5 + HomeShotsOnTargetLast5,3,0.4960526315789473,1.0265449303202774,0.2053002860235229
AwayPointsLast5 + HomeShotsOnTargetLast5 + AwayShotsOnTargetLast5,3,0.4960526315789473,1.0265556202609645,0.2053028856449572
GoalsAgainstPerGameDiff + HomeGoalsAgainstLast5 + AwayShotsOnTargetAgainstLast5,3,0.5085526315789474,1.0265842769832858,0.20459615358205982
GoalDiffLast5 + AwayShotsOnTargetLast5 + HomeShotsOnTargetAgainstLast5,3,0.4967105263157895,1.0266484123368513,0.20543619192893975
GoalAgainstDiffLast5 + HomeGoalsPerGame + AwayShotsOnTargetAgainstLast5,3,0.5039473684210527,1.0266513729625277,0.20494412552280925
HomePointsLast5 + AwayGoalsLast5 + HomeShotsOnTargetAgainstLast5,3,0.49078947368421055,1.0266644135318228,0.2054568840168459
GoalAgainstDiffLast5 + GoalDiffLast5,2,0.5039473684210526,1.0266692888813935,0.20547248957640948
GoalsAgainstPerGameDiff + AwayGoalsLast5 + AwayShotsOnTargetLast5,3,0.5026315789473684,1.0266717168820143,0.2046580051562608
HomeGoalsAgainstLast5 + HomeShotsAgainstLast5 + AwayShotsAgainstLast5,3,0.5,1.0266746637637145,0.204926492488632
AwayPointsLast5 + HomeGoalsLast5 + HomeShotsOnTargetAgainstLast5,3,0.49473684210526314,1.0266865688546392,0.20545962957911634
GoalAgainstDiffLast5 + GoalsAgainstPerGameDiff + AwayShotsOnTargetLast5,3,0.5006578947368421,1.0266905471244947,0.20481289569113245
GoalAgainstDiffLast5 + HomeGoalsPerGame + HomeShotsOnTargetLast5,3,0.49671052631578944,1.026716909650173,0.20513222847884757
GoalAgainstDiffLast5 + HomePointsLast5 + AwayGoalsLast5,3,0.49407894736842106,1.026718557264641,0.20546616778050725
GoalAgainstDiffLast5 + HomePPG + HomeGDPerGame,3,0.49934210526315786,1.0267196811732755,0.2051487385399536
AwayGoalsAgainstPerGame + HomeGoalsAgainstLast5 + HomeShotsOnTargetLast5,3,0.5019736842105263,1.0267315240833481,0.205066273183654
GoalAgainstDiffLast5 + HomeGoalsLast5 + HomeShotsAgainstLast5,3,0.4907894736842105,1.026740955434112,0.20529390676351394
GoalDiffLast5 + AwayElo + AwayGDPerGame,3,0.49473684210526314,1.0267659815877994,0.20568605860265954
GoalsAgainstPerGameDiff + AwayGDPerGame + HomeGoalsAgainstLast5,3,0.49999999999999994,1.0267727340559494,0.20491439623952912
GoalDiffLast5 + AwayGDPerGame + HomeGoalsLast5,3,0.5039473684210527,1.0267743366646749,0.2054805124332992
GoalDiffLast5 + AwayGDPerGame + AwayGoalsLast5,3,0.5039473684210527,1.0267831682004487,0.20548159524011317
HomeGoalsPerGame + AwayGoalsLast5 + AwayShotsOnTargetAgainstLast5,3,0.5,1.0267908167906539,0.20535451746999095
AwayPPG + HomeGoalsAgainstLast5 + XGAgainstDiffLast5,3,0.4927631578947368,1.0267940602545462,0.20528049879227314
AwayGDPerGame + HomeGoalsLast5 + AwayGoalsLast5,3,0.5039473684210526,1.0267964580970614,0.20548206386257767
AwayPPG + HomeGoalsLast5 + AwayShotsAgainstLast5,3,0.5046052631578948,1.0267993131479205,0.2055756382455429
HomeShotsAgainstLast5 + AwayShotsAgainstLast5 + AwayShotsOnTargetAgainstLast5,3,0.5006578947368421,1.0268316479194552,0.20502256262518745
GoalsAgainstPerGameDiff + AwayShotsOnTargetLast5,2,0.5006578947368421,1.02684330556357,0.20470745891273434
HomePPG + AwayGoalsLast5,2,0.5013157894736843,1.0268459679070552,0.20532700499610082
HomeGoalsLast5 + AwayShotsAgainstLast5 + AwayShotsOnTargetLast5,3,0.4980263157894737,1.0268472597428875,0.20562469873368358
GoalDiffLast5 + AwayElo + AwayGoalsAgainstPerGame,3,0.49407894736842106,1.0268572606703619,0.20563889581285208
AwayGDPerGame + HomeGoalsAgainstLast5 + HomeShotsOnTargetAgainstLast5,3,0.4980263157894737,1.0268721442106923,0.20520381967013743
AwayGDPerGame + AwayGoalsLast5 + XGAgainstDiffLast5,3,0.4881578947368421,1.0269204468415989,0.2052978766931583
HomeGoalsPerGame + AwayGoalsAgainstPerGame + HomePointsLast5,3,0.4953947368421053,1.0269427243592808,0.20519667496241195
AwayGoalsAgainstPerGame + AwayGoalsLast5 + HomeShotsAgainstLast5,3,0.4868421052631579,1.0269580467227444,0.20509511858204335
GoalsAgainstPerGameDiff + AwayGoalsLast5 + AwayShotsAgainstLast5,3,0.4953947368421053,1.0269607612944172,0.2047835494193817
AwayPPG + AwayGDPerGame + XGAgainstDiffLast5,3,0.49078947368421055,1.026989355055985,0.2053545155935716
ShotOTDiffLast5 + AwayPointsLast5 + AwayGoalsLast5,3,0.4888157894736842,1.0269916820026341,0.20538609487767015
AwayPPG + AwayGoalsAgainstLast5 + HomeShotsAgainstLast5,3,0.49144736842105263,1.0270142002099418,0.2051761083655836
AwayPPG + AwayShotsOnTargetLast5 + XGAgainstDiffLast5,3,0.49407894736842106,1.0270145908900217,0.20547038434947373
AwayPPG + AwayGDPerGame + HomeGoalsLast5,3,0.49934210526315786,1.0270324870210974,0.2055306489078126
AwayGoalsLast5 + HomeShotsAgainstLast5 + XGAgainstDiffLast5,3,0.49736842105263157,1.0270378402354297,0.2052720572617799
HomeGoalsPerGame + AwayPointsLast5 + HomeShotsOnTargetLast5,3,0.5006578947368422,1.0270778019237512,0.20535148708394022
GoalAgainstDiffLast5 + HomeGoalsPerGame + AwayPointsLast5,3,0.5052631578947369,1.0270958418213634,0.20526937737780607
GoalDiffLast5 + HomePointsLast5 + AwayPointsLast5,3,0.5006578947368421,1.0270995635032005,0.2056294158658796
HomeGoalsPerGame + AwayPointsLast5 + AwayShotsAgainstLast5,3,0.49539473684210533,1.0271007263068093,0.2054244498901433
GoalsAgainstPerGameDiff + AwayPointsLast5 + AwayShotsOnTargetLast5,3,0.4993421052631579,1.027114608888519,0.20475684746768683
HomeGoalsLast5 + AwayGoalsAgainstLast5 + HomeShotsAgainstLast5,3,0.48289473684210527,1.0271155068463864,0.2053368381697148
GoalsAgainstPerGameDiff + AwayGDPerGame + AwayShotsOnTargetLast5,3,0.4947368421052631,1.0271268865058514,0.20486138371987733
HomeGDPerGame + AwayGoalsAgainstLast5,2,0.5,1.0271291112783105,0.205040412884926
HomePointsLast5 + AwayGoalsLast5 + AwayGoalsAgainstLast5,3,0.5046052631578948,1.027133679950732,0.20562091168453747
GoalDiffLast5 + AwayPointsLast5 + HomeShotsOnTargetAgainstLast5,3,0.49144736842105263,1.02713385851117,0.20560070622985843
GoalAgainstDiffLast5 + HomePPG + HomeGoalsLast5,3,0.49407894736842106,1.0271343625565859,0.20537448478001785
GoalAgainstDiffLast5 + HomeGoalsLast5 + AwayShotsAgainstLast5,3,0.5072368421052631,1.0271546022568603,0.20539384508276762
AwayPPG + AwayShotsAgainstLast5 + HomeShotsOnTargetAgainstLast5,3,0.4901315789473684,1.027202190039758,0.2052173251361547
ShotOTDiffLast5 + AwayGoalsAgainstLast5 + AwayShotsOnTargetLast5,3,0.4927631578947369,1.0272065152582492,0.20542732525398166
GoalsAgainstPerGameDiff + HomeShotsOnTargetAgainstLast5,2,0.5111842105263158,1.0272172666300432,0.20457628956115864
AwayGoalsAgainstLast5 + HomeShotsOnTargetLast5 + AwayShotsOnTargetLast5,3,0.493421052631579,1.027220435076773,0.20543054530425287
ShotOTDiffLast5 + AwayGoalsAgainstLast5 + HomeShotsOnTargetLast5,3,0.493421052631579,1.027222310587765,0.20543125367958956
GoalAgainstDiffLast5 + HomeGDPerGame + HomePointsLast5,3,0.49605263157894736,1.027258778708585,0.20525336985883044
GoalAgainstDiffLast5 + HomeGDPerGame + HomeGoalsLast5,3,0.4947368421052632,1.02727514189558,0.20528016999660312
GoalsAgainstPerGameDiff + AwayGoalsLast5 + AwayShotsOnTargetAgainstLast5,3,0.5032894736842105,1.0272751483368887,0.20476917773638878
AwayGDPerGame + HomeGoalsAgainstLast5 + AwayShotsOnTargetAgainstLast5,3,0.49671052631578944,1.0272857526468102,0.2054055281133889
HomeGDPerGame + HomePointsLast5 + HomeShotsAgainstLast5,3,0.48750000000000004,1.0272871708060318,0.2053463335021486
AwayGoalsAgainstPerGame + AwayPointsLast5 + HomeShotsAgainstLast5,3,0.4907894736842105,1.02730315934923,0.20523534410176256
AwayShotsOnTargetLast5 + HomeShotsOnTargetAgainstLast5 + XGAgainstDiffLast5,3,0.5019736842105263,1.0273117150027007,0.205427107567411
GoalDiffLast5 + HomePointsLast5 + AwayGoalsAgainstLast5,3,0.5,1.027327502072148,0.20565064552943194
GoalDiffLast5 + AwayElo + AwayGoalsAgainstLast5,3,0.4934210526315789,1.027329757347171,0.20582307450970938
GoalAgainstDiffLast5 + HomeShotsOnTargetLast5 + AwayShotsOnTargetAgainstLast5,3,0.4980263157894737,1.0273341205024291,0.20531417040202837
AwayPPG + AwayGoalsAgainstLast5 + HomeShotsOnTargetLast5,3,0.5072368421052632,1.0273341211969595,0.20549858112302197
GoalsAgainstPerGameDiff + AwayGoalsAgainstPerGame + AwayShotsOnTargetLast5,3,0.5032894736842105,1.0273469190496298,0.20479666621477957
GoalAgainstDiffLast5 + HomeShotsAgainstLast5 + AwayShotsOnTargetLast5,3,0.4980263157894737,1.0273599913937164,0.2054220737280647
GoalsAgainstPerGameDiff + AwayPPG + AwayShotsOnTargetLast5,3,0.49473684210526314,1.0273600655540607,0.20490103489395403
ShotOTDiffLast5 + AwayGoalsLast5 + AwayGoalsAgainstLast5,3,0.49144736842105263,1.0273675233279165,0.20547347284010278
HomePointsLast5 + AwayGoalsAgainstLast5 + AwayShotsOnTargetAgainstLast5,3,0.4980263157894737,1.027368694151431,0.20555987078287782
ShotOTDiffLast5 + AwayPointsLast5,2,0.48947368421052634,1.027374137887879,0.20549595740325372
HomePointsLast5 + HomeShotsAgainstLast5 + HomeShotsOnTargetLast5,3,0.4861842105263158,1.0273940666664676,0.20555307753412327
HomePPG + HomeGoalsLast5 + HomeShotsAgainstLast5,3,0.48486842105263156,1.0274057422705258,0.20545380104643834
GoalAgainstDiffLast5 + AwayGoalsAgainstPerGame + HomeShotsOnTargetLast5,3,0.4901315789473684,1.027424192833597,0.2053934910891999
HomeGoalsLast5 + AwayShotsOnTargetLast5 + AwayShotsOnTargetAgainstLast5,3,0.4901315789473684,1.0274307114539447,0.20569731620323292
HomeGDPerGame + HomeGoalsLast5 + AwayGoalsAgainstLast5,3,0.5006578947368421,1.027442728448606,0.20517183870651007
GoalsAgainstPerGameDiff + AwayGoalsLast5 + HomeGoalsAgainstLast5,3,0.5059210526315789,1.0274439566621298,0.20482074651907672
GoalAgainstDiffLast5 + GoalDiffLast5 + HomeGoalsAgainstLast5,3,0.5013157894736842,1.027448172066845,0.20561723113406327
GoalDiffLast5 + HomeGoalsAgainstLast5 + AwayGoalsAgainstLast5,3,0.5013157894736842,1.0274585093858075,0.20561971464269474
GoalAgainstDiffLast5 + HomePointsLast5 + AwayShotsOnTargetAgainstLast5,3,0.4927631578947369,1.0274715956071323,0.20545037834820712
AwayGoalsLast5 + HomeGoalsAgainstLast5 + HomeShotsOnTargetLast5,3,0.4993421052631579,1.0274728742767427,0.20552593282600742
AwayGDPerGame + AwayGoalsAgainstPerGame + XGAgainstDiffLast5,3,0.4881578947368421,1.0274757995693218,0.20542503485960487
GoalAgainstDiffLast5 + GoalDiffLast5 + AwayGoalsAgainstLast5,3,0.5013157894736842,1.0274802210016802,0.20562512638616817
GoalDiffLast5 + HomeGoalsPerGame + AwayShotsOnTargetLast5,3,0.49605263157894736,1.027481215906369,0.20555963477940403
GoalAgainstDiffLast5 + AwayPointsLast5 + HomeShotsOnTargetLast5,3,0.4934210526315789,1.0274942078453175,0.2055534789722957
HomeShotsAgainstLast5 + AwayShotsAgainstLast5,2,0.49671052631578944,1.0274980568269916,0.20515736872278778
AwayPPG + HomeGoalsLast5 + AwayShotsOnTargetAgainstLast5,3,0.5013157894736843,1.0275117559856155,0.2056575267405197
HomeGoalsPerGame + HomeGoalsLast5 + AwayShotsOnTargetLast5,3,0.4967105263157895,1.0275186515059047,0.2055119734163244
GoalAgainstDiffLast5 + AwayGDPerGame + HomeShotsOnTargetAgainstLast5,3,0.4855263157894737,1.0275304951566397,0.2053961758251947
AwayGDPerGame + AwayShotsOnTargetLast5 + HomeShotsOnTargetAgainstLast5,3,0.4953947368421052,1.0275560447111378,0.2053808789568982
HomeShotsAgainstLast5 + AwayShotsOnTargetAgainstLast5,2,0.5006578947368421,1.0275588241445985,0.2051532836188498
ShotOTDiffLast5 + AwayGoalsAgainstLast5,2,0.4921052631578947,1.02756217758487,0.20551349665477833
HomePointsLast5 + AwayPointsLast5 + AwayGoalsLast5,3,0.5039473684210527,1.027602675513863,0.2057253237885169
AwayPointsLast5 + HomeShotsAgainstLast5 + XGAgainstDiffLast5,3,0.4993421052631579,1.027612133031892,0.20540055708903204
GoalAgainstDiffLast5 + AwayGDPerGame + XGAgainstDiffLast5,3,0.4881578947368421,1.027612999486755,0.20548809509682983
GoalsAgainstPerGameDiff + AwayGoalsAgainstLast5 + HomeShotsOnTargetAgainstLast5,3,0.5,1.027623887746401,0.20481676773152074
AwayGDPerGame + AwayGoalsAgainstPerGame + HomeGoalsLast5,3,0.5,1.0276317583244838,0.2056264235790882
HomeShotsAgainstLast5 + AwayShotsOnTargetAgainstLast5 + XGAgainstDiffLast5,3,0.5059210526315789,1.0276387126631639,0.2051087844536813
HomeShotsAgainstLast5 + AwayShotsAgainstLast5 + XGAgainstDiffLast5,3,0.5026315789473684,1.0276465039464315,0.20516149770328074
AwayGoalsAgainstLast5 + HomeShotsAgainstLast5 + AwayShotsAgainstLast5,3,0.49736842105263157,1.0276514706578341,0.20519094743990876
GoalsAgainstPerGameDiff + AwayGoalsAgainstPerGame + AwayShotsAgainstLast5,3,0.4953947368421053,1.0276623989174172,0.20487959187354893
HomeGoalsPerGame + AwayGoalsAgainstPerGame + HomeShotsOnTargetAgainstLast5,3,0.49210526315789477,1.0277055983539973,0.2050210536109594
AwayPointsLast5 + AwayShotsAgainstLast5 + HomeShotsOnTargetLast5,3,0.49078947368421055,1.0277174989122124,0.2055907887962201
GoalDiffLast5 + HomePointsLast5 + HomeShotsOnTargetLast5,3,0.4888157894736842,1.0277297223031612,0.20571482154149218
GoalsAgainstPerGameDiff + AwayGoalsAgainstLast5 + AwayShotsAgainstLast5,3,0.5,1.0277668216954925,0.20481815258523983
AwayGDPerGame + HomeGoalsLast5 + AwayGoalsAgainstLast5,3,0.5026315789473684,1.0277687649591198,0.20568114788816785
GoalsAgainstPerGameDiff + AwayGoalsAgainstLast5 + AwayShotsOnTargetAgainstLast5,3,0.5092105263157894,1.0277774680270833,0.20468694595208115
GoalsAgainstPerGameDiff + AwayGoalsAgainstPerGame + HomeShotsOnTargetAgainstLast5,3,0.5039473684210527,1.0277880401970312,0.20475826690366578
ShotOTDiffLast5 + AwayPointsLast5 + AwayGoalsAgainstLast5,3,0.49276315789473685,1.0277915433402118,0.20555904301053973
GoalAgainstDiffLast5 + HomeGDPerGame + HomeGoalsPerGame,3,0.4967105263157895,1.0278060800901507,0.20531583798229716
GoalAgainstDiffLast5 + HomePPG + HomeShotsOnTargetAgainstLast5,3,0.493421052631579,1.0278159793999624,0.20547400880772476
GoalAgainstDiffLast5 + HomeGDPerGame,2,0.49407894736842106,1.0278324099057699,0.2053222896010783
ShotOTDiffLast5 + AwayGoalsLast5 + AwayShotsOnTargetLast5,3,0.4927631578947368,1.0278847181703437,0.20561110718804326
AwayGoalsLast5 + HomeShotsOnTargetLast5 + AwayShotsOnTargetLast5,3,0.4921052631578947,1.027886709091461,0.20561233870196452
GoalAgainstDiffLast5 + HomeShotsAgainstLast5 + AwayShotsOnTargetAgainstLast5,3,0.5013157894736843,1.0278881303995213,0.20520471227119907
ShotOTDiffLast5 + AwayGoalsLast5 + HomeShotsOnTargetLast5,3,0.4914473684210526,1.027905928959722,0.20561576554530478
AwayPPG + HomeShotsAgainstLast5 + HomeShotsOnTargetAgainstLast5,3,0.5006578947368421,1.0279114364801984,0.20526099789001315
GoalAgainstDiffLast5 + HomePointsLast5 + HomeShotsOnTargetLast5,3,0.49868421052631584,1.0279282237647365,0.20568524443348374
HomePPG + HomePointsLast5 + HomeShotsAgainstLast5,3,0.48750000000000004,1.0279481938863846,0.20558050866138125
GoalAgainstDiffLast5 + AwayGoalsAgainstPerGame + HomePointsLast5,3,0.49868421052631573,1.027962981162225,0.20561494499681524
GoalsAgainstPerGameDiff + AwayGoalsAgainstLast5 + AwayShotsOnTargetLast5,3,0.5039473684210527,1.027964231529625,0.2049642733824641
ShotOTDiffLast5 + AwayGoalsLast5,2,0.4855263157894737,1.0280217567984486,0.20564550906586515
HomeGDPerGame + HomeGoalsPerGame + AwayGoalsAgainstLast5,3,0.5013157894736842,1.0280241140043203,0.20519956399248265
HomeGoalsPerGame + AwayPointsLast5 + AwayShotsOnTargetLast5,3,0.4921052631578947,1.0280307321979993,0.20559580422484616
HomeGoalsPerGame + AwayGoalsLast5 + HomeShotsOnTargetLast5,3,0.4953947368421052,1.0280369382215522,0.20562255655491865
HomeGoalsAgainstLast5 + AwayShotsOnTargetLast5 + XGAgainstDiffLast5,3,0.5065789473684211,1.0280388041153201,0.2055619160904903
GoalAgainstDiffLast5 + HomeGDPerGame + HomeShotsOnTargetAgainstLast5,3,0.4927631578947369,1.0280544530927025,0.20533672358928312
AwayGDPerGame + AwayShotsAgainstLast5 + XGAgainstDiffLast5,3,0.4881578947368421,1.0280596362494492,0.20557305705295356
AwayGDPerGame + AwayPointsLast5 + HomeShotsOnTargetAgainstLast5,3,0.49736842105263157,1.028065896720713,0.20544571379866286
GoalsAgainstPerGameDiff + AwayGDPerGame + AwayGoalsAgainstPerGame,3,0.506578947368421,1.0280989982765716,0.20505826305634078
HomeGoalsPerGame + HomePointsLast5 + HomeShotsAgainstLast5,3,0.48026315789473684,1.02812375962051,0.2055794101336031
GoalDiffLast5 + HomeGoalsAgainstLast5 + AwayShotsOnTargetLast5,3,0.49473684210526314,1.0281298366733964,0.2058076750883577
AwayGDPerGame + HomeShotsOnTargetAgainstLast5,2,0.49736842105263157,1.0281441901332948,0.20542418021699935
GoalDiffLast5 + HomeGoalsAgainstLast5 + HomeShotsOnTargetAgainstLast5,3,0.49078947368421055,1.0281570737059045,0.20572678421614374
HomePPG + HomeGDPerGame + HomeShotsAgainstLast5,3,0.49013157894736836,1.028170428716912,0.20543644961013982
GoalAgainstDiffLast5 + HomeGDPerGame + AwayGoalsAgainstLast5,3,0.5006578947368421,1.0281998664218546,0.20526777874696964
HomePPG + HomePointsLast5 + AwayGoalsAgainstLast5,3,0.5019736842105263,1.0282093254887392,0.20570377400120002
HomeGDPerGame + HomeGoalsAgainstLast5 + AwayGoalsAgainstLast5,3,0.5006578947368421,1.0282164096351503,0.20526864647629003
GoalAgainstDiffLast5 + HomeGDPerGame + HomeGoalsAgainstLast5,3,0.5006578947368421,1.0282321640270609,0.20527395544111193
GoalAgainstDiffLast5 + AwayElo + AwayPointsLast5,3,0.4868421052631579,1.0282334187251954,0.20600961718411875
ShotOTDiffLast5,1,0.48749999999999993,1.0282339450868923,0.20568700658578087
GoalAgainstDiffLast5 + GoalsAgainstPerGameDiff + HomeShotsOnTargetAgainstLast5,3,0.5098684210526316,1.0282391916747562,0.2049204621098846
GoalAgainstDiffLast5 + GoalsAgainstPerGameDiff + AwayGoalsLast5,3,0.5013157894736842,1.0282581586559176,0.2051099401005996
AwayGDPerGame + HomeGoalsAgainstLast5 + AwayShotsAgainstLast5,3,0.4967105263157895,1.0282914140013146,0.20565662842813037
HomeGoalsPerGame + AwayGoalsLast5 + HomeGoalsAgainstLast5,3,0.48947368421052634,1.0283032141568595,0.2055846303178309
GoalAgainstDiffLast5 + HomePointsLast5 + AwayPointsLast5,3,0.4914473684210527,1.02830565297914,0.2058364193907124
HomePointsLast5 + AwayPointsLast5 + HomeGoalsLast5,3,0.4980263157894737,1.0283267319144365,0.205900280311775
ShotOTDiffLast5 + HomeShotsOnTargetLast5 + AwayShotsOnTargetLast5,3,0.4842105263157894,1.0283315053232662,0.20569775310035776
ShotOTDiffLast5 + HomeShotsOnTargetLast5,2,0.48355263157894735,1.0283407589648499,0.20570026108082945
HomeShotsOnTargetLast5 + AwayShotsOnTargetLast5,2,0.48355263157894735,1.0283438333423032,0.20570027842151425
ShotOTDiffLast5 + AwayShotsOnTargetLast5,2,0.4842105263157894,1.0283455617245605,0.20570141888020751
GoalDiffLast5 + HomeShotsOnTargetAgainstLast5,2,0.4881578947368421,1.0283464730291483,0.20583160454662938
HomePPG + AwayGoalsAgainstPerGame + HomeGoalsLast5,3,0.505921052631579,1.028353024926378,0.205402077291672
GoalsAgainstPerGameDiff + HomeGoalsAgainstLast5 + HomeShotsOnTargetAgainstLast5,3,0.5085526315789474,1.0283548545996588,0.20473871579505482
AwayGDPerGame + AwayShotsOnTargetAgainstLast5 + XGAgainstDiffLast5,3,0.49078947368421055,1.028377982230745,0.20562187794752868
AwayGoalsAgainstPerGame + AwayGoalsLast5 + HomeShotsOnTargetLast5,3,0.49407894736842106,1.028406167232176,0.2056306381946817
HomePointsLast5 + AwayPointsLast5,2,0.5032894736842105,1.028410876604686,0.20590583020244604
AwayGoalsAgainstPerGame + AwayShotsOnTargetLast5 + XGAgainstDiffLast5,3,0.49078947368421055,1.0284149871116801,0.2056552514961952
AwayPPG + XGAgainstDiffLast5,2,0.48289473684210527,1.0284150556104965,0.20572898614425436
AwayPPG + AwayGoalsLast5 + XGAgainstDiffLast5,3,0.48552631578947364,1.0284244716692712,0.2057281108334544
HomeGoalsPerGame + AwayGoalsAgainstLast5 + AwayShotsOnTargetLast5,3,0.49407894736842106,1.0284262388162437,0.20563507156702607
AwayGoalsAgainstPerGame + HomePointsLast5 + HomeGoalsLast5,3,0.494078947368421,1.02842984021987,0.2056509431966756
GoalsAgainstPerGameDiff + AwayPPG + HomeGoalsAgainstLast5,3,0.5013157894736843,1.0284316476475361,0.20520117502400145
GoalsAgainstPerGameDiff + AwayGDPerGame + AwayShotsAgainstLast5,3,0.49539473684210533,1.0284353562801907,0.20516070247376583
GoalDiffLast5 + HomeGoalsPerGame + AwayGoalsAgainstPerGame,3,0.49736842105263157,1.0284433446352161,0.20583492260990516
GoalsAgainstPerGameDiff + AwayGoalsLast5,2,0.5013157894736843,1.0284460465395888,0.20498052079540705
AwayGoalsAgainstPerGame + HomePointsLast5 + AwayGoalsAgainstLast5,3,0.49802631578947365,1.0284598594933885,0.2057541377628867
GoalAgainstDiffLast5 + HomeGoalsPerGame + HomeShotsOnTargetAgainstLast5,3,0.4901315789473684,1.0284915620761457,0.20545360369898635
AwayPPG + AwayPointsLast5 + XGAgainstDiffLast5,3,0.4875,1.0285248955140938,0.20569514404436895
GoalsAgainstPerGameDiff + AwayPointsLast5 + AwayShotsAgainstLast5,3,0.4967105263157894,1.0285344345946834,0.2051332846393372
HomePPG + HomeShotsOnTargetLast5 + HomeShotsOnTargetAgainstLast5,3,0.4881578947368422,1.0285612040810084,0.20561386121792655
GoalsAgainstPerGameDiff + AwayShotsAgainstLast5,2,0.49934210526315786,1.028579172401038,0.20508291618384905
HomePPG + HomeGoalsPerGame + AwayGoalsLast5,3,0.5026315789473684,1.028588983973915,0.2056894720014773
HomeGoalsPerGame + AwayGoalsAgainstLast5 + HomeShotsOnTargetAgainstLast5,3,0.4901315789473684,1.0285914788394321,0.20534212474345143
GoalAgainstDiffLast5 + HomeGoalsPerGame + HomePointsLast5,3,0.4907894736842105,1.0285920114648397,0.2055913677960069
HomePPG + HomeShotsAgainstLast5,2,0.4888157894736842,1.0286195450538362,0.20566998795078403
AwayGoalsAgainstPerGame + HomeGoalsLast5 + AwayShotsOnTargetLast5,3,0.49605263157894736,1.0286242909652663,0.20596811892597017
AwayGoalsAgainstPerGame + HomePointsLast5,2,0.49605263157894736,1.0286286050425586,0.2057106026028285
GoalsAgainstPerGameDiff + AwayGoalsAgainstPerGame + AwayShotsOnTargetAgainstLast5,3,0.5032894736842106,1.0286323414126801,0.20496232010407592
HomeShotsAgainstLast5 + AwayShotsAgainstLast5 + HomeShotsOnTargetAgainstLast5,3,0.5006578947368421,1.0286373807501301,0.20533884867969654
AwayGoalsAgainstPerGame + AwayShotsAgainstLast5 + HomeShotsOnTargetLast5,3,0.4894736842105263,1.0286381672681126,0.20567921988131327
HomeGDPerGame + HomeGoalsLast5 + HomeShotsAgainstLast5,3,0.48684210526315785,1.028644862284656,0.20561416136206967
HomePointsLast5 + AwayPointsLast5 + HomeGoalsAgainstLast5,3,0.49407894736842106,1.0286800004325072,0.2059253358546779
HomeShotsAgainstLast5 + HomeShotsOnTargetAgainstLast5 + AwayShotsOnTargetAgainstLast5,3,0.5,1.0286841356068068,0.2053382538693326
AwayGDPerGame + AwayGoalsLast5 + HomeShotsOnTargetAgainstLast5,3,0.49276315789473685,1.0286881129827936,0.2055031953617755
GoalAgainstDiffLast5 + HomePPG,2,0.5,1.028689892337151,0.2057180641560419
AwayGoalsAgainstPerGame + HomeGoalsLast5 + HomeGoalsAgainstLast5,3,0.5032894736842105,1.0287468312156876,0.20558200651274364
HomePPG + AwayGoalsAgainstPerGame + HomeGoalsAgainstLast5,3,0.513157894736842,1.0287499242088152,0.20535200813144083
GoalsAgainstPerGameDiff + AwayPPG + AwayShotsAgainstLast5,3,0.49210526315789477,1.0287891544043448,0.20528363988937257
AwayPPG + AwayGoalsAgainstPerGame + XGAgainstDiffLast5,3,0.4842105263157895,1.028793600863941,0.20576652715075902
AwayPointsLast5 + HomeShotsAgainstLast5 + AwayShotsOnTargetLast5,3,0.4855263157894737,1.0288028640708682,0.2057158421621719
HomeGoalsLast5 + AwayGoalsLast5 + HomeShotsOnTargetAgainstLast5,3,0.49276315789473685,1.0288178873771152,0.20592241482751905
GoalDiffLast5 + AwayGoalsLast5 + HomeShotsOnTargetAgainstLast5,3,0.49144736842105263,1.0288205433902022,0.20592396394677234
GoalDiffLast5 + HomeGoalsLast5 + HomeShotsOnTargetAgainstLast5,3,0.49210526315789477,1.028826994335144,0.20592513328459422
AwayShotsOnTargetLast5 + HomeShotsOnTargetAgainstLast5 + AwayShotsOnTargetAgainstLast5,3,0.49144736842105263,1.0288282702881841,0.20563217600808548
HomeGoalsPerGame + AwayPointsLast5 + AwayShotsOnTargetAgainstLast5,3,0.49276315789473685,1.0288308999940972,0.20578041194072286
GoalAgainstDiffLast5 + AwayGoalsAgainstPerGame + HomeShotsAgainstLast5,3,0.4796052631578947,1.0288528777348407,0.20553266615540924
AwayShotsOnTargetLast5 + XGAgainstDiffLast5,2,0.4888157894736842,1.0288667912750897,0.20581495015405557
AwayGoalsAgainstLast5 + HomeShotsAgainstLast5 + AwayShotsOnTargetAgainstLast5,3,0.4947368421052632,1.0288948267243023,0.20547707990597366
HomePointsLast5 + AwayGoalsAgainstLast5 + HomeShotsOnTargetLast5,3,0.49473684210526314,1.0288972144010666,0.20596712607426218
AwayGoalsLast5 + AwayShotsOnTargetLast5 + XGAgainstDiffLast5,3,0.49144736842105263,1.0289051450713447,0.20579305217109897
AwayPPG + AwayGDPerGame + HomeShotsOnTargetAgainstLast5,3,0.49407894736842106,1.0289080572847948,0.20554326045982763
AwayPPG + AwayGoalsAgainstLast5 + XGAgainstDiffLast5,3,0.4828947368421052,1.0289431366592388,0.20584649104506364
HomeGDPerGame + HomeShotsOnTargetLast5 + HomeShotsOnTargetAgainstLast5,3,0.49276315789473685,1.028957894499135,0.2055164661519169
GoalAgainstDiffLast5 + GoalsAgainstPerGameDiff + AwayShotsAgainstLast5,3,0.4967105263157895,1.0289770667552272,0.20527054133950354
GoalsAgainstPerGameDiff + AwayPointsLast5 + AwayGoalsLast5,3,0.5006578947368421,1.0290062004760383,0.20510044956062862
GoalAgainstDiffLast5 + AwayElo + AwayShotsOnTargetLast5,3,0.4894736842105263,1.0290221903856709,0.20612373122952146
AwayPointsLast5 + HomeShotsOnTargetLast5 + AwayShotsOnTargetAgainstLast5,3,0.48815789473684207,1.029023963237094,0.20583176294905925
GoalDiffLast5 + AwayPointsLast5 + HomeShotsOnTargetLast5,3,0.4776315789473684,1.0290264461907892,0.20608667637137448
AwayGoalsAgainstPerGame + HomeShotsOnTargetAgainstLast5 + XGAgainstDiffLast5,3,0.48486842105263156,1.0290359010515746,0.20551074157808913
GoalDiffLast5 + HomeGoalsPerGame + HomePointsLast5,3,0.5006578947368421,1.029052631765537,0.20593933757775978
AwayGoalsAgainstPerGame + HomePointsLast5 + HomeGoalsAgainstLast5,3,0.4973684210526316,1.0290734503791492,0.20577567558355014
GoalsAgainstPerGameDiff + AwayGoalsAgainstPerGame + AwayGoalsLast5,3,0.5006578947368421,1.029096803596718,0.20510102324430013
GoalsAgainstPerGameDiff + AwayGDPerGame + AwayShotsOnTargetAgainstLast5,3,0.49868421052631573,1.0290987442371717,0.20524343329106218
GoalsAgainstPerGameDiff + AwayPPG + AwayGoalsLast5,3,0.49539473684210533,1.0291060830809675,0.20522902457020342
HomeGDPerGame + HomeShotsAgainstLast5,2,0.4888157894736842,1.0291355084925227,0.2055989375973654
HomeGDPerGame + HomePointsLast5 + HomeShotsOnTargetLast5,3,0.4855263157894737,1.0291357703451622,0.2057541530761026
GoalDiffLast5 + AwayPointsLast5 + HomeGoalsAgainstLast5,3,0.4953947368421052,1.0291636531174622,0.20607074748150186
GoalAgainstDiffLast5 + HomePointsLast5 + HomeShotsAgainstLast5,3,0.4868421052631579,1.02916926930953,0.20596451770428711
HomeGoalsPerGame + HomeShotsAgainstLast5 + HomeShotsOnTargetLast5,3,0.4868421052631579,1.0291752032717094,0.20563680711090132
AwayGoalsAgainstLast5 + HomeShotsAgainstLast5 + AwayShotsOnTargetLast5,3,0.48355263157894735,1.0291801541041523,0.20581354805278926
HomeGoalsPerGame + HomeGoalsLast5 + AwayShotsAgainstLast5,3,0.4953947368421053,1.02918687013236,0.2058718160364798
AwayPointsLast5 + HomeGoalsLast5 + HomeGoalsAgainstLast5,3,0.49934210526315786,1.0291873844217994,0.20598937748903945
GoalAgainstDiffLast5 + HomePPG + HomePointsLast5,3,0.4960526315789474,1.0292080714527116,0.20580888337130385
HomePointsLast5 + AwayGoalsAgainstLast5 + HomeShotsOnTargetAgainstLast5,3,0.4868421052631579,1.0292136010301969,0.20604296448986106
HomeGoalsPerGame + AwayGoalsAgainstPerGame + AwayShotsOnTargetLast5,3,0.4953947368421053,1.0292283032454,0.20590064155729226
GoalDiffLast5 + HomePointsLast5 + HomeGoalsAgainstLast5,3,0.4921052631578947,1.0292616124045635,0.206083908787388
GoalAgainstDiffLast5 + HomeGoalsPerGame + AwayGoalsAgainstPerGame,3,0.5006578947368421,1.0292699654513857,0.2057620313319614
GoalsAgainstPerGameDiff + AwayGDPerGame + AwayGoalsLast5,3,0.49736842105263157,1.0292792606527572,0.20525702933145906
AwayPointsLast5 + AwayShotsOnTargetLast5 + XGAgainstDiffLast5,3,0.4901315789473685,1.0293189175156967,0.20588402886925783
AwayGDPerGame + AwayGoalsAgainstPerGame + HomeShotsOnTargetAgainstLast5,3,0.49078947368421055,1.0293289585985952,0.20558392233833972
GoalDiffLast5 + AwayGoalsAgainstLast5 + HomeShotsOnTargetLast5,3,0.4921052631578947,1.0293320084163613,0.2060695541048957
GoalDiffLast5 + HomeGoalsPerGame + AwayGoalsAgainstLast5,3,0.49276315789473685,1.0293359982491446,0.20601606687191554
AwayGDPerGame + AwayGoalsAgainstLast5 + HomeShotsOnTargetAgainstLast5,3,0.4855263157894737,1.0293410760418353,0.20570891361803795
GoalsAgainstPerGameDiff + AwayPointsLast5 + HomeGoalsAgainstLast5,3,0.5085526315789474,1.0293713519327399,0.20533035409181769
GoalAgainstDiffLast5 + GoalsAgainstPerGameDiff + AwayGDPerGame,3,0.49473684210526314,1.0293885020827949,0.20547301832294215
GoalAgainstDiffLast5 + HomeGoalsPerGame + HomeGoalsLast5,3,0.4901315789473684,1.0293979727394804,0.20575757247069476
GoalAgainstDiffLast5 + HomePPG + HomeGoalsPerGame,3,0.5,1.0294033485290772,0.20576110781608406
GoalAgainstDiffLast5 + AwayGoalsLast5 + HomeShotsAgainstLast5,3,0.4789473684210527,1.0294097007117902,0.20592045353579333
GoalsAgainstPerGameDiff + AwayPPG + AwayShotsOnTargetAgainstLast5,3,0.493421052631579,1.0294246734282986,0.20533300164213417
HomePPG + AwayGoalsAgainstPerGame + AwayGoalsAgainstLast5,3,0.4960526315789474,1.0294510554292788,0.20570532751673318
GoalAgainstDiffLast5 + HomeGoalsLast5 + HomeShotsOnTargetLast5,3,0.4993421052631579,1.0294662456546833,0.20592938016188575
GoalsAgainstPerGameDiff + AwayShotsAgainstLast5 + AwayShotsOnTargetAgainstLast5,3,0.4960526315789474,1.0294724374282977,0.20530881395657088
HomeGoalsPerGame + HomePointsLast5 + AwayGoalsAgainstLast5,3,0.49276315789473685,1.0294889867991692,0.20594206268151066
GoalsAgainstPerGameDiff + AwayShotsOnTargetAgainstLast5,2,0.5,1.0295726646801602,0.2051693878380515
AwayPPG + AwayGoalsAgainstPerGame + HomeGoalsLast5,3,0.5006578947368421,1.0295757371565137,0.20608287143751539
AwayGoalsLast5 + HomeShotsOnTargetAgainstLast5 + XGAgainstDiffLast5,3,0.493421052631579,1.0295977482169314,0.20592582619498684
HomePointsLast5 + AwayPointsLast5 + AwayGoalsAgainstLast5,3,0.4993421052631579,1.029605889348576,0.2062021508891339
GoalsAgainstPerGameDiff + AwayGoalsLast5 + AwayGoalsAgainstLast5,3,0.5006578947368421,1.029626943214412,0.20526524113751898
GoalAgainstDiffLast5 + HomeShotsOnTargetLast5 + HomeShotsOnTargetAgainstLast5,3,0.49078947368421055,1.0296286493157805,0.20595216769194927
HomePPG + HomeGoalsLast5 + AwayGoalsAgainstLast5,3,0.4953947368421053,1.0296434183834904,0.2060133773010776
GoalAgainstDiffLast5 + AwayPPG + XGAgainstDiffLast5,3,0.4861842105263158,1.0296468330099975,0.20601417980776054
HomeGoalsPerGame + AwayGoalsLast5 + AwayShotsOnTargetLast5,3,0.4953947368421053,1.0296475487249577,0.20596816993084938
HomeGDPerGame + HomeGoalsPerGame + HomeShotsAgainstLast5,3,0.4822368421052632,1.0296493433938618,0.20571652768861526
HomeGoalsLast5 + AwayShotsAgainstLast5 + HomeShotsOnTargetLast5,3,0.48223684210526313,1.0296705552541399,0.20603013448598226
AwayGoalsAgainstPerGame + HomeShotsOnTargetLast5 + AwayShotsOnTargetAgainstLast5,3,0.4855263157894737,1.029693473068667,0.20589725722199453
GoalsAgainstPerGameDiff + AwayPointsLast5 + AwayShotsOnTargetAgainstLast5,3,0.49407894736842106,1.0296980946137846,0.2053015738202307
GoalAgainstDiffLast5 + HomePPG + HomeGoalsAgainstLast5,3,0.5,1.0297005474715668,0.20594276687188812
AwayShotsAgainstLast5 + AwayShotsOnTargetLast5 + HomeShotsOnTargetAgainstLast5,3,0.4901315789473684,1.0297151516147172,0.2058072299022098
GoalAgainstDiffLast5 + HomePPG + AwayGoalsAgainstLast5,3,0.5006578947368421,1.0297221403791674,0.20594841458747015
GoalAgainstDiffLast5 + AwayGoalsAgainstPerGame + HomeGoalsLast5,3,0.5006578947368421,1.029722768483226,0.20596692174852826
HomePPG + HomeGoalsAgainstLast5 + AwayGoalsAgainstLast5,3,0.5006578947368421,1.0297271058855348,0.2059487308496286
AwayPPG + HomeGoalsAgainstLast5 + AwayShotsOnTargetAgainstLast5,3,0.49276315789473685,1.029740329317729,0.20594948394223078
GoalAgainstDiffLast5 + AwayElo,2,0.4822368421052632,1.029741576934494,0.20634948515310933
GoalDiffLast5 + HomeGoalsPerGame + AwayPointsLast5,3,0.4967105263157895,1.0297760324361545,0.20620532485896123
GoalsAgainstPerGameDiff + AwayGDPerGame,2,0.4986842105263158,1.0298055264495518,0.20537956375736047
HomeGDPerGame + HomePointsLast5 + HomeShotsOnTargetAgainstLast5,3,0.4815789473684211,1.0298086364526178,0.2058764117628373
GoalsAgainstPerGameDiff + AwayGDPerGame + AwayPointsLast5,3,0.4960526315789474,1.0298541688203218,0.20543481499906752
HomePointsLast5 + HomeGoalsLast5 + AwayGoalsLast5,3,0.49342105263157887,1.029893075972881,0.20629640418983086
GoalAgainstDiffLast5 + AwayShotsOnTargetLast5 + XGAgainstDiffLast5,3,0.493421052631579,1.0298948016473957,0.2060231315108493
GoalDiffLast5 + HomePointsLast5 + AwayGoalsLast5,3,0.49407894736842106,1.0299037980611898,0.20630008030330976
HomePPG + HomeShotsAgainstLast5 + HomeShotsOnTargetAgainstLast5,3,0.48947368421052634,1.0299182140951535,0.20592038334641669
GoalDiffLast5 + HomePointsLast5 + HomeGoalsLast5,3,0.49342105263157887,1.0299211811719053,0.20630305055098394
AwayPPG + AwayShotsAgainstLast5 + XGAgainstDiffLast5,3,0.4855263157894737,1.029949741906828,0.20608267692372997
GoalDiffLast5 + AwayPPG + HomeGoalsLast5,3,0.49802631578947365,1.0299516164309972,0.20631404083545446
GoalDiffLast5 + AwayPPG + AwayGoalsLast5,3,0.4980263157894737,1.0299590846886444,0.20631606799156002
AwayGoalsAgainstPerGame + AwayShotsAgainstLast5 + HomeShotsOnTargetAgainstLast5,3,0.48947368421052634,1.0299695575302328,0.20559111415277267
AwayPPG + HomeGoalsLast5 + AwayGoalsLast5,3,0.4986842105263158,1.029975726150805,0.2063164098389953
GoalAgainstDiffLast5 + AwayElo + AwayGoalsLast5,3,0.47960526315789476,1.0299808588729125,0.20637293199754997
AwayGoalsAgainstPerGame + HomeGoalsAgainstLast5 + HomeShotsAgainstLast5,3,0.48815789473684207,1.0299891193905932,0.20567937282968862
HomePPG + HomeGoalsPerGame + HomeShotsAgainstLast5,3,0.48815789473684207,1.0299987193895705,0.20594671325252834
GoalAgainstDiffLast5 + HomeGoalsLast5 + AwayShotsOnTargetAgainstLast5,3,0.5006578947368421,1.0300024614712067,0.20597113417128282
HomeGoalsPerGame + AwayShotsOnTargetLast5,2,0.4894736842105263,1.0300191121068831,0.20603677888398408
AwayGDPerGame + HomeGoalsAgainstLast5 + AwayShotsOnTargetLast5,3,0.4881578947368421,1.0300297353347778,0.20615043182281942
GoalDiffLast5 + HomeGoalsPerGame + HomeShotsOnTargetLast5,3,0.49802631578947365,1.030033410386757,0.2061351992544493
AwayGoalsAgainstPerGame + AwayGoalsLast5 + XGAgainstDiffLast5,3,0.49078947368421055,1.0300450929257536,0.20595154599798884
AwayPPG + AwayShotsOnTargetAgainstLast5 + XGAgainstDiffLast5,3,0.48223684210526313,1.0300564974792055,0.2060444088428041
AwayGoalsAgainstLast5 + HomeShotsOnTargetLast5 + HomeShotsOnTargetAgainstLast5,3,0.4921052631578947,1.0301299570371418,0.2059928470080396
HomeGDPerGame + HomeShotsAgainstLast5 + HomeShotsOnTargetAgainstLast5,3,0.4881578947368421,1.0301594820053186,0.20578542076759637
GoalAgainstDiffLast5 + HomeGoalsPerGame,2,0.49605263157894736,1.030180646872231,0.20593759987980154
HomePointsLast5 + AwayGoalsLast5,2,0.49736842105263157,1.0301978631441868,0.20634407747192868
GoalAgainstDiffLast5 + GoalsAgainstPerGameDiff + AwayPPG,3,0.494078947368421,1.0302512905628711,0.20569234059833896
GoalDiffLast5 + HomeGoalsAgainstLast5,2,0.49605263157894736,1.0303133228235886,0.20631445948639293
GoalsAgainstPerGameDiff + AwayPPG + AwayGDPerGame,3,0.4993421052631579,1.0303210117137447,0.20550875421312412
HomeGoalsLast5 + AwayGoalsLast5 + AwayShotsAgainstLast5,3,0.4842105263157894,1.0303210454091232,0.20649282279731512
GoalsAgainstPerGameDiff + AwayGDPerGame + AwayGoalsAgainstLast5,3,0.49934210526315786,1.0303290708197808,0.20547596756933817
GoalDiffLast5 + HomeGoalsLast5 + AwayShotsAgainstLast5,3,0.48355263157894735,1.0303358429048513,0.20649797220354663
GoalDiffLast5 + AwayGoalsLast5 + AwayShotsAgainstLast5,3,0.48355263157894735,1.0303390023018864,0.20649856927172455
AwayPPG + AwayGoalsAgainstPerGame + HomeShotsOnTargetAgainstLast5,3,0.4875,1.0303399738903338,0.20589864141352454
AwayGoalsLast5 + HomeShotsOnTargetAgainstLast5 + AwayShotsOnTargetAgainstLast5,3,0.48947368421052634,1.0303430866857104,0.20596688820316045
AwayGoalsAgainstPerGame + AwayPointsLast5 + HomeShotsOnTargetLast5,3,0.49078947368421055,1.0303625863269055,0.2061059145125729
GoalAgainstDiffLast5 + AwayElo + AwayGDPerGame,3,0.48157894736842105,1.0304059690933292,0.20645352758810329
GoalAgainstDiffLast5 + AwayElo + AwayPPG,3,0.4835526315789474,1.0304116387905866,0.2065038211581961
HomePPG + HomeGDPerGame + HomeShotsOnTargetLast5,3,0.4855263157894737,1.0304300995488005,0.20593645834265698
AwayGoalsLast5 + HomeGoalsAgainstLast5 + XGAgainstDiffLast5,3,0.4881578947368421,1.030441204066482,0.20611082118271404
GoalAgainstDiffLast5 + AwayPointsLast5 + HomeGoalsLast5,3,0.49407894736842106,1.0304473775570464,0.20627477368023808
AwayGoalsAgainstPerGame + HomeShotsOnTargetAgainstLast5 + AwayShotsOnTargetAgainstLast5,3,0.48355263157894735,1.0304600277228457,0.20577050786976755
GoalAgainstDiffLast5 + AwayElo + AwayGoalsAgainstPerGame,3,0.4809210526315789,1.0304639985277038,0.20647644786484223
GoalAgainstDiffLast5 + GoalsAgainstPerGameDiff + AwayShotsOnTargetAgainstLast5,3,0.5039473684210527,1.0304684620635842,0.20544967276879844
AwayGoalsAgainstPerGame + AwayGoalsAgainstLast5 + HomeShotsAgainstLast5,3,0.48618421052631583,1.0304866149941474,0.20589455092546405
HomeGoalsPerGame + AwayGoalsAgainstPerGame + AwayShotsAgainstLast5,3,0.4953947368421053,1.030501276306242,0.20609135213550347
AwayShotsAgainstLast5 + AwayShotsOnTargetLast5 + XGAgainstDiffLast5,3,0.493421052631579,1.0305181035965418,0.20618420761297981
HomeGoalsPerGame + AwayShotsAgainstLast5,2,0.49868421052631573,1.0305194165940963,0.20609781652141573
HomeGoalsPerGame + AwayShotsAgainstLast5 + AwayShotsOnTargetAgainstLast5,3,0.4947368421052631,1.0305363228441091,0.2061341843417706
GoalsAgainstPerGameDiff + AwayPPG,2,0.4986842105263158,1.030543503857969,0.20555907450061112
AwayGoalsAgainstPerGame + HomeGoalsAgainstLast5 + XGAgainstDiffLast5,3,0.4953947368421052,1.0305748614674335,0.20593644815431753
GoalDiffLast5 + AwayGDPerGame + AwayShotsOnTargetAgainstLast5,3,0.4927631578947368,1.0306324344195026,0.20661244407608786
HomeGoalsPerGame + HomeGoalsLast5 + AwayShotsOnTargetAgainstLast5,3,0.4855263157894737,1.030649812353511,0.2061846868821657
GoalsAgainstPerGameDiff + AwayPPG + AwayPointsLast5,3,0.49671052631578944,1.0306700606677082,0.20564472413059062
GoalDiffLast5 + AwayPPG + AwayShotsOnTargetAgainstLast5,3,0.49276315789473685,1.0306735511399296,0.206656062403079
AwayGoalsAgainstLast5 + AwayShotsOnTargetLast5 + XGAgainstDiffLast5,3,0.4888157894736842,1.0306787605426715,0.20621515756959538
AwayShotsOnTargetLast5 + AwayShotsOnTargetAgainstLast5 + XGAgainstDiffLast5,3,0.4894736842105263,1.0306994847159512,0.20613934196923078
GoalDiffLast5 + HomeGoalsLast5 + AwayShotsOnTargetAgainstLast5,3,0.4881578947368421,1.0307263318843893,0.20655077699060695
AwayPPG + AwayShotsOnTargetLast5 + HomeShotsOnTargetAgainstLast5,3,0.4868421052631579,1.0307289742033405,0.20626981813389345
HomeGoalsLast5 + AwayGoalsLast5 + AwayShotsOnTargetAgainstLast5,3,0.4881578947368421,1.030742127256059,0.20655373347890948
AwayPointsLast5 + HomeShotsOnTargetAgainstLast5 + XGAgainstDiffLast5,3,0.4894736842105264,1.0307552358030647,0.20617947682282708
GoalsAgainstPerGameDiff + AwayPointsLast5,2,0.4934210526315789,1.030756290566878,0.2055398193293554
GoalDiffLast5 + HomePointsLast5,2,0.4901315789473684,1.0307605315074833,0.2064979588609856
GoalDiffLast5 + AwayGoalsLast5 + AwayShotsOnTargetAgainstLast5,3,0.4881578947368421,1.0307686258561497,0.20656158593200744
GoalDiffLast5 + AwayGDPerGame + AwayShotsAgainstLast5,3,0.4927631578947369,1.0307771083143105,0.20665448972702008
GoalsAgainstPerGameDiff + AwayPPG + AwayGoalsAgainstPerGame,3,0.5006578947368421,1.030783530699823,0.2056257012565488
HomeGoalsLast5 + AwayGoalsLast5 + HomeGoalsAgainstLast5,3,0.4960526315789474,1.0307861079559748,0.20640353382067758
HomeGoalsLast5 + HomeShotsOnTargetLast5 + AwayShotsOnTargetAgainstLast5,3,0.48486842105263156,1.0307875351118563,0.2062149225458406
GoalDiffLast5 + HomeGoalsLast5 + HomeGoalsAgainstLast5,3,0.4967105263157895,1.0307906962191953,0.2064046485966207
GoalDiffLast5 + AwayGoalsLast5 + HomeGoalsAgainstLast5,3,0.4967105263157895,1.0307962422939043,0.20640707758576304
AwayGoalsAgainstPerGame + HomeShotsAgainstLast5,2,0.47828947368421054,1.0308037681868407,0.2059195459528307
HomeGDPerGame + HomeShotsOnTargetLast5,2,0.49144736842105263,1.0308077891521454,0.20601289631525155
HomePointsLast5 + AwayGoalsLast5 + HomeGoalsAgainstLast5,3,0.49802631578947365,1.030828098478232,0.20646745860596288
AwayPPG + HomeGoalsAgainstLast5 + AwayShotsAgainstLast5,3,0.494078947368421,1.0308298377415186,0.20628910978922507
GoalDiffLast5 + AwayPPG + AwayShotsAgainstLast5,3,0.49078947368421055,1.0308312388257925,0.20671926439608804
AwayPPG + AwayPointsLast5 + HomeGoalsLast5,3,0.4993421052631579,1.0308624080787419,0.206496837581119
GoalAgainstDiffLast5 + AwayElo + AwayShotsOnTargetAgainstLast5,3,0.48289473684210527,1.0308631915157702,0.2065571895606769
GoalAgainstDiffLast5 + AwayElo + AwayShotsAgainstLast5,3,0.48289473684210527,1.0308687039149214,0.20657886390988492
HomePPG + HomeGDPerGame + HomeShotsOnTargetAgainstLast5,3,0.4842105263157895,1.0309015410947797,0.20600088380123469
HomeGoalsPerGame + AwayGoalsAgainstLast5 + AwayShotsAgainstLast5,3,0.49078947368421055,1.0309046695097406,0.2061705865657371
AwayPointsLast5 + HomeGoalsAgainstLast5 + HomeShotsAgainstLast5,3,0.4848684210526316,1.030958420191275,0.20618369801718855
AwayGoalsLast5 + XGAgainstDiffLast5,2,0.49276315789473685,1.0309647188575017,0.20627917343345795
HomePPG + AwayGoalsAgainstPerGame,2,0.5032894736842105,1.0309673960749943,0.20576568719470414
AwayGDPerGame + AwayPointsLast5 + HomeGoalsAgainstLast5,3,0.49407894736842106,1.0309749803729926,0.20635426982094424
HomeGoalsPerGame + AwayGoalsAgainstPerGame + HomeGoalsAgainstLast5,3,0.4967105263157895,1.0309840046643568,0.2059742752489756
GoalsAgainstPerGameDiff + AwayGoalsAgainstPerGame + AwayPointsLast5,3,0.4967105263157895,1.0309965761078852,0.20557652583976657
AwayPPG + HomeGoalsLast5,2,0.5013157894736842,1.0310039237877762,0.20642928624854023
GoalDiffLast5 + AwayGoalsAgainstPerGame + AwayShotsAgainstLast5,3,0.4934210526315789,1.031014081111243,0.20665132898414743
HomePPG + HomeGoalsAgainstLast5 + HomeShotsAgainstLast5,3,0.4901315789473684,1.0310287239940208,0.2061407252462903
HomePointsLast5 + HomeGoalsLast5 + HomeShotsAgainstLast5,3,0.4763157894736842,1.031035254759137,0.20646780582914293
HomePPG + AwayGoalsAgainstLast5,2,0.49736842105263157,1.0310376710029252,0.20628897612239197
AwayPointsLast5 + AwayShotsAgainstLast5 + HomeShotsOnTargetAgainstLast5,3,0.49013157894736836,1.0310985714790635,0.20610641472287608
AwayGDPerGame + HomeGoalsAgainstLast5,2,0.49671052631578955,1.0311070423273723,0.20634479786299756
GoalAgainstDiffLast5 + HomeShotsOnTargetLast5,2,0.4921052631578947,1.0311364017436007,0.2063687653684699
AwayGoalsAgainstLast5 + HomeShotsAgainstLast5 + XGAgainstDiffLast5,3,0.49473684210526314,1.0311382820437618,0.20608598243014195
GoalAgainstDiffLast5 + GoalsAgainstPerGameDiff + AwayPointsLast5,3,0.5,1.0311489235160298,0.20573697574798133
HomeShotsAgainstLast5 + XGAgainstDiffLast5,2,0.49539473684210533,1.0311680351568158,0.20613759017423758
GoalAgainstDiffLast5 + HomeGoalsLast5 + HomeShotsOnTargetAgainstLast5,3,0.4875,1.0311883584784518,0.20633198312894901
HomeGDPerGame + HomePointsLast5,2,0.4822368421052632,1.0312468419244718,0.20626785634429498
AwayGoalsAgainstPerGame + AwayGoalsAgainstLast5 + XGAgainstDiffLast5,3,0.4901315789473684,1.0312604963563052,0.20609371355904288
HomeGoalsAgainstLast5 + AwayShotsOnTargetLast5 + AwayShotsOnTargetAgainstLast5,3,0.5006578947368421,1.0312659703648412,0.20620438596039947
GoalDiffLast5 + AwayGoalsAgainstPerGame + AwayShotsOnTargetAgainstLast5,3,0.4934210526315789,1.0312738039665235,0.20670211557920054
GoalAgainstDiffLast5 + AwayPointsLast5 + HomeShotsAgainstLast5,3,0.48289473684210527,1.031275925313155,0.2063289665757965
AwayShotsAgainstLast5 + HomeShotsOnTargetLast5 + AwayShotsOnTargetAgainstLast5,3,0.48684210526315785,1.0312866598408756,0.20640091082218465
HomePointsLast5 + HomeShotsOnTargetLast5 + HomeShotsOnTargetAgainstLast5,3,0.48289473684210527,1.0313164615036494,0.20647854503478222
HomeGoalsLast5 + HomeShotsAgainstLast5 + HomeShotsOnTargetLast5,3,0.48026315789473684,1.0313179930674334,0.20632475918523313
GoalAgainstDiffLast5 + AwayPPG + HomeShotsOnTargetAgainstLast5,3,0.4842105263157895,1.0313424627021532,0.20639523704343885
HomePPG + HomePointsLast5 + HomeShotsOnTargetLast5,3,0.4881578947368421,1.0313496892657184,0.20635051872263085
HomeGoalsPerGame + HomeGoalsLast5 + HomeShotsAgainstLast5,3,0.48092105263157897,1.0313518946876497,0.20625542545476436
AwayPointsLast5 + AwayGoalsLast5 + HomeShotsAgainstLast5,3,0.48684210526315785,1.03141308714231,0.20635046453446476
AwayGoalsLast5 + AwayGoalsAgainstLast5 + HomeShotsAgainstLast5,3,0.4842105263157895,1.0314212193140189,0.20629504852820127
HomePPG + HomeGoalsLast5 + HomeShotsOnTargetAgainstLast5,3,0.4776315789473684,1.0314318245305936,0.2063699271881429
AwayGoalsLast5 + AwayShotsAgainstLast5 + HomeShotsOnTargetAgainstLast5,3,0.4868421052631579,1.0314627503122682,0.20617303777448515
AwayPointsLast5 + HomeShotsOnTargetAgainstLast5 + AwayShotsOnTargetAgainstLast5,3,0.4868421052631579,1.0314675283283918,0.20619154272653908
HomeGDPerGame + HomeGoalsLast5 + HomeShotsOnTargetLast5,3,0.4921052631578947,1.0314857259201156,0.20618848691449576
AwayPointsLast5 + HomeShotsAgainstLast5,2,0.4848684210526316,1.0314963853330876,0.20635789135657795
GoalsAgainstPerGameDiff + AwayPPG + AwayGoalsAgainstLast5,3,0.4993421052631579,1.031501117825412,0.2057932143074324
AwayShotsAgainstLast5 + HomeShotsOnTargetLast5,2,0.48026315789473684,1.03154264006242,0.20644532528500203
GoalsAgainstPerGameDiff + AwayPointsLast5 + AwayGoalsAgainstLast5,3,0.4960526315789474,1.031548762385046,0.2057090905660305
AwayPointsLast5 + AwayGoalsLast5 + XGAgainstDiffLast5,3,0.493421052631579,1.031571861165601,0.2063972292104726
AwayPointsLast5 + HomeGoalsLast5 + HomeShotsOnTargetLast5,3,0.48947368421052634,1.0315835964403357,0.2065672553328595
AwayGDPerGame + AwayGoalsLast5 + HomeGoalsAgainstLast5,3,0.4953947368421053,1.031598943996343,0.2064431644896875
AwayGoalsLast5 + HomeShotsAgainstLast5 + AwayShotsOnTargetLast5,3,0.4881578947368421,1.031613634131296,0.20632246859720987
AwayPointsLast5 + HomeGoalsLast5 + AwayShotsOnTargetLast5,3,0.4861842105263158,1.0316392819495235,0.20671481075292025
HomeGDPerGame + HomeGoalsAgainstLast5 + HomeShotsAgainstLast5,3,0.4901315789473685,1.0316470234715007,0.20606844883809775
HomeGoalsAgainstLast5 + HomeShotsAgainstLast5 + AwayShotsOnTargetLast5,3,0.4828947368421053,1.0316678476118366,0.20627572129212277
HomeGoalsPerGame + HomeGoalsAgainstLast5 + AwayGoalsAgainstLast5,3,0.49671052631578944,1.0316745246791623,0.20626559633011574
HomeGoalsLast5 + AwayGoalsAgainstLast5 + HomeShotsOnTargetAgainstLast5,3,0.48026315789473684,1.0316793532910395,0.20635698622671964
GoalAgainstDiffLast5 + HomeGoalsPerGame + HomeGoalsAgainstLast5,3,0.49605263157894736,1.0316882371481988,0.20626848545078352
HomeGoalsPerGame + HomePointsLast5 + HomeShotsOnTargetAgainstLast5,3,0.4782894736842105,1.0316903779084479,0.2063944516841034
GoalAgainstDiffLast5 + HomeGoalsPerGame + AwayGoalsAgainstLast5,3,0.49605263157894736,1.0316936968475277,0.20626930170604338
HomePointsLast5 + HomeShotsAgainstLast5,2,0.4776315789473684,1.0316967691165833,0.2066302477871219
GoalAgainstDiffLast5 + HomeShotsAgainstLast5 + XGAgainstDiffLast5,3,0.49144736842105263,1.0317194874176694,0.2062845946425389
AwayGoalsAgainstPerGame + AwayPointsLast5 + XGAgainstDiffLast5,3,0.4855263157894737,1.0317265811289877,0.20628220603073386
HomeShotsOnTargetAgainstLast5 + AwayShotsOnTargetAgainstLast5 + XGAgainstDiffLast5,3,0.49868421052631584,1.031734606268903,0.20612594945341314
AwayPointsLast5 + HomeGoalsLast5 + AwayShotsAgainstLast5,3,0.49473684210526314,1.0317359751753552,0.20673729551149728
AwayGoalsAgainstPerGame + XGAgainstDiffLast5,2,0.4868421052631579,1.031746583663509,0.20624900114399602
HomeGDPerGame + HomeGoalsLast5 + HomeShotsOnTargetAgainstLast5,3,0.47828947368421054,1.0317507589716686,0.20624913308925352
AwayPPG + AwayGDPerGame + HomeGoalsAgainstLast5,3,0.49473684210526325,1.0317728431379334,0.20645357921507712
HomeGoalsPerGame + AwayPointsLast5 + HomeGoalsLast5,3,0.5,1.0318118202426683,0.20659013355006198
AwayPointsLast5 + HomeGoalsAgainstLast5 + XGAgainstDiffLast5,3,0.49407894736842106,1.0318197895805072,0.2064055495084004
GoalAgainstDiffLast5 + AwayGoalsLast5 + XGAgainstDiffLast5,3,0.49342105263157887,1.0318212241959623,0.20647114912371195
HomePPG + HomePointsLast5 + HomeShotsOnTargetAgainstLast5,3,0.4828947368421053,1.0318294847526615,0.2064797270067488
AwayGoalsLast5 + AwayGoalsAgainstLast5 + HomeShotsOnTargetLast5,3,0.4921052631578947,1.031837372675918,0.2066036187841787
AwayGoalsAgainstPerGame + AwayShotsOnTargetLast5 + HomeShotsOnTargetAgainstLast5,3,0.4901315789473684,1.0318593174545814,0.2063834847424916
AwayPointsLast5 + AwayGoalsLast5 + HomeShotsOnTargetLast5,3,0.475,1.0318626679008258,0.2066410396278855
AwayShotsAgainstLast5 + HomeShotsOnTargetAgainstLast5 + XGAgainstDiffLast5,3,0.4868421052631579,1.031888061315566,0.20620016971745098
HomeGoalsPerGame + AwayShotsOnTargetAgainstLast5,2,0.4796052631578947,1.0318888978408183,0.20640424506239796
HomeGDPerGame + HomeShotsOnTargetAgainstLast5,2,0.48355263157894735,1.0319119809015842,0.20617175585682018
HomePPG + HomeGoalsAgainstLast5 + HomeShotsOnTargetLast5,3,0.4875,1.031940540625955,0.20640684235474926
GoalDiffLast5 + AwayGDPerGame + AwayPointsLast5,3,0.4921052631578947,1.0319478569174272,0.20680381488900337
GoalsAgainstPerGameDiff + HomeGoalsAgainstLast5,2,0.5078947368421053,1.031955602279775,0.20565994588785788
GoalDiffLast5 + HomeShotsOnTargetLast5,2,0.4875,1.0319624015685436,0.20674522808746926
AwayGoalsAgainstPerGame + HomeGoalsLast5 + AwayShotsAgainstLast5,3,0.48157894736842105,1.0319670815250181,0.20665430827222797
HomeGoalsLast5 + AwayGoalsAgainstLast5 + AwayShotsOnTargetLast5,3,0.4842105263157895,1.0319739009890607,0.20671667591682003
HomeShotsAgainstLast5 + AwayShotsOnTargetLast5,2,0.48355263157894735,1.0319823770810588,0.20640461631854373
GoalDiffLast5 + HomeGoalsPerGame,2,0.4894736842105263,1.0319931364039108,0.20673504219957603
GoalAgainstDiffLast5 + GoalsAgainstPerGameDiff,2,0.5059210526315789,1.0320101381296665,0.20583840869778258
AwayGoalsAgainstPerGame + HomeShotsAgainstLast5 + HomeShotsOnTargetAgainstLast5,3,0.48157894736842105,1.0320401359472895,0.20613143637269
GoalDiffLast5 + AwayPointsLast5 + AwayShotsOnTargetAgainstLast5,3,0.48947368421052634,1.0320700214102914,0.20693163940246298
GoalDiffLast5 + AwayShotsOnTargetAgainstLast5,2,0.4927631578947368,1.0320702444389673,0.2069407083546002
AwayPPG + HomeGoalsLast5 + AwayGoalsAgainstLast5,3,0.49934210526315786,1.0320944166783017,0.20671691437177375
GoalDiffLast5 + AwayGoalsLast5 + HomeShotsOnTargetLast5,3,0.48223684210526313,1.0320944466828084,0.20674598833892754
HomeGoalsLast5 + AwayGoalsLast5 + HomeShotsOnTargetLast5,3,0.48223684210526313,1.0321053940195444,0.20674572152326975
HomePointsLast5 + HomeShotsAgainstLast5 + HomeShotsOnTargetAgainstLast5,3,0.48026315789473684,1.032106482622639,0.20672887827208666
GoalDiffLast5 + HomeGoalsLast5 + HomeShotsOnTargetLast5,3,0.48157894736842105,1.0321133106587412,0.20674897206264292
AwayPPG + HomeGoalsAgainstLast5 + HomeShotsOnTargetAgainstLast5,3,0.49013157894736836,1.0321157844782445,0.20639936078079174
GoalDiffLast5 + AwayPointsLast5 + AwayShotsAgainstLast5,3,0.4901315789473685,1.0321511907839276,0.20698437675071651
HomeGDPerGame + HomePointsLast5 + HomeGoalsLast5,3,0.4842105263157895,1.0321755024798356,0.20648481544121872
GoalDiffLast5 + AwayShotsOnTargetLast5 + AwayShotsOnTargetAgainstLast5,3,0.494078947368421,1.0321928730521812,0.20695184736766528
GoalDiffLast5 + AwayShotsAgainstLast5 + AwayShotsOnTargetAgainstLast5,3,0.494078947368421,1.0321942694072954,0.20702919248536467
GoalDiffLast5 + AwayShotsAgainstLast5,2,0.49144736842105263,1.0321963647898573,0.20700467063475828
AwayGoalsAgainstLast5 + AwayShotsAgainstLast5 + HomeShotsOnTargetLast5,3,0.4861842105263158,1.0321965757493041,0.20661243039694177
HomeGoalsPerGame + AwayGoalsLast5 + AwayGoalsAgainstLast5,3,0.49013157894736836,1.0322049219265015,0.20658962210147278
HomePPG + HomeGDPerGame + HomePointsLast5,3,0.4809210526315789,1.0322137804219682,0.2064447824502366
HomeGoalsPerGame + AwayGoalsAgainstPerGame + AwayShotsOnTargetAgainstLast5,3,0.4855263157894737,1.0322257164944615,0.20650907701055665
HomeGoalsPerGame + AwayGoalsAgainstPerGame + HomeShotsOnTargetLast5,3,0.4769736842105263,1.0322307273564393,0.20648305146819884
HomeGoalsPerGame + HomeShotsAgainstLast5,2,0.47960526315789476,1.0322587728052373,0.20642491454750075
HomePPG + HomeShotsOnTargetLast5,2,0.4894736842105263,1.0322894745899984,0.20652286902725622
HomeGDPerGame + HomeGoalsAgainstLast5 + HomeShotsOnTargetLast5,3,0.4888157894736842,1.032290072949713,0.20629903366174887
HomePPG + HomeGoalsPerGame + AwayGoalsAgainstLast5,3,0.49144736842105263,1.0322922513119526,0.2065090048348347
HomeGoalsPerGame + AwayPointsLast5 + AwayGoalsLast5,3,0.49407894736842106,1.0323091612892292,0.2066951065823267
HomeShotsAgainstLast5 + HomeShotsOnTargetAgainstLast5 + XGAgainstDiffLast5,3,0.4947368421052632,1.0323571572130927,0.20637198434325366
GoalsAgainstPerGameDiff,1,0.5072368421052631,1.0323883223758146,0.20570528585783324
HomeGDPerGame + HomeGoalsPerGame + HomePointsLast5,3,0.48223684210526313,1.0324020059968837,0.20648778148350866
GoalDiffLast5 + AwayShotsAgainstLast5 + AwayShotsOnTargetLast5,3,0.494078947368421,1.032405838771364,0.20703899824453656
HomeGDPerGame + HomeGoalsPerGame + HomeShotsOnTargetAgainstLast5,3,0.48289473684210527,1.0324080250155423,0.20628647255850344
GoalAgainstDiffLast5 + AwayGDPerGame + AwayGoalsAgainstLast5,3,0.49078947368421044,1.0324477272242605,0.2066860412900168
AwayGDPerGame + HomeGoalsAgainstLast5 + AwayGoalsAgainstLast5,3,0.49078947368421044,1.0324489467086102,0.20668499618541425
GoalAgainstDiffLast5 + AwayGDPerGame + HomeGoalsAgainstLast5,3,0.49013157894736836,1.0324508028722033,0.20668702668460526
HomeGDPerGame + HomeGoalsPerGame + HomeShotsOnTargetLast5,3,0.4888157894736842,1.0324527390100462,0.20628191779277424
AwayGoalsLast5 + AwayShotsAgainstLast5 + XGAgainstDiffLast5,3,0.4881578947368421,1.032458294419214,0.20658682887834398
HomeShotsOnTargetLast5 + AwayShotsOnTargetAgainstLast5,2,0.48289473684210527,1.0324608331424778,0.20659008465082282
AwayPPG + AwayPointsLast5 + HomeShotsOnTargetAgainstLast5,3,0.49078947368421055,1.0324756616469284,0.20662395135465367
HomeGDPerGame + HomePointsLast5 + HomeGoalsAgainstLast5,3,0.4828947368421052,1.0325100722149534,0.20654687001712244
HomeGoalsAgainstLast5 + AwayGoalsAgainstLast5 + HomeShotsOnTargetLast5,3,0.48749999999999993,1.032528402770829,0.20667908998113865
GoalDiffLast5 + AwayGoalsAgainstPerGame + HomeGoalsLast5,3,0.4842105263157895,1.0325316711515504,0.2068238803744615
GoalAgainstDiffLast5 + HomeGoalsAgainstLast5 + HomeShotsOnTargetLast5,3,0.48749999999999993,1.0325346596779426,0.20668079206108508
HomeGoalsPerGame + HomeShotsOnTargetLast5 + HomeShotsOnTargetAgainstLast5,3,0.4796052631578947,1.0325388427780995,0.20642594608846535
GoalDiffLast5 + AwayGoalsAgainstPerGame + AwayGoalsLast5,3,0.4842105263157895,1.0325454274492287,0.20682757920845077
GoalAgainstDiffLast5 + AwayGoalsAgainstLast5 + HomeShotsOnTargetLast5,3,0.4875,1.0325464981165204,0.2066839532097807
AwayGoalsAgainstPerGame + HomeGoalsLast5 + AwayGoalsLast5,3,0.4842105263157895,1.0325619324611637,0.2068286592950897
AwayGDPerGame + AwayGoalsAgainstPerGame + HomeGoalsAgainstLast5,3,0.49144736842105263,1.0325731361195243,0.20659412559919693
HomeGoalsAgainstLast5 + AwayShotsAgainstLast5 + AwayShotsOnTargetLast5,3,0.4934210526315789,1.0326002885048107,0.20659145719757988
AwayGoalsLast5 + AwayShotsOnTargetAgainstLast5 + XGAgainstDiffLast5,3,0.49078947368421055,1.0326404143368442,0.20656356077125043
HomeGoalsAgainstLast5 + HomeShotsOnTargetAgainstLast5 + AwayShotsOnTargetAgainstLast5,3,0.49868421052631584,1.0326595897128845,0.2063300794953851
GoalDiffLast5 + AwayPPG + AwayGoalsAgainstPerGame,3,0.48684210526315785,1.0326713241745575,0.20699030605177401
AwayPointsLast5 + XGAgainstDiffLast5,2,0.48684210526315785,1.0326726798555255,0.2066363000990288
GoalDiffLast5 + HomeGoalsPerGame + HomeGoalsLast5,3,0.49078947368421055,1.0326891504669613,0.20685733840353357
HomePPG + HomeGoalsPerGame + AwayGoalsAgainstPerGame,3,0.5065789473684211,1.032695713334166,0.20613094827983447
HomeGoalsPerGame + HomeGoalsLast5 + AwayGoalsLast5,3,0.49078947368421055,1.0326980369317087,0.20685730235850092
GoalDiffLast5 + HomeGoalsLast5 + AwayShotsOnTargetLast5,3,0.48684210526315785,1.032698243740932,0.2069582766358953
GoalDiffLast5 + AwayGoalsLast5 + AwayShotsOnTargetLast5,3,0.48684210526315785,1.0326998211661071,0.20695740647981925
GoalAgainstDiffLast5 + GoalsAgainstPerGameDiff + AwayGoalsAgainstPerGame,3,0.506578947368421,1.0327037074035639,0.20599390491660308
HomeGoalsLast5 + AwayGoalsLast5 + AwayShotsOnTargetLast5,3,0.48684210526315785,1.0327056758749926,0.20695818226819454
GoalDiffLast5 + HomeGoalsPerGame + AwayGoalsLast5,3,0.49078947368421055,1.032707138791014,0.20686242639581412
GoalsAgainstPerGameDiff + HomeGoalsAgainstLast5 + AwayGoalsAgainstLast5,3,0.5026315789473684,1.0327145370624693,0.20599748012668764
GoalDiffLast5 + AwayGDPerGame,2,0.49144736842105263,1.0327255063961722,0.20706938661593033
GoalAgainstDiffLast5 + GoalsAgainstPerGameDiff + AwayGoalsAgainstLast5,3,0.5026315789473684,1.0327275348011828,0.20600053694227144
GoalAgainstDiffLast5 + HomePointsLast5 + HomeGoalsLast5,3,0.4927631578947368,1.0327277398356278,0.20679605432991535
GoalAgainstDiffLast5 + GoalsAgainstPerGameDiff + HomeGoalsAgainstLast5,3,0.5026315789473684,1.0327350125740937,0.20599980312233154
GoalsAgainstPerGameDiff + AwayGoalsAgainstPerGame + HomeGoalsAgainstLast5,3,0.5065789473684211,1.0327757999764118,0.20591698345229506
AwayGoalsLast5 + AwayGoalsAgainstLast5 + XGAgainstDiffLast5,3,0.48881578947368415,1.0327815858039724,0.20669024847497802
AwayPPG + AwayGoalsLast5 + HomeShotsOnTargetAgainstLast5,3,0.4901315789473684,1.0327945308376432,0.20663092509455847
AwayGoalsAgainstPerGame + AwayShotsAgainstLast5 + XGAgainstDiffLast5,3,0.48684210526315785,1.0328024749517326,0.20647240601109282
HomePPG + HomeShotsOnTargetAgainstLast5,2,0.4796052631578947,1.032826833337051,0.20664004902939456
HomeShotsAgainstLast5 + HomeShotsOnTargetLast5,2,0.48026315789473684,1.0328840952214047,0.20660890534319915
AwayPointsLast5 + HomeShotsAgainstLast5 + HomeShotsOnTargetAgainstLast5,3,0.4776315789473684,1.0328947008120795,0.20664932927085503
HomeGoalsPerGame + AwayGoalsAgainstPerGame + AwayGoalsLast5,3,0.49802631578947365,1.0329029464963035,0.20668964576796153
HomeGoalsAgainstLast5 + AwayShotsAgainstLast5 + XGAgainstDiffLast5,3,0.4868421052631579,1.032910130186216,0.20653010777605824
GoalDiffLast5 + AwayGoalsAgainstLast5 + AwayShotsAgainstLast5,3,0.4921052631578947,1.0329237795043311,0.2071477933270512
HomeGoalsAgainstLast5 + HomeShotsAgainstLast5 + XGAgainstDiffLast5,3,0.4927631578947369,1.032931941613122,0.2065187787366113
GoalAgainstDiffLast5 + AwayGoalsAgainstPerGame + XGAgainstDiffLast5,3,0.4921052631578947,1.032968516472277,0.20654857436073776
HomePointsLast5 + HomeGoalsAgainstLast5 + HomeShotsAgainstLast5,3,0.4796052631578947,1.0329860634575248,0.20691757613818593
HomeGoalsPerGame + HomeGoalsAgainstLast5 + HomeShotsAgainstLast5,3,0.4822368421052632,1.032994962626528,0.2065244853331175
HomePPG + HomeGoalsLast5 + HomeShotsOnTargetLast5,3,0.4822368421052632,1.0330234429215,0.20671376132716102
HomePPG + HomeGDPerGame,2,0.4888157894736842,1.033030289544464,0.20654146834933854
AwayGoalsAgainstPerGame + HomeGoalsLast5 + HomeShotsOnTargetLast5,3,0.4855263157894737,1.03303607811698,0.20660360544066747
GoalAgainstDiffLast5 + AwayShotsAgainstLast5 + HomeShotsOnTargetAgainstLast5,3,0.4888157894736842,1.0330442972143572,0.20653149588975336
GoalsAgainstPerGameDiff + AwayGoalsAgainstPerGame,2,0.5072368421052631,1.033045710703229,0.20585631393521517
HomeGoalsPerGame + AwayGoalsAgainstLast5 + AwayShotsOnTargetAgainstLast5,3,0.4789473684210526,1.0330712587475972,0.20665619391409581
HomeGoalsLast5 + AwayShotsOnTargetLast5,2,0.49407894736842106,1.0330977304718205,0.20702776263206824
HomeGoalsPerGame + AwayPointsLast5,2,0.49144736842105263,1.0331049593453605,0.2068476508150313
AwayPPG + HomeShotsOnTargetAgainstLast5,2,0.49210526315789477,1.0331190691700605,0.206643921458207
AwayPPG + HomeGoalsAgainstLast5 + AwayShotsOnTargetLast5,3,0.48289473684210527,1.0331339644341009,0.20691647200399246
HomeGoalsAgainstLast5 + AwayShotsOnTargetAgainstLast5 + XGAgainstDiffLast5,3,0.48881578947368426,1.0331486429800427,0.20647877638502538
AwayGoalsLast5 + HomeGoalsAgainstLast5 + AwayShotsOnTargetAgainstLast5,3,0.4894736842105263,1.0331531458652932,0.20673101780708272
GoalDiffLast5 + AwayGoalsAgainstLast5 + AwayShotsOnTargetAgainstLast5,3,0.4881578947368421,1.0331549361004335,0.20717932126591104
HomeGoalsPerGame + AwayGoalsAgainstPerGame + AwayPointsLast5,3,0.49473684210526314,1.0331879744084376,0.2068512735953158
AwayShotsAgainstLast5 + HomeShotsOnTargetAgainstLast5 + AwayShotsOnTargetAgainstLast5,3,0.48355263157894735,1.0332031343877905,0.20652369271898477
GoalDiffLast5 + AwayPPG + AwayPointsLast5,3,0.49407894736842106,1.0332255021911843,0.20723667965163226
AwayPointsLast5 + HomeShotsOnTargetLast5,2,0.4835526315789474,1.033229259396388,0.20691119186066986
HomeShotsOnTargetAgainstLast5 + XGAgainstDiffLast5,2,0.48486842105263156,1.0332455660112232,0.20669081085458557
GoalDiffLast5 + AwayPPG + AwayGDPerGame,3,0.4914473684210526,1.0332497081691954,0.20717302049053243
GoalDiffLast5 + AwayGDPerGame + AwayShotsOnTargetLast5,3,0.4894736842105263,1.0332505993230163,0.20718526858712996
HomeGoalsAgainstLast5 + AwayShotsAgainstLast5 + HomeShotsOnTargetAgainstLast5,3,0.4875,1.0333330358348485,0.2065499253484811
GoalAgainstDiffLast5 + HomeGoalsLast5,2,0.49934210526315786,1.0333857187733844,0.20691397883549573
AwayGoalsAgainstPerGame + AwayShotsOnTargetAgainstLast5 + XGAgainstDiffLast5,3,0.48750000000000004,1.0334381999682267,0.2065730914549472
GoalsAgainstPerGameDiff + AwayGoalsAgainstLast5,2,0.5026315789473684,1.0334390321480789,0.2060148004536324
AwayPointsLast5 + HomeGoalsLast5 + AwayShotsOnTargetAgainstLast5,3,0.49078947368421055,1.0334645771590647,0.20706546516892352
HomeShotsAgainstLast5 + AwayShotsOnTargetLast5 + HomeShotsOnTargetAgainstLast5,3,0.48092105263157897,1.0334807180487244,0.20670557077381432
AwayGoalsAgainstPerGame + HomeGoalsLast5 + AwayShotsOnTargetAgainstLast5,3,0.48026315789473684,1.0334840619334098,0.2069716799002507
GoalDiffLast5 + AwayGDPerGame + AwayGoalsAgainstPerGame,3,0.4927631578947368,1.0335040576982355,0.20715250317494557
AwayPPG + AwayGoalsAgainstLast5 + HomeShotsOnTargetAgainstLast5,3,0.4769736842105263,1.0335215863553733,0.206809877619018
HomeGoalsPerGame + HomeShotsAgainstLast5 + HomeShotsOnTargetAgainstLast5,3,0.4789473684210526,1.033527703457766,0.2066663107343308
AwayPointsLast5 + AwayGoalsAgainstLast5 + HomeShotsAgainstLast5,3,0.48552631578947364,1.033538251222296,0.20679064538560077
GoalsAgainstPerGameDiff + AwayGoalsAgainstPerGame + AwayGoalsAgainstLast5,3,0.5052631578947369,1.033544750245798,0.2060328152782766
HomePPG + HomeGDPerGame + HomeGoalsLast5,3,0.48157894736842105,1.0335631661417388,0.20675214125229055
HomeGoalsPerGame + HomePointsLast5 + HomeShotsOnTargetLast5,3,0.4815789473684211,1.033642679847295,0.2068950955821752
HomeGoalsAgainstLast5 + HomeShotsAgainstLast5 + HomeShotsOnTargetLast5,3,0.4776315789473684,1.033678013111049,0.2067567275216094
GoalDiffLast5 + AwayPPG,2,0.48092105263157897,1.0336836748787483,0.2073987310030755
AwayGoalsAgainstLast5 + HomeShotsOnTargetLast5 + AwayShotsOnTargetAgainstLast5,3,0.47960526315789476,1.033695699244269,0.20688967662895366
GoalAgainstDiffLast5 + HomePointsLast5 + HomeShotsOnTargetAgainstLast5,3,0.4835526315789474,1.03371338947493,0.20708078054619722
GoalAgainstDiffLast5 + AwayShotsOnTargetLast5 + HomeShotsOnTargetAgainstLast5,3,0.4875,1.0337223236671056,0.2069998494451032
HomeGDPerGame + HomeGoalsAgainstLast5 + HomeShotsOnTargetAgainstLast5,3,0.48486842105263156,1.0337631140633303,0.2064998088101146
AwayPointsLast5 + AwayShotsAgainstLast5 + XGAgainstDiffLast5,3,0.48881578947368426,1.0337665079565272,0.2068613030866634
HomeGDPerGame,1,0.49144736842105263,1.033837941130393,0.20667379618303391
GoalDiffLast5 + AwayGDPerGame + AwayGoalsAgainstLast5,3,0.48289473684210527,1.0338477296398927,0.2073155441336673
HomeGoalsPerGame + AwayGoalsAgainstLast5 + HomeShotsOnTargetLast5,3,0.48157894736842105,1.0338613249678716,0.20685637481644792
AwayGoalsAgainstPerGame + AwayGoalsLast5 + HomeShotsOnTargetAgainstLast5,3,0.4934210526315789,1.0338898408131887,0.20669843903009974
GoalDiffLast5 + AwayGoalsAgainstPerGame + AwayShotsOnTargetLast5,3,0.48157894736842105,1.0339115344831196,0.20727503816046527
HomePPG + HomeGoalsPerGame + HomeShotsOnTargetAgainstLast5,3,0.4769736842105263,1.0339349293350808,0.20683925136207712
HomeGDPerGame + HomeGoalsLast5,2,0.4868421052631579,1.0339416120400786,0.206812767981866
GoalDiffLast5 + AwayGoalsAgainstPerGame + AwayPointsLast5,3,0.4861842105263158,1.0340124111687512,0.20723223250417955
GoalDiffLast5 + AwayPPG + AwayShotsOnTargetLast5,3,0.48289473684210527,1.0340472614044978,0.20746556473815347
HomeShotsOnTargetAgainstLast5 + AwayShotsOnTargetAgainstLast5,2,0.4953947368421053,1.0340595420527356,0.2067024485055335
HomePointsLast5 + HomeGoalsLast5 + AwayGoalsAgainstLast5,3,0.4848684210526316,1.0340802400097615,0.20722757422702312
AwayGoalsLast5 + HomeShotsOnTargetLast5,2,0.4776315789473684,1.0340834903389018,0.20718061110695388
AwayPPG + AwayGoalsAgainstPerGame + HomeGoalsAgainstLast5,3,0.49078947368421055,1.034093655216294,0.20698674545050524
XGAgainstDiffLast5,1,0.4901315789473684,1.0341326527135877,0.2069076623976034
GoalDiffLast5 + AwayGoalsAgainstPerGame,2,0.48355263157894735,1.0341486547249312,0.20729722451694144
HomePointsLast5 + AwayGoalsAgainstLast5,2,0.48421052631578954,1.0341569371931094,0.20728454021618564
HomeGoalsAgainstLast5 + HomeShotsOnTargetAgainstLast5 + XGAgainstDiffLast5,3,0.48552631578947375,1.0341653018757642,0.2069101684005009
AwayPointsLast5 + AwayGoalsAgainstLast5 + XGAgainstDiffLast5,3,0.48618421052631583,1.0341767693530821,0.20698885898116098
AwayGoalsAgainstPerGame + AwayPointsLast5 + HomeShotsOnTargetAgainstLast5,3,0.48157894736842105,1.0341852264388287,0.20684540362774426
GoalAgainstDiffLast5 + AwayPointsLast5 + XGAgainstDiffLast5,3,0.49013157894736836,1.0341873883278068,0.2069711482513208
HomeGoalsLast5 + HomeShotsAgainstLast5,2,0.4743421052631579,1.0342084066984283,0.20710364566479084
AwayShotsAgainstLast5 + HomeShotsOnTargetAgainstLast5,2,0.4789473684210526,1.0342656613133179,0.20677106823063296
HomePPG + HomeGDPerGame + HomeGoalsAgainstLast5,3,0.48552631578947364,1.0342753008470167,0.20678388310162163
HomeShotsAgainstLast5 + HomeShotsOnTargetLast5 + HomeShotsOnTargetAgainstLast5,3,0.47631578947368425,1.0342770142219557,0.20690536440209836
AwayGoalsAgainstLast5 + AwayShotsAgainstLast5 + HomeShotsOnTargetAgainstLast5,3,0.48026315789473684,1.0343479433151714,0.2067885090807192
AwayGoalsAgainstPerGame + HomeGoalsAgainstLast5 + AwayShotsAgainstLast5,3,0.49013157894736836,1.0343482737774017,0.2068621142075045
HomeGoalsAgainstLast5 + XGAgainstDiffLast5,2,0.4875,1.0343541673505579,0.20692318288743075
AwayPointsLast5 + AwayShotsOnTargetAgainstLast5 + XGAgainstDiffLast5,3,0.49078947368421055,1.0343683216477095,0.2069324939896351
AwayGoalsAgainstPerGame + HomeGoalsAgainstLast5 + AwayShotsOnTargetAgainstLast5,3,0.4967105263157895,1.0343888825302754,0.2068617234973503
HomeGoalsPerGame + AwayPointsLast5 + AwayGoalsAgainstLast5,3,0.4927631578947368,1.0344000748859028,0.20712366094359635
GoalAgainstDiffLast5 + HomeShotsOnTargetAgainstLast5 + AwayShotsOnTargetAgainstLast5,3,0.49144736842105263,1.0344028546533333,0.20680620378404074
AwayGoalsAgainstPerGame + AwayPointsLast5 + HomeGoalsLast5,3,0.4894736842105263,1.034500532356432,0.2072824689652041
AwayShotsAgainstLast5 + XGAgainstDiffLast5,2,0.4868421052631579,1.0345211555547384,0.20697917497858503
GoalDiffLast5 + AwayGoalsAgainstPerGame + AwayGoalsAgainstLast5,3,0.4842105263157894,1.034538430609341,0.20740488536608265
HomePPG + HomeGoalsAgainstLast5 + HomeShotsOnTargetAgainstLast5,3,0.4835526315789474,1.0345624694826885,0.2069627900586755
HomePPG + HomeGoalsPerGame + HomeShotsOnTargetLast5,3,0.4875,1.0345785671254506,0.20700847576534775
GoalAgainstDiffLast5 + HomeShotsOnTargetAgainstLast5 + XGAgainstDiffLast5,3,0.4875,1.0345865470756783,0.20702423805116663
HomeGoalsPerGame + HomeGoalsAgainstLast5 + HomeShotsOnTargetLast5,3,0.48223684210526313,1.0346213323369877,0.2069746519663949
AwayGoalsAgainstLast5 + HomeShotsOnTargetAgainstLast5 + XGAgainstDiffLast5,3,0.4828947368421052,1.0346279381498737,0.2069669184173915
HomePointsLast5 + HomeGoalsAgainstLast5 + AwayGoalsAgainstLast5,3,0.48486842105263156,1.0346683426168177,0.20737656141128485
GoalAgainstDiffLast5 + HomePointsLast5 + HomeGoalsAgainstLast5,3,0.48486842105263156,1.03468048954901,0.20737836293795603
GoalAgainstDiffLast5 + HomePointsLast5 + AwayGoalsAgainstLast5,3,0.4842105263157895,1.0346880419018716,0.20738081486051704
AwayGoalsLast5 + HomeGoalsAgainstLast5 + AwayShotsAgainstLast5,3,0.48947368421052634,1.0347368321430093,0.20713258920240168
GoalDiffLast5 + AwayPPG + AwayGoalsAgainstLast5,3,0.48157894736842105,1.0347464623214921,0.20760079867823467
AwayPointsLast5 + HomeGoalsAgainstLast5 + AwayShotsAgainstLast5,3,0.4842105263157895,1.0347699147027216,0.2071233762994064
AwayGoalsAgainstPerGame + HomeGoalsAgainstLast5 + AwayShotsOnTargetLast5,3,0.4914473684210527,1.0348185777071266,0.2071759567142852
AwayGoalsLast5 + HomeGoalsAgainstLast5 + HomeShotsAgainstLast5,3,0.48815789473684207,1.0348433332995377,0.20708579454393983
AwayPointsLast5 + HomeGoalsAgainstLast5 + AwayShotsOnTargetAgainstLast5,3,0.49144736842105263,1.0348647458235567,0.20707353721523888
HomeGoalsLast5 + HomeGoalsAgainstLast5 + HomeShotsAgainstLast5,3,0.4782894736842105,1.0348724811507528,0.2071795616748703
HomePointsLast5 + HomeGoalsAgainstLast5 + HomeShotsOnTargetLast5,3,0.4776315789473684,1.0348738823804178,0.20733728696723747
GoalAgainstDiffLast5 + HomeGoalsLast5 + AwayGoalsAgainstLast5,3,0.49473684210526314,1.0348824632680864,0.2072387402621452
HomeGoalsPerGame + AwayGoalsLast5,2,0.4881578947368421,1.0348825152533616,0.20730005920934416
HomeGDPerGame + HomeGoalsPerGame,2,0.48684210526315785,1.0348855319983665,0.20689198942060702
GoalAgainstDiffLast5 + HomeGoalsLast5 + HomeGoalsAgainstLast5,3,0.493421052631579,1.0348884811399897,0.20723954188582489
HomeGoalsLast5 + HomeGoalsAgainstLast5 + AwayGoalsAgainstLast5,3,0.49473684210526314,1.0348925493869416,0.20724060199387245
HomeGoalsLast5 + AwayShotsAgainstLast5,2,0.4848684210526316,1.0349010445702014,0.20741924899672526
AwayPointsLast5 + AwayGoalsAgainstLast5 + HomeShotsOnTargetLast5,3,0.48026315789473684,1.0349220827030294,0.20729149559515694
GoalAgainstDiffLast5 + AwayGDPerGame + AwayShotsOnTargetLast5,3,0.48092105263157897,1.0349295328641068,0.20740030402724352
HomePPG + HomePointsLast5,2,0.4835526315789473,1.034938620325451,0.2072710473386839
HomeGoalsLast5 + AwayShotsAgainstLast5 + AwayShotsOnTargetAgainstLast5,3,0.4809210526315789,1.0349877485612753,0.20745545459256387
HomeGoalsPerGame + HomeGoalsLast5 + HomeShotsOnTargetAgainstLast5,3,0.47368421052631576,1.0350519180393192,0.2070798312387321
HomePPG + HomeGDPerGame + HomeGoalsPerGame,3,0.4881578947368421,1.035063654657976,0.20695321935072855
GoalAgainstDiffLast5 + HomePointsLast5,2,0.49144736842105263,1.0350800622058782,0.20741728811137838
AwayShotsOnTargetAgainstLast5 + XGAgainstDiffLast5,2,0.4901315789473685,1.0350886593624224,0.20700951539436063
GoalAgainstDiffLast5 + XGAgainstDiffLast5,2,0.49078947368421055,1.0351378549292698,0.2071357654815668
AwayGoalsAgainstPerGame + HomeShotsOnTargetLast5,2,0.4796052631578947,1.0351687475847084,0.20712622401921535
HomePPG + HomePointsLast5 + HomeGoalsLast5,3,0.48092105263157897,1.0351883942852438,0.20731853707595818
AwayGoalsAgainstPerGame + AwayGoalsAgainstLast5 + HomeShotsOnTargetLast5,3,0.47828947368421054,1.0351950527264375,0.20718596444582904
AwayGoalsLast5 + HomeShotsAgainstLast5,2,0.481578947368421,1.0352207808950484,0.20720794864879286
HomePPG + HomeGoalsLast5 + HomeGoalsAgainstLast5,3,0.4789473684210526,1.0352505856193024,0.20727689350703274
HomePointsLast5 + HomeShotsOnTargetLast5,2,0.4710526315789474,1.0352762905491815,0.2074252244939407
HomeGDPerGame + HomeGoalsPerGame + HomeGoalsLast5,3,0.48486842105263156,1.0353094917096306,0.20704176281847297
GoalAgainstDiffLast5 + AwayShotsAgainstLast5 + XGAgainstDiffLast5,3,0.4868421052631579,1.0353285970200279,0.2071800723489633
HomeGDPerGame + HomeGoalsAgainstLast5,2,0.4894736842105263,1.035344352621737,0.2069692834963548
HomeGDPerGame + HomeGoalsLast5 + HomeGoalsAgainstLast5,3,0.4822368421052632,1.0353516507672846,0.20708403355135585
HomeGoalsPerGame + HomePointsLast5 + HomeGoalsAgainstLast5,3,0.4703947368421053,1.0354018448474895,0.20734566336668941
AwayGoalsAgainstLast5 + AwayShotsAgainstLast5 + XGAgainstDiffLast5,3,0.4835526315789474,1.03543769080544,0.20719697740108367
AwayGoalsAgainstLast5 + HomeShotsOnTargetAgainstLast5 + AwayShotsOnTargetAgainstLast5,3,0.48881578947368415,1.035441771610476,0.2070476621518695
HomeGoalsLast5 + HomeShotsAgainstLast5 + HomeShotsOnTargetAgainstLast5,3,0.475,1.035505977694736,0.20736950479078314
HomeGoalsLast5 + HomeShotsOnTargetLast5 + HomeShotsOnTargetAgainstLast5,3,0.47828947368421054,1.0355185561245577,0.20730811965737644
HomeGDPerGame + HomeGoalsPerGame + HomeGoalsAgainstLast5,3,0.4842105263157895,1.0355272898842185,0.2070638077733703
HomePointsLast5 + HomeGoalsLast5 + HomeShotsOnTargetAgainstLast5,3,0.4677631578947369,1.0355343042780174,0.20753460246062275
HomeGoalsLast5 + AwayGoalsAgainstLast5 + AwayShotsAgainstLast5,3,0.4894736842105263,1.0355386097872152,0.2075363597861033
GoalAgainstDiffLast5 + HomeShotsAgainstLast5,2,0.47631578947368425,1.0355713166124625,0.20729082325582296
AwayPPG + AwayPointsLast5 + HomeGoalsAgainstLast5,3,0.4921052631578947,1.0355892679406522,0.2074710169539415
AwayPPG + AwayGoalsLast5 + HomeGoalsAgainstLast5,3,0.48815789473684207,1.0356041190388985,0.20743572328464327
HomePPG + HomePointsLast5 + HomeGoalsAgainstLast5,3,0.47434210526315784,1.0356237970459048,0.2074230042108445
AwayPointsLast5 + AwayShotsOnTargetLast5 + HomeShotsOnTargetAgainstLast5,3,0.475,1.0356570900838373,0.20741673749964598
AwayGoalsAgainstLast5 + AwayShotsOnTargetAgainstLast5 + XGAgainstDiffLast5,3,0.4901315789473685,1.035736199074926,0.20719059381275737
GoalAgainstDiffLast5 + HomeShotsAgainstLast5 + HomeShotsOnTargetAgainstLast5,3,0.47368421052631576,1.0357534296773452,0.20733697987313737
AwayGoalsAgainstLast5 + XGAgainstDiffLast5,2,0.4855263157894737,1.0358541606090823,0.20729318812744274
HomeGoalsPerGame + HomePointsLast5,2,0.4763157894736842,1.0358729568285137,0.2074819836385148
AwayGoalsAgainstLast5 + AwayShotsOnTargetLast5 + HomeShotsOnTargetAgainstLast5,3,0.4723684210526316,1.0359021417346306,0.20745005791058496
GoalAgainstDiffLast5 + AwayGoalsAgainstPerGame + HomeShotsOnTargetAgainstLast5,3,0.4776315789473684,1.0359125848518216,0.20720056895657185
HomePPG + HomeGoalsLast5,2,0.4776315789473684,1.0359778008913847,0.2075057963323981
AwayShotsAgainstLast5 + AwayShotsOnTargetAgainstLast5 + XGAgainstDiffLast5,3,0.48750000000000004,1.035995852891138,0.20737289948249724
HomeGoalsPerGame + HomeShotsOnTargetAgainstLast5,2,0.4644736842105263,1.0360211628496208,0.20727193727117815
GoalAgainstDiffLast5 + AwayGoalsAgainstLast5 + XGAgainstDiffLast5,3,0.4921052631578947,1.0360704528576616,0.20732771724804405
HomeGoalsAgainstLast5 + AwayGoalsAgainstLast5 + XGAgainstDiffLast5,3,0.49144736842105263,1.0360815058779793,0.20733047190681697
GoalAgainstDiffLast5 + HomeGoalsAgainstLast5 + XGAgainstDiffLast5,3,0.49144736842105263,1.0360816340672259,0.20732967625391316
HomeGoalsPerGame + AwayGoalsAgainstPerGame + HomeGoalsLast5,3,0.4842105263157895,1.0361074844204154,0.20740936994731343
GoalAgainstDiffLast5 + AwayGoalsLast5 + HomeShotsOnTargetAgainstLast5,3,0.4782894736842105,1.0361098711553307,0.20760137693209083
GoalAgainstDiffLast5 + HomeGoalsAgainstLast5 + HomeShotsAgainstLast5,3,0.4769736842105263,1.0361124493490914,0.20733782445199755
GoalAgainstDiffLast5 + AwayGoalsAgainstLast5 + HomeShotsAgainstLast5,3,0.4769736842105263,1.0361136552967825,0.20733972451721736
HomeGoalsAgainstLast5 + AwayGoalsAgainstLast5 + HomeShotsAgainstLast5,3,0.4769736842105263,1.0361144489601943,0.207337706731391
GoalAgainstDiffLast5 + AwayShotsOnTargetAgainstLast5 + XGAgainstDiffLast5,3,0.4881578947368421,1.0361180564667507,0.20725253410952135
GoalAgainstDiffLast5 + AwayPPG + AwayShotsOnTargetLast5,3,0.47960526315789476,1.0361296436433003,0.2077290434033668
HomePPG + HomeGoalsPerGame + HomePointsLast5,3,0.4828947368421053,1.0362130510372487,0.20750196792952777
GoalDiffLast5 + AwayGoalsLast5 + AwayGoalsAgainstLast5,3,0.4822368421052632,1.0362757137626373,0.2078132471962122
GoalDiffLast5 + HomeGoalsLast5 + AwayGoalsAgainstLast5,3,0.4822368421052632,1.0362802190378435,0.20781298634144052
HomeGoalsLast5 + AwayGoalsLast5 + AwayGoalsAgainstLast5,3,0.4822368421052632,1.036295673090418,0.2078164506766817
HomePointsLast5 + HomeGoalsLast5 + HomeShotsOnTargetLast5,3,0.4671052631578947,1.036298995231143,0.20763498816452877
HomeGoalsPerGame + HomeGoalsAgainstLast5 + HomeShotsOnTargetAgainstLast5,3,0.47368421052631576,1.0363343162652747,0.20729591517742071
HomeGoalsLast5 + AwayShotsOnTargetAgainstLast5,2,0.48223684210526313,1.0363412522068383,0.20767490953787188
AwayPPG + HomeGoalsAgainstLast5,2,0.4894736842105263,1.0363423773070222,0.20752165500277936
HomeGoalsPerGame + HomePointsLast5 + HomeGoalsLast5,3,0.4723684210526316,1.036357162151347,0.20757918754627336
GoalAgainstDiffLast5 + AwayGDPerGame + AwayShotsAgainstLast5,3,0.4789473684210527,1.0364619018942396,0.20769573329385924
GoalAgainstDiffLast5 + AwayGDPerGame + AwayPointsLast5,3,0.48289473684210527,1.0364950506392538,0.20763091722889232
AwayGoalsLast5 + HomeShotsAgainstLast5 + HomeShotsOnTargetAgainstLast5,3,0.4809210526315789,1.036558005814215,0.20746761614632467
AwayPointsLast5 + HomeGoalsLast5 + AwayGoalsLast5,3,0.4782894736842105,1.036592846416268,0.2079601967853075
GoalAgainstDiffLast5 + AwayGDPerGame,2,0.475,1.0365939936280224,0.20773977469314464
GoalDiffLast5 + AwayPointsLast5 + HomeGoalsLast5,3,0.4776315789473684,1.0365983619967312,0.20796403174959308
GoalDiffLast5 + AwayPointsLast5 + AwayGoalsLast5,3,0.4776315789473684,1.0366003263148622,0.20796425780128874
AwayGoalsAgainstLast5 + HomeShotsAgainstLast5,2,0.48157894736842105,1.0366174663266365,0.20744100729236478
GoalDiffLast5 + AwayGoalsAgainstLast5 + AwayShotsOnTargetLast5,3,0.48684210526315785,1.0366730076909103,0.20796598127835347
AwayElo + AwayShotsOnTargetLast5 + AwayShotsOnTargetAgainstLast5,3,0.48552631578947364,1.0367517642794426,0.207847822269968
HomePointsLast5 + HomeShotsOnTargetAgainstLast5,2,0.4769736842105263,1.0368360501544398,0.20787942760531342
GoalAgainstDiffLast5 + AwayGDPerGame + AwayGoalsLast5,3,0.47894736842105257,1.0368727216970146,0.20780241867846203
HomePPG + HomeGoalsAgainstLast5,2,0.4815789473684211,1.0369160686669772,0.2076193356028366
AwayGoalsAgainstPerGame + HomeGoalsAgainstLast5 + HomeShotsOnTargetAgainstLast5,3,0.4835526315789474,1.0369315179005127,0.20732454225051486
HomeGoalsAgainstLast5 + AwayShotsAgainstLast5 + AwayShotsOnTargetAgainstLast5,3,0.48684210526315796,1.0369318377784378,0.2076049512609228
GoalAgainstDiffLast5 + AwayShotsAgainstLast5 + AwayShotsOnTargetLast5,3,0.47828947368421043,1.0369767410794155,0.20778648196909255
AwayPPG + HomeGoalsAgainstLast5 + AwayGoalsAgainstLast5,3,0.47763157894736846,1.0370499911097477,0.20784750224393603
GoalAgainstDiffLast5 + AwayPPG + HomeGoalsAgainstLast5,3,0.4782894736842106,1.0370635490636588,0.2078523538104262
GoalAgainstDiffLast5 + AwayPPG + AwayGoalsAgainstLast5,3,0.4769736842105263,1.0370828855477876,0.20785708747087756
GoalDiffLast5 + AwayPointsLast5 + AwayGoalsAgainstLast5,3,0.48486842105263156,1.0370921343703117,0.2080220684976482
GoalAgainstDiffLast5 + AwayPPG + AwayGDPerGame,3,0.475,1.0371187641097899,0.20783128674951465
AwayElo + AwayShotsOnTargetAgainstLast5,2,0.4789473684210527,1.037193857059127,0.20800940090070372
GoalDiffLast5 + AwayGoalsAgainstLast5,2,0.4822368421052632,1.0371975709136518,0.20810085860975377
AwayGoalsAgainstPerGame + AwayGoalsLast5 + HomeGoalsAgainstLast5,3,0.48684210526315785,1.03723743200529,0.2076860306430266
AwayElo + AwayShotsOnTargetLast5,2,0.47960526315789476,1.0372790783336818,0.2079490306095759
HomeShotsOnTargetLast5 + HomeShotsOnTargetAgainstLast5,2,0.4815789473684211,1.0373032250717136,0.2077345861965302
GoalAgainstDiffLast5 + AwayGDPerGame + AwayGoalsAgainstPerGame,3,0.48223684210526313,1.0373571882092358,0.20789886927165618
GoalDiffLast5 + AwayShotsOnTargetLast5,2,0.4888157894736842,1.0373577368495843,0.2081759743760349
AwayElo + AwayGoalsLast5 + AwayShotsOnTargetLast5,3,0.475,1.0373800520071508,0.2079260205172656
HomePPG + HomeGoalsPerGame + HomeGoalsLast5,3,0.4769736842105263,1.0374285619595984,0.20778900201087605
AwayGoalsAgainstPerGame + AwayGoalsAgainstLast5 + HomeShotsOnTargetAgainstLast5,3,0.4730263157894737,1.0374441945219215,0.2075233878465444
HomeGoalsAgainstLast5 + HomeShotsOnTargetLast5 + HomeShotsOnTargetAgainstLast5,3,0.4809210526315789,1.037457175083559,0.2077090446753049
GoalAgainstDiffLast5 + AwayGDPerGame + AwayShotsOnTargetAgainstLast5,3,0.4822368421052632,1.037511191589808,0.20790268557489505
HomeGoalsLast5 + AwayGoalsAgainstLast5 + AwayShotsOnTargetAgainstLast5,3,0.48355263157894735,1.0375525076321905,0.20792398235308168
AwayElo + AwayPointsLast5 + AwayShotsOnTargetLast5,3,0.4809210526315789,1.0376254262820586,0.20800240176307247
HomeGoalsPerGame + HomeGoalsLast5 + HomeGoalsAgainstLast5,3,0.4651315789473684,1.0376264338173464,0.2077571496459391
GoalDiffLast5 + AwayPointsLast5 + AwayShotsOnTargetLast5,3,0.4855263157894737,1.037637351057158,0.20822566327569517
AwayPointsLast5 + HomeGoalsAgainstLast5 + HomeShotsOnTargetAgainstLast5,3,0.4842105263157895,1.0376461095072418,0.20788197863721924
HomeGoalsAgainstLast5 + AwayShotsOnTargetAgainstLast5,2,0.48815789473684207,1.037661895911773,0.20765224810007665
HomePPG,1,0.48750000000000004,1.0376833690237455,0.20781874057169525
AwayElo + AwayPointsLast5 + AwayShotsOnTargetAgainstLast5,3,0.48092105263157897,1.037719000703013,0.20811367172064943
AwayElo + AwayGoalsLast5 + AwayShotsOnTargetAgainstLast5,3,0.4789473684210526,1.0377266999012178,0.20810885575934945
HomeGoalsLast5 + HomeGoalsAgainstLast5 + HomeShotsOnTargetLast5,3,0.47368421052631576,1.0377639964825143,0.20784181380040398
HomePPG + HomeGoalsPerGame + HomeGoalsAgainstLast5,3,0.47171052631578947,1.0377824809931255,0.20778579950903267
AwayPointsLast5 + HomeGoalsLast5,2,0.4809210526315789,1.037843161487071,0.20818986594033456
GoalAgainstDiffLast5 + AwayPPG + AwayShotsAgainstLast5,3,0.4776315789473684,1.037855915806511,0.20810360996381702
HomeGoalsPerGame + HomeGoalsLast5 + AwayGoalsAgainstLast5,3,0.4842105263157894,1.0378722329764232,0.20786678007959752
AwayGoalsAgainstPerGame + HomeShotsOnTargetAgainstLast5,2,0.4743421052631579,1.037894999641208,0.20757118511749942
AwayPointsLast5 + HomeGoalsAgainstLast5 + AwayShotsOnTargetLast5,3,0.48421052631578954,1.0379341814983012,0.20796854931994013
HomeGoalsAgainstLast5 + AwayShotsOnTargetLast5 + HomeShotsOnTargetAgainstLast5,3,0.4789473684210526,1.0379723187850098,0.20790248025749913
AwayGoalsAgainstPerGame + AwayPointsLast5 + HomeGoalsAgainstLast5,3,0.47434210526315795,1.0379984280962797,0.20790582242141714
GoalAgainstDiffLast5 + AwayGoalsAgainstPerGame + AwayShotsOnTargetLast5,3,0.4842105263157895,1.0380219079239783,0.20803406417703596
AwayElo + AwayShotsAgainstLast5 + AwayShotsOnTargetLast5,3,0.4769736842105263,1.0380247350229155,0.2081783936901996
HomePointsLast5 + HomeGoalsAgainstLast5 + HomeShotsOnTargetAgainstLast5,3,0.4730263157894737,1.038060216852589,0.20813006338556653
AwayElo + AwayGoalsAgainstLast5 + AwayShotsOnTargetAgainstLast5,3,0.4782894736842105,1.038101588634376,0.20822335694433486
AwayGoalsAgainstLast5 + HomeShotsAgainstLast5 + HomeShotsOnTargetAgainstLast5,3,0.48157894736842105,1.0381051166333726,0.20775417346508626
HomeGoalsPerGame + AwayGoalsAgainstPerGame + AwayGoalsAgainstLast5,3,0.4743421052631579,1.0381597005142142,0.20787037861558297
GoalAgainstDiffLast5 + AwayPPG + AwayGoalsLast5,3,0.47171052631578947,1.0381738922454198,0.20821526108244431
AwayElo,1,0.47763157894736846,1.0381848691774866,0.2082029397157946
GoalAgainstDiffLast5 + AwayPointsLast5 + HomeShotsOnTargetAgainstLast5,3,0.4763157894736842,1.0381915879597439,0.20806789182298258
GoalAgainstDiffLast5 + AwayShotsOnTargetLast5 + AwayShotsOnTargetAgainstLast5,3,0.4855263157894737,1.0382112109010373,0.20798567812247865
GoalAgainstDiffLast5 + AwayGoalsLast5 + AwayShotsOnTargetLast5,3,0.48026315789473684,1.0382261377622697,0.2081160895314245
AwayGoalsLast5 + AwayGoalsAgainstLast5 + HomeShotsOnTargetAgainstLast5,3,0.475,1.0382692611889393,0.20798877206675348
AwayElo + AwayPPG + AwayShotsOnTargetLast5,3,0.47302631578947363,1.0382890911886786,0.20820018837326432
HomeGoalsAgainstLast5 + AwayShotsAgainstLast5,2,0.48026315789473684,1.0382922598219368,0.2079092747588942
HomeGoalsLast5 + AwayGoalsAgainstLast5 + HomeShotsOnTargetLast5,3,0.47039473684210525,1.038356914466688,0.20802683243896966
AwayElo + AwayShotsAgainstLast5,2,0.4789473684210526,1.0383658492902017,0.20831521964648872
AwayElo + AwayGoalsAgainstPerGame + AwayShotsOnTargetAgainstLast5,3,0.4763157894736842,1.0383681600145576,0.2082507771587871
AwayPointsLast5 + AwayGoalsLast5 + HomeShotsOnTargetAgainstLast5,3,0.4835526315789474,1.0383815765993922,0.2080985230916347
AwayElo + AwayShotsAgainstLast5 + AwayShotsOnTargetAgainstLast5,3,0.4789473684210527,1.0384119208083735,0.2083543369140059
HomeGoalsAgainstLast5 + AwayGoalsAgainstLast5 + AwayShotsAgainstLast5,3,0.48486842105263156,1.0384930948740934,0.20802000549215105
GoalDiffLast5 + HomeGoalsLast5,2,0.4769736842105263,1.038495804392626,0.20841736702376437
GoalDiffLast5 + HomeGoalsLast5 + AwayGoalsLast5,3,0.4769736842105263,1.0384986495442619,0.20841847963315532
HomeGoalsLast5 + AwayGoalsLast5,2,0.4769736842105263,1.0385005301732835,0.20841750159148392
GoalAgainstDiffLast5 + AwayShotsOnTargetLast5,2,0.48026315789473684,1.038506500608478,0.20817229182391003
AwayGoalsLast5 + AwayShotsOnTargetLast5 + HomeShotsOnTargetAgainstLast5,3,0.47302631578947374,1.038508758249036,0.2080585824267467
AwayGoalsAgainstPerGame + HomeGoalsLast5,2,0.4763157894736842,1.0385108996607983,0.20807416492192968
GoalAgainstDiffLast5 + AwayGoalsAgainstLast5 + AwayShotsAgainstLast5,3,0.4855263157894737,1.038514690097129,0.20802646224174007
GoalAgainstDiffLast5 + HomeGoalsAgainstLast5 + AwayShotsAgainstLast5,3,0.4842105263157894,1.0385207125335134,0.2080265182455761
GoalDiffLast5 + AwayGoalsLast5,2,0.4769736842105263,1.0385229260099753,0.20842516372862477
GoalDiffLast5 + AwayPointsLast5,2,0.47828947368421054,1.0385417861773347,0.2084994078054681
HomeGoalsAgainstLast5 + AwayGoalsAgainstLast5 + AwayShotsOnTargetLast5,3,0.48486842105263156,1.0385420031667798,0.20814199187890647
AwayElo + AwayPPG + AwayShotsOnTargetAgainstLast5,3,0.47697368421052627,1.0385552282793946,0.20832446533252602
GoalAgainstDiffLast5 + HomeGoalsAgainstLast5 + AwayShotsOnTargetLast5,3,0.4842105263157895,1.0385560589213867,0.20814559514198802
GoalAgainstDiffLast5 + AwayGoalsAgainstLast5 + AwayShotsOnTargetLast5,3,0.48486842105263156,1.03857610864614,0.20815114499399512
AwayPointsLast5 + HomeShotsOnTargetAgainstLast5,2,0.4815789473684211,1.0385809435951132,0.20813671814670542
GoalAgainstDiffLast5 + AwayPointsLast5 + AwayShotsOnTargetLast5,3,0.48486842105263156,1.038631644927427,0.2081936776691581
AwayElo + AwayGDPerGame + AwayShotsOnTargetAgainstLast5,3,0.48289473684210527,1.0386336606945676,0.20832990879377283
AwayGoalsAgainstPerGame + HomeGoalsLast5 + AwayGoalsAgainstLast5,3,0.4756578947368421,1.038640019184758,0.20814657841938464
HomeGoalsPerGame + HomeGoalsAgainstLast5,2,0.475,1.0386732132173937,0.20798857456448486
AwayElo + AwayGoalsLast5,2,0.4730263157894737,1.0386762208247222,0.20830318875203746
GoalAgainstDiffLast5 + AwayGoalsLast5 + AwayShotsAgainstLast5,3,0.4723684210526316,1.038841525579207,0.20826016021976962
AwayElo + AwayPointsLast5,2,0.47763157894736846,1.0388437933472527,0.20835438239475998
GoalDiffLast5,1,0.48223684210526313,1.038854286539741,0.20855043723112984
AwayShotsOnTargetLast5 + HomeShotsOnTargetAgainstLast5,2,0.47302631578947363,1.038909178721255,0.2081493618116197
AwayElo + AwayGDPerGame + AwayShotsOnTargetLast5,3,0.475,1.0389445444916792,0.20834384658531438
AwayElo + AwayGoalsAgainstPerGame + AwayShotsOnTargetLast5,3,0.47697368421052627,1.0389726668044603,0.20834725847471144
AwayElo + AwayPointsLast5 + AwayShotsAgainstLast5,3,0.4763157894736842,1.0389949759294315,0.2084439461886794
AwayElo + AwayPointsLast5 + AwayGoalsLast5,3,0.4736842105263158,1.0390137465135103,0.2083809080001712
HomeGoalsLast5 + HomeShotsOnTargetAgainstLast5,2,0.4625,1.039028985065321,0.20823254124192717
GoalAgainstDiffLast5 + AwayPPG,2,0.46184210526315794,1.0390353832731427,0.20840297894907686
HomeGoalsAgainstLast5 + AwayGoalsAgainstLast5 + AwayShotsOnTargetAgainstLast5,3,0.49144736842105263,1.0390457142096245,0.20804626999817497
GoalAgainstDiffLast5 + AwayPPG + AwayShotsOnTargetAgainstLast5,3,0.4736842105263158,1.0390549567041645,0.2083066749564238
GoalAgainstDiffLast5 + HomeGoalsAgainstLast5 + AwayShotsOnTargetAgainstLast5,3,0.49144736842105263,1.0390747864271497,0.20805294367069435
AwayElo + AwayGoalsLast5 + AwayShotsAgainstLast5,3,0.4769736842105263,1.0390817086284818,0.2084505574075504
GoalAgainstDiffLast5 + AwayGoalsAgainstLast5 + AwayShotsOnTargetAgainstLast5,3,0.49144736842105263,1.0390824008041126,0.2080566263258202
HomePPG + HomeGoalsPerGame,2,0.48355263157894735,1.0391556812307896,0.20812082840858434
HomeGoalsLast5 + HomeGoalsAgainstLast5 + HomeShotsOnTargetAgainstLast5,3,0.47236842105263155,1.0391810144740832,0.20819785429336454
HomeGoalsPerGame + AwayGoalsAgainstLast5,2,0.47500000000000003,1.0392189185385559,0.20815818361182337
GoalAgainstDiffLast5 + AwayPPG + AwayPointsLast5,3,0.4769736842105263,1.039234867850722,0.20840586305469377
AwayPointsLast5 + HomeGoalsLast5 + AwayGoalsAgainstLast5,3,0.48157894736842105,1.0393202100617853,0.20847029255481841
AwayElo + AwayPPG,2,0.4730263157894737,1.03937410104319,0.20850178427767566
HomeGoalsPerGame + HomeShotsOnTargetLast5,2,0.4651315789473684,1.039391736050112,0.20815938269861806
HomeGoalsAgainstLast5 + HomeShotsOnTargetLast5,2,0.47960526315789476,1.0394246907215252,0.2082353046893923
GoalAgainstDiffLast5 + AwayPPG + AwayGoalsAgainstPerGame,3,0.47039473684210525,1.0395089515876177,0.20845208434724813
HomeGoalsPerGame + AwayGoalsAgainstPerGame,2,0.4776315789473684,1.0395300273149009,0.2080284406077102
AwayElo + AwayGDPerGame,2,0.4763157894736842,1.0395316141379578,0.20850860967398516
AwayElo + AwayPPG + AwayGoalsLast5,3,0.47105263157894733,1.0395683439895782,0.2085304357319322
AwayElo + AwayGDPerGame + AwayShotsAgainstLast5,3,0.4789473684210526,1.039612319460887,0.20856813515656447
AwayElo + AwayGoalsAgainstLast5 + AwayShotsOnTargetLast5,3,0.47763157894736835,1.0396811583579681,0.20856365456752893
HomeGoalsPerGame + HomeGoalsLast5 + HomeShotsOnTargetLast5,3,0.4664473684210526,1.039686284451984,0.20822354359088413
AwayElo + AwayGoalsAgainstPerGame + AwayShotsAgainstLast5,3,0.4769736842105264,1.0397471102761364,0.20859620832019263
AwayElo + AwayPPG + AwayShotsAgainstLast5,3,0.47434210526315795,1.0397636794122769,0.20863202498443936
HomePointsLast5 + HomeGoalsLast5 + HomeGoalsAgainstLast5,3,0.4677631578947369,1.039783603622399,0.20856419572847362
AwayElo + AwayGDPerGame + AwayPointsLast5,3,0.4802631578947368,1.0397845793936598,0.2085493528963853
AwayElo + AwayGoalsAgainstPerGame,2,0.4736842105263158,1.0398736674105333,0.20858446773069822
AwayElo + AwayGoalsAgainstLast5 + AwayShotsAgainstLast5,3,0.47828947368421054,1.0399245594318343,0.20869433042575766
AwayElo + AwayPPG + AwayPointsLast5,3,0.475,1.0399522926129852,0.2086339394474974
AwayElo + AwayPPG + AwayGDPerGame,3,0.4769736842105263,1.040015021476164,0.20857885055104625
AwayElo + AwayGDPerGame + AwayGoalsLast5,3,0.4756578947368421,1.0400855741969368,0.20861336049095
GoalAgainstDiffLast5 + AwayGoalsLast5 + AwayShotsOnTargetAgainstLast5,3,0.4835526315789473,1.0402532378367602,0.208540761139339
GoalAgainstDiffLast5 + AwayGoalsAgainstPerGame + AwayGoalsLast5,3,0.4677631578947368,1.0402735257105464,0.20857738626677322
AwayGoalsAgainstLast5 + HomeShotsOnTargetLast5,2,0.4697368421052632,1.0402905139258918,0.20851891212853343
AwayElo + AwayGoalsAgainstPerGame + AwayPointsLast5,3,0.475,1.0402922768321032,0.20866687089545594
AwayElo + AwayGoalsAgainstPerGame + AwayGoalsLast5,3,0.4756578947368421,1.0404261264963721,0.20867670497572438
AwayGoalsLast5 + HomeGoalsAgainstLast5 + AwayShotsOnTargetLast5,3,0.4796052631578947,1.0405310755839423,0.20858722394790472
AwayPointsLast5 + AwayGoalsAgainstLast5 + HomeShotsOnTargetAgainstLast5,3,0.46710526315789475,1.0405331271113567,0.20854981145315632
AwayElo + AwayGoalsAgainstLast5,2,0.46842105263157896,1.0405505805066158,0.20883133367365309
HomePointsLast5 + HomeGoalsLast5,2,0.47039473684210525,1.0407201048867436,0.20879989589560377
AwayElo + AwayGDPerGame + AwayGoalsAgainstPerGame,3,0.4815789473684211,1.0407473818518334,0.2087433657631566
AwayElo + AwayPPG + AwayGoalsAgainstPerGame,3,0.4809210526315789,1.0408770120483382,0.20878848762330934
HomePointsLast5,1,0.47565789473684206,1.0408797565691352,0.2088721662126772
AwayElo + AwayGoalsAgainstPerGame + AwayGoalsAgainstLast5,3,0.46578947368421053,1.0409351039627555,0.20886388696316766
GoalAgainstDiffLast5 + AwayGoalsLast5,2,0.47171052631578947,1.0409861449484603,0.20884496521932885
HomeGoalsAgainstLast5 + AwayShotsOnTargetLast5,2,0.4809210526315789,1.04101490434891,0.2086802871128115
AwayElo + AwayGoalsLast5 + AwayGoalsAgainstLast5,3,0.47039473684210525,1.0410301454596829,0.2089050554657434
GoalAgainstDiffLast5 + AwayGoalsAgainstPerGame + AwayShotsAgainstLast5,3,0.475,1.041116908990419,0.20868437062122888
AwayElo + AwayPointsLast5 + AwayGoalsAgainstLast5,3,0.46842105263157896,1.0411237395209576,0.20895729721501236
AwayElo + AwayGDPerGame + AwayGoalsAgainstLast5,3,0.4776315789473684,1.0411920815690836,0.2089105955419111
AwayPointsLast5 + AwayGoalsLast5 + HomeGoalsAgainstLast5,3,0.47171052631578947,1.041256289058056,0.20882592969133476
AwayGoalsLast5 + HomeGoalsAgainstLast5 + AwayGoalsAgainstLast5,3,0.47039473684210525,1.041360418416388,0.2088961173541577
GoalAgainstDiffLast5 + AwayGoalsLast5 + HomeGoalsAgainstLast5,3,0.46907894736842104,1.041372545152004,0.208899815904249
GoalAgainstDiffLast5 + AwayGoalsLast5 + AwayGoalsAgainstLast5,3,0.4697368421052632,1.0413811507343795,0.20890137442811801
GoalAgainstDiffLast5 + AwayPointsLast5 + AwayGoalsLast5,3,0.4703947368421053,1.0413958050561973,0.2089135727901285
AwayGoalsLast5 + HomeGoalsAgainstLast5 + HomeShotsOnTargetAgainstLast5,3,0.4796052631578947,1.0414494866838901,0.20879130463294937
GoalAgainstDiffLast5 + AwayPointsLast5 + AwayShotsAgainstLast5,3,0.4743421052631579,1.0414592023619162,0.2088507890873448
HomePointsLast5 + HomeGoalsAgainstLast5,2,0.475,1.041559815861862,0.2090333780732262
AwayElo + AwayPPG + AwayGoalsAgainstLast5,3,0.47171052631578947,1.041587641046187,0.20907002635672237
GoalAgainstDiffLast5 + AwayGoalsAgainstPerGame + HomeGoalsAgainstLast5,3,0.47828947368421054,1.0416556176939087,0.20871323157785718
GoalAgainstDiffLast5 + AwayGoalsAgainstPerGame + AwayGoalsAgainstLast5,3,0.4769736842105263,1.041669808568093,0.2087162994202326
AwayGoalsAgainstPerGame + HomeGoalsAgainstLast5 + AwayGoalsAgainstLast5,3,0.47828947368421054,1.0416700221592727,0.20871389233436125
GoalAgainstDiffLast5 + AwayShotsAgainstLast5,2,0.4730263157894737,1.041677134655308,0.20887444642620737
AwayPointsLast5 + HomeGoalsAgainstLast5,2,0.47697368421052627,1.0417529979090583,0.20890862479589592
HomeGoalsLast5 + HomeGoalsAgainstLast5,2,0.47039473684210525,1.0418278117695765,0.20890031422326946
AwayGoalsAgainstPerGame + HomeGoalsAgainstLast5,2,0.47828947368421054,1.042111378881379,0.20874189124070133
AwayGoalsLast5 + HomeShotsOnTargetAgainstLast5,2,0.4789473684210527,1.0423357047748736,0.20901152263416012
GoalAgainstDiffLast5 + HomeShotsOnTargetAgainstLast5,2,0.4697368421052632,1.0424324483445018,0.2090214329507737
GoalAgainstDiffLast5 + HomeGoalsAgainstLast5 + HomeShotsOnTargetAgainstLast5,3,0.4625,1.0428340092635227,0.20903807673636068
HomeGoalsAgainstLast5 + AwayGoalsAgainstLast5 + HomeShotsOnTargetAgainstLast5,3,0.4638157894736842,1.0428346465976526,0.20903757768115042
GoalAgainstDiffLast5 + AwayGoalsAgainstLast5 + HomeShotsOnTargetAgainstLast5,3,0.4625,1.042847530437955,0.2090411876856186
GoalAgainstDiffLast5 + AwayShotsAgainstLast5 + AwayShotsOnTargetAgainstLast5,3,0.47039473684210525,1.0429550320047347,0.2092443084035211
GoalAgainstDiffLast5 + AwayGoalsAgainstPerGame + AwayShotsOnTargetAgainstLast5,3,0.4809210526315789,1.0432654984934255,0.20913217077015345
HomeGoalsPerGame + HomeGoalsLast5,2,0.46907894736842104,1.0433731627726286,0.20922303655234747
AwayGDPerGame + AwayShotsOnTargetLast5 + AwayShotsOnTargetAgainstLast5,3,0.4769736842105263,1.0435407543092134,0.20941733203629442
AwayGoalsAgainstLast5 + HomeShotsOnTargetAgainstLast5,2,0.4677631578947369,1.043727424597189,0.20923058818850657
GoalAgainstDiffLast5 + AwayPointsLast5 + AwayShotsOnTargetAgainstLast5,3,0.47828947368421054,1.0438213272324717,0.20934518169138092
HomeGoalsLast5 + AwayGoalsAgainstLast5,2,0.4671052631578947,1.0438247182426565,0.2094409418238796
GoalAgainstDiffLast5 + AwayGoalsAgainstPerGame + AwayPointsLast5,3,0.4703947368421053,1.0438714543582777,0.20941360996956998
HomeGoalsLast5 + HomeShotsOnTargetLast5,2,0.46381578947368424,1.0439002745777868,0.20936115639280617
AwayPointsLast5 + HomeGoalsAgainstLast5 + AwayGoalsAgainstLast5,3,0.4697368421052631,1.0439896995122449,0.20949538262473394
GoalAgainstDiffLast5 + AwayPointsLast5 + HomeGoalsAgainstLast5,3,0.4697368421052631,1.0440064934340891,0.20949992299510023
GoalAgainstDiffLast5 + AwayPointsLast5 + AwayGoalsAgainstLast5,3,0.4697368421052631,1.0440274458035375,0.20950571759015385
HomeShotsAgainstLast5,1,0.4776315789473684,1.0440301486527543,0.209215322724944
HomeGoalsAgainstLast5 + HomeShotsAgainstLast5,2,0.4776315789473684,1.044062381303662,0.20918661755898335
AwayGDPerGame + AwayShotsAgainstLast5 + AwayShotsOnTargetLast5,3,0.4730263157894737,1.0440706848013925,0.20956586838403382
HomeGoalsAgainstLast5 + HomeShotsAgainstLast5 + HomeShotsOnTargetAgainstLast5,3,0.47039473684210525,1.044088201297843,0.20918178539772408
GoalAgainstDiffLast5 + AwayShotsOnTargetAgainstLast5,2,0.47236842105263155,1.0441448297786875,0.2093571149685181
GoalAgainstDiffLast5 + AwayGoalsAgainstPerGame,2,0.4756578947368421,1.044205251185037,0.20944514293102198
AwayPPG + AwayShotsOnTargetLast5 + AwayShotsOnTargetAgainstLast5,3,0.47039473684210525,1.0443534905145508,0.20961036497122304
AwayPPG + AwayShotsAgainstLast5 + AwayShotsOnTargetLast5,3,0.47302631578947374,1.0448058978771244,0.2097570480343838
AwayGoalsLast5 + HomeGoalsAgainstLast5,2,0.4756578947368421,1.0448188768809943,0.20968971189232713
GoalAgainstDiffLast5 + AwayPointsLast5,2,0.47500000000000003,1.0448802478753674,0.20975111211334654
HomeGoalsPerGame,1,0.46842105263157896,1.0450201133400208,0.20956488094219075
AwayGDPerGame + AwayShotsOnTargetAgainstLast5,2,0.4776315789473684,1.0450720233696666,0.2097579544826666
AwayGDPerGame + AwayShotsAgainstLast5,2,0.4842105263157895,1.0451346720926415,0.20980423903625187
AwayGDPerGame + AwayPointsLast5 + AwayShotsAgainstLast5,3,0.4842105263157895,1.045202439269602,0.20983776954389813
AwayGDPerGame + AwayGoalsAgainstLast5 + AwayShotsOnTargetAgainstLast5,3,0.47828947368421054,1.0452139938618223,0.2097794389586523
AwayGDPerGame + AwayPointsLast5 + AwayShotsOnTargetAgainstLast5,3,0.4776315789473684,1.0452809486166472,0.20982037328545142
AwayGDPerGame + AwayGoalsLast5 + AwayShotsOnTargetAgainstLast5,3,0.47960526315789476,1.045388074121757,0.20982461531168914
AwayPPG + AwayGDPerGame + AwayShotsOnTargetAgainstLast5,3,0.4743421052631579,1.0454470178990176,0.20982559155480893
AwayGDPerGame + AwayGoalsLast5 + AwayShotsAgainstLast5,3,0.48223684210526313,1.0454895895025849,0.20987736321171346
HomeShotsAgainstLast5 + HomeShotsOnTargetAgainstLast5,2,0.47171052631578947,1.0454908330274777,0.20952135543342548
AwayGDPerGame + AwayGoalsAgainstPerGame + AwayShotsOnTargetAgainstLast5,3,0.4776315789473684,1.0456965465668857,0.20986202335713053
AwayGDPerGame + AwayShotsAgainstLast5 + AwayShotsOnTargetAgainstLast5,3,0.48289473684210527,1.0457645458749698,0.20998383964551387
AwayGDPerGame + AwayShotsOnTargetLast5,2,0.4769736842105263,1.0457698504206006,0.20994404790003934
AwayPPG + AwayGDPerGame + AwayShotsAgainstLast5,3,0.4782894736842105,1.0458607013643464,0.209967752254717
AwayGDPerGame + AwayGoalsLast5 + AwayShotsOnTargetLast5,3,0.47697368421052627,1.0459234600105902,0.20992651279784075
HomeShotsOnTargetLast5,1,0.4690789473684211,1.0459734934661182,0.20983596412923528
AwayGDPerGame + AwayPointsLast5 + AwayShotsOnTargetLast5,3,0.4782894736842105,1.045996825013956,0.2099904470192269
AwayGDPerGame + AwayGoalsAgainstLast5 + AwayShotsAgainstLast5,3,0.48289473684210527,1.046059580826482,0.21001659945495035
AwayGDPerGame + AwayGoalsAgainstPerGame + AwayShotsAgainstLast5,3,0.48157894736842105,1.0460640622082038,0.20998383682578703
AwayPPG + AwayGDPerGame + AwayShotsOnTargetLast5,3,0.4743421052631579,1.0462328960371732,0.21002218025556602
AwayGoalsAgainstPerGame + AwayShotsAgainstLast5 + AwayShotsOnTargetLast5,3,0.475,1.0462687686145284,0.21007910252000195
AwayGoalsAgainstPerGame + AwayShotsOnTargetLast5 + AwayShotsOnTargetAgainstLast5,3,0.4789473684210526,1.0463530746030594,0.21007073433273848
AwayPPG + AwayGoalsLast5 + AwayShotsOnTargetAgainstLast5,3,0.47039473684210525,1.0464754970975902,0.2101381215076318
AwayGDPerGame + AwayGoalsAgainstPerGame + AwayShotsOnTargetLast5,3,0.47631578947368425,1.0467544671832556,0.21013848842673802
GoalAgainstDiffLast5,1,0.4743421052631579,1.046798606295919,0.21015202651742276
AwayPPG + AwayGoalsAgainstPerGame + AwayShotsOnTargetLast5,3,0.48026315789473684,1.0468137323375126,0.21018735321706256
AwayPPG + AwayGoalsAgainstPerGame + AwayShotsAgainstLast5,3,0.4743421052631579,1.0469010624025925,0.21023178982867427
AwayPPG + AwayGoalsLast5 + AwayShotsAgainstLast5,3,0.47828947368421054,1.046912326603618,0.21028424897010226
AwayGDPerGame + AwayGoalsAgainstLast5 + AwayShotsOnTargetLast5,3,0.48026315789473684,1.0469343685525654,0.2102158058966292
AwayPPG + AwayShotsOnTargetAgainstLast5,2,0.4743421052631579,1.0469457470273706,0.21023955855797566
AwayPPG + AwayShotsAgainstLast5,2,0.4756578947368421,1.0469543789393252,0.21031214792821634
AwayPPG + AwayGoalsAgainstPerGame + AwayShotsOnTargetAgainstLast5,3,0.47763157894736835,1.0470096396234116,0.2102115290883497
AwayPPG + AwayPointsLast5 + AwayShotsOnTargetAgainstLast5,3,0.4743421052631579,1.0472848479882844,0.21032056430000193
AwayGoalsLast5 + AwayShotsOnTargetLast5 + AwayShotsOnTargetAgainstLast5,3,0.47302631578947363,1.047290760811507,0.21020805474893992
AwayPPG + AwayPointsLast5 + AwayShotsAgainstLast5,3,0.47697368421052627,1.047291681633055,0.21038315241410732
AwayShotsOnTargetLast5 + AwayShotsOnTargetAgainstLast5,2,0.4736842105263158,1.0473016391678516,0.2102196667087247
AwayGDPerGame + AwayPointsLast5,2,0.4743421052631579,1.047331997816012,0.2103259575067627
AwayPointsLast5 + AwayShotsOnTargetLast5 + AwayShotsOnTargetAgainstLast5,3,0.47171052631578947,1.0473808574008976,0.21023696057537136
AwayPPG + AwayShotsAgainstLast5 + AwayShotsOnTargetAgainstLast5,3,0.4776315789473684,1.0474491880530985,0.21045224484588648
AwayPointsLast5 + AwayShotsAgainstLast5 + AwayShotsOnTargetLast5,3,0.4638157894736842,1.047495849777386,0.21034381724451268
AwayShotsAgainstLast5 + AwayShotsOnTargetLast5,2,0.46907894736842104,1.0475389619946527,0.21035528157800537
AwayGDPerGame,1,0.4769736842105264,1.0475619350144192,0.21033421254622633
AwayShotsAgainstLast5 + AwayShotsOnTargetLast5 + AwayShotsOnTargetAgainstLast5,3,0.4736842105263158,1.0475905879105307,0.2103979247422031
AwayPPG + AwayGoalsAgainstLast5 + AwayShotsOnTargetAgainstLast5,3,0.47500000000000003,1.0476926475473547,0.2104215143430153
GoalAgainstDiffLast5 + HomeGoalsAgainstLast5,2,0.4677631578947369,1.0477507631429344,0.21035175416815452
HomeGoalsAgainstLast5 + AwayGoalsAgainstLast5,2,0.4677631578947369,1.047752560987089,0.21035286709560055
GoalAgainstDiffLast5 + AwayGoalsAgainstLast5,2,0.4677631578947369,1.0477752809470087,0.21035798378886103
GoalAgainstDiffLast5 + HomeGoalsAgainstLast5 + AwayGoalsAgainstLast5,3,0.4677631578947369,1.047782469619981,0.210359588691502
AwayPPG + AwayShotsOnTargetLast5,2,0.47171052631578947,1.0477921143149962,0.21048418403437866
AwayGDPerGame + AwayPointsLast5 + AwayGoalsLast5,3,0.47631578947368425,1.0479104252383922,0.21043589763170373
AwayGoalsLast5 + AwayShotsAgainstLast5 + AwayShotsOnTargetLast5,3,0.4671052631578947,1.0479296153478637,0.210423627590758
AwayPPG + AwayGoalsLast5 + AwayShotsOnTargetLast5,3,0.47500000000000003,1.0479564509581982,0.21049406535970594
AwayGDPerGame + AwayGoalsLast5,2,0.4782894736842105,1.048003961013133,0.2104196460155833
AwayPPG + AwayGDPerGame + AwayPointsLast5,3,0.47105263157894733,1.0480288305514753,0.21044517472174346
AwayPPG + AwayGDPerGame,2,0.475,1.048033283012253,0.2104195854336253
AwayPPG + AwayPointsLast5 + AwayShotsOnTargetLast5,3,0.4703947368421052,1.0481578816575683,0.21057894748034806
AwayPPG + AwayGoalsAgainstLast5 + AwayShotsAgainstLast5,3,0.4717105263157895,1.048275066953432,0.2106373693782892
AwayGDPerGame + AwayGoalsAgainstPerGame + AwayPointsLast5,3,0.47500000000000003,1.0484226663358882,0.2105229846757656
AwayGoalsAgainstLast5 + AwayShotsAgainstLast5 + AwayShotsOnTargetLast5,3,0.46118421052631575,1.0484692739624986,0.21058615847504009
AwayGoalsAgainstPerGame + AwayGoalsLast5 + AwayShotsAgainstLast5,3,0.4782894736842105,1.0484790285454002,0.21060585833549794
AwayPPG + AwayGDPerGame + AwayGoalsLast5,3,0.475,1.0485071029163286,0.21050984292592015
AwayGoalsAgainstLast5 + AwayShotsOnTargetLast5 + AwayShotsOnTargetAgainstLast5,3,0.46907894736842104,1.0485797246469786,0.21052706208242034
AwayGoalsAgainstPerGame + AwayGoalsLast5 + AwayShotsOnTargetAgainstLast5,3,0.4710526315789474,1.0485875621088825,0.2106167826416526
AwayGDPerGame + AwayGoalsAgainstPerGame,2,0.475,1.0486320374107816,0.21052589105741473
AwayGDPerGame + AwayGoalsAgainstLast5,2,0.4736842105263158,1.048819282873768,0.2106273761408858
AwayPPG + AwayGDPerGame + AwayGoalsAgainstPerGame,3,0.4736842105263158,1.0489504011792579,0.21059233884419606
AwayPPG + AwayGoalsAgainstLast5 + AwayShotsOnTargetLast5,3,0.4697368421052631,1.048978430041338,0.21077419916308224
AwayGDPerGame + AwayPointsLast5 + AwayGoalsAgainstLast5,3,0.4743421052631579,1.0489875471758627,0.2106784592515252
AwayGDPerGame + AwayGoalsAgainstPerGame + AwayGoalsLast5,3,0.47763157894736846,1.04900647294397,0.21060287933515537
AwayGDPerGame + AwayGoalsLast5 + AwayGoalsAgainstLast5,3,0.4736842105263158,1.0491781719958013,0.2107000208895226
AwayPPG + AwayGDPerGame + AwayGoalsAgainstLast5,3,0.47171052631578947,1.0492125055244772,0.2106955892121508
AwayGDPerGame + AwayGoalsAgainstPerGame + AwayGoalsAgainstLast5,3,0.4769736842105263,1.0493444375517358,0.2107104520339351
AwayPPG + AwayGoalsAgainstPerGame + AwayGoalsLast5,3,0.47565789473684206,1.04938694692205,0.21076182164184237
HomeGoalsLast5,1,0.4526315789473684,1.0494049051511485,0.21080133152958716
AwayGoalsAgainstPerGame + AwayPointsLast5 + AwayShotsAgainstLast5,3,0.46907894736842104,1.0494572378670004,0.2108377312890212
AwayPointsLast5 + AwayGoalsLast5 + AwayShotsAgainstLast5,3,0.4605263157894737,1.0497002490419818,0.2109435167433523
AwayGoalsAgainstPerGame + AwayPointsLast5 + AwayShotsOnTargetLast5,3,0.47105263157894733,1.0497089345495043,0.2109258853457377
AwayGoalsLast5 + AwayShotsOnTargetAgainstLast5,2,0.47171052631578947,1.0497826779171349,0.21092086051315675
AwayGoalsLast5 + AwayShotsAgainstLast5 + AwayShotsOnTargetAgainstLast5,3,0.46381578947368424,1.049831551914397,0.21099004917508415
AwayPointsLast5 + AwayGoalsLast5 + AwayShotsOnTargetAgainstLast5,3,0.4710526315789474,1.0499019731466248,0.21094531792342527
AwayGoalsAgainstPerGame + AwayGoalsLast5 + AwayShotsOnTargetLast5,3,0.46710526315789475,1.049993995677038,0.21097692784362695
AwayGoalsAgainstPerGame + AwayShotsOnTargetLast5,2,0.46842105263157896,1.0500648647798276,0.21101376051593265
AwayPPG + AwayGoalsAgainstPerGame + AwayPointsLast5,3,0.47302631578947363,1.0500651529678688,0.2109506012534437
AwayPPG + AwayGoalsAgainstPerGame,2,0.4789473684210526,1.0501510316663112,0.21094458531684418
AwayGoalsLast5 + AwayShotsAgainstLast5,2,0.4611842105263158,1.0501635840626995,0.2110528913813917
AwayGoalsAgainstPerGame + AwayGoalsAgainstLast5 + AwayShotsOnTargetLast5,3,0.47236842105263155,1.050286282115653,0.21103653168631212
AwayPointsLast5 + AwayShotsAgainstLast5,2,0.46578947368421053,1.0504029360885665,0.21109906904044964
AwayGoalsAgainstPerGame + AwayPointsLast5 + AwayShotsOnTargetAgainstLast5,3,0.4644736842105263,1.0506000668699678,0.21107882265351652
AwayGoalsLast5 + AwayGoalsAgainstLast5 + AwayShotsAgainstLast5,3,0.46578947368421053,1.0508552788507823,0.2112244391360633
AwayPointsLast5 + AwayShotsAgainstLast5 + AwayShotsOnTargetAgainstLast5,3,0.4664473684210526,1.0508651609442663,0.21123874756402164
AwayPPG + AwayGoalsLast5,2,0.47105263157894733,1.0508897946546336,0.2112237170851284
AwayPPG + AwayPointsLast5 + AwayGoalsLast5,3,0.4651315789473684,1.0509471401634136,0.2112619442697018
AwayGoalsLast5 + AwayGoalsAgainstLast5 + AwayShotsOnTargetAgainstLast5,3,0.4697368421052632,1.0509828509773795,0.21121596805982434
HomeGoalsAgainstLast5 + HomeShotsOnTargetAgainstLast5,2,0.4651315789473684,1.0510308389781229,0.21100393325180797
AwayPPG + AwayPointsLast5,2,0.46578947368421053,1.051051051092537,0.2112810743333374
AwayGoalsAgainstPerGame + AwayShotsAgainstLast5,2,0.47039473684210525,1.0510762791657848,0.21116139755080912
AwayPPG + AwayGoalsAgainstPerGame + AwayGoalsAgainstLast5,3,0.4763157894736842,1.0510810771924146,0.21119533229677226
AwayPointsLast5 + AwayShotsOnTargetAgainstLast5,2,0.46907894736842104,1.0514138040575645,0.21126495349514343
HomeShotsOnTargetAgainstLast5,1,0.4638157894736842,1.051563493274051,0.2111869162550506
AwayGoalsAgainstPerGame + AwayShotsAgainstLast5 + AwayShotsOnTargetAgainstLast5,3,0.4717105263157894,1.051588846761385,0.2113083604937127
AwayPPG,1,0.47302631578947363,1.0516936390125378,0.2113442163426847
AwayPointsLast5 + AwayGoalsAgainstLast5 + AwayShotsAgainstLast5,3,0.46578947368421053,1.051714333398859,0.21141348061450796
AwayGoalsAgainstPerGame + AwayGoalsAgainstLast5 + AwayShotsAgainstLast5,3,0.4723684210526316,1.0517640206708487,0.2113300871783751
AwayPPG + AwayGoalsLast5 + AwayGoalsAgainstLast5,3,0.4631578947368421,1.0517677997113637,0.21146282392166896
AwayGoalsAgainstPerGame + AwayShotsOnTargetAgainstLast5,2,0.47039473684210525,1.0519388204607787,0.2113454255009152
AwayPointsLast5 + AwayGoalsAgainstLast5 + AwayShotsOnTargetAgainstLast5,3,0.4703947368421052,1.0520440222912861,0.21141820890839713
AwayPointsLast5 + AwayGoalsLast5 + AwayShotsOnTargetLast5,3,0.46907894736842104,1.0520459698772353,0.2114173149124144
AwayPointsLast5 + AwayShotsOnTargetLast5,2,0.46776315789473677,1.0520686171619797,0.2114413099013427
AwayGoalsAgainstPerGame + AwayGoalsAgainstLast5 + AwayShotsOnTargetAgainstLast5,3,0.47039473684210525,1.0522208673372662,0.21140692651931622
AwayPPG + AwayGoalsAgainstLast5,2,0.4723684210526316,1.052623656364359,0.2116501095822788
AwayGoalsAgainstPerGame + AwayPointsLast5 + AwayGoalsLast5,3,0.46578947368421053,1.0526398364081366,0.21161466742817345
AwayGoalsLast5 + AwayGoalsAgainstLast5 + AwayShotsOnTargetLast5,3,0.4638157894736842,1.0527440004725093,0.21158013011384194
AwayGoalsAgainstLast5 + AwayShotsOnTargetLast5,2,0.4625,1.0529508884237309,0.2116277166593694
AwayPPG + AwayPointsLast5 + AwayGoalsAgainstLast5,3,0.4730263157894737,1.0530045542856468,0.21173248088950145
AwayGoalsAgainstPerGame + AwayGoalsLast5,2,0.4697368421052631,1.0530841194780522,0.21169635054095964
AwayGoalsAgainstPerGame + AwayGoalsLast5 + AwayGoalsAgainstLast5,3,0.4651315789473684,1.0532182666737888,0.21173179623816132
AwayPointsLast5 + AwayGoalsAgainstLast5 + AwayShotsOnTargetLast5,3,0.4631578947368421,1.053332407091921,0.21170543812339265
AwayShotsAgainstLast5 + AwayShotsOnTargetAgainstLast5,2,0.46184210526315783,1.0534119397792918,0.21177412379714733
AwayShotsAgainstLast5,1,0.45657894736842103,1.0537601173865663,0.21184258910539414
AwayGoalsAgainstPerGame + AwayPointsLast5,2,0.46184210526315794,1.0537627945683696,0.21187756340806746
AwayGoalsLast5 + AwayShotsOnTargetLast5,2,0.45789473684210524,1.0540945970219298,0.2119197257417592
AwayShotsOnTargetAgainstLast5,1,0.4677631578947369,1.0543572792360618,0.211928389694047
AwayGoalsAgainstLast5 + AwayShotsAgainstLast5,2,0.4618421052631579,1.0543794147468768,0.21201522504716852
AwayShotsOnTargetLast5,1,0.46118421052631575,1.054484044988241,0.21199811674138838
AwayGoalsAgainstLast5 + AwayShotsAgainstLast5 + AwayShotsOnTargetAgainstLast5,3,0.4585526315789473,1.0547241960881957,0.21213969877514008
AwayGoalsAgainstPerGame + AwayPointsLast5 + AwayGoalsAgainstLast5,3,0.46184210526315794,1.0548952892481882,0.21214542668607386
HomeGoalsAgainstLast5,1,0.46907894736842104,1.0551216056372343,0.21207685604966545
AwayGoalsAgainstLast5 + AwayShotsOnTargetAgainstLast5,2,0.4598684210526316,1.0556950909286797,0.21226126084839056
AwayPointsLast5 + AwayGoalsLast5,2,0.4611842105263158,1.0558274553598948,0.21243466939760278
AwayGoalsLast5 + AwayGoalsAgainstLast5,2,0.45460526315789473,1.0562635167690595,0.21252681581126975
AwayPointsLast5,1,0.45394736842105265,1.0564169553079044,0.2125468687525468
AwayPointsLast5 + AwayGoalsLast5 + AwayGoalsAgainstLast5,3,0.45592105263157895,1.056677378326523,0.21261571404908466
AwayGoalsAgainstPerGame + AwayGoalsAgainstLast5,2,0.4552631578947368,1.057929834272157,0.2128271647885322
AwayGoalsAgainstPerGame,1,0.4592105263157895,1.05814950314243,0.21285353488886444
AwayPointsLast5 + AwayGoalsAgainstLast5,2,0.45460526315789473,1.058455425416867,0.21303937363783612
AwayGoalsLast5,1,0.45394736842105265,1.0588183393941364,0.21317068091259478
AwayGoalsAgainstLast5,1,0.4361842105263158,1.0627177890865855,0.21405299720803692
