MatchDateTime,Season,HomeTeam,AwayTeam,FTR,Prediction,Prob_A,Prob_D,Prob_H
2022-08-05 20:00:00,22-23,Crystal Palace,Arsenal,A,H,0.33373690139738843,0.21411446857804514,0.45214863002456646
2022-08-06 12:30:00,22-23,Fulham,Liverpool,D,A,0.49686299998716155,0.19922434815010487,0.30391265186273353
2022-08-06 15:00:00,22-23,Leeds United,Wolverhampton Wanderers,H,A,0.404586002680155,0.2284665856149931,0.36694741170485196
2022-08-06 15:00:00,22-23,Bournemouth,Aston Villa,H,H,0.2560820505967208,0.24103412279201428,0.5028838266112649
2022-08-06 15:00:00,22-23,Tottenham Hotspur,Southampton,H,H,0.07619175345462977,0.14513787341225545,0.7786703731331147
2022-08-06 15:00:00,22-23,Newcastle United,Nottingham Forest,H,A,0.3587422619859889,0.2929588775933227,0.3482988604206884
2022-08-06 17:30:00,22-23,Everton,Chelsea,A,A,0.5918723992276615,0.20863757447263576,0.1994900262997028
2022-08-07 14:00:00,22-23,Leicester City,Brentford,D,H,0.27345362245817323,0.25838562026515965,0.4681607572766671
2022-08-07 14:00:00,22-23,Manchester United,Brighton and Hove Albion,A,A,0.34713237572369304,0.312131767084583,0.340735857191724
2022-08-07 16:30:00,22-23,West Ham United,Manchester City,A,A,0.5741878184927918,0.23025906623465328,0.19555311527255484
2022-08-13 12:30:00,22-23,Aston Villa,Everton,H,H,0.2814779479427406,0.273070679159447,0.4454513728978124
2022-08-13 15:00:00,22-23,Arsenal,Leicester City,H,H,0.16419310606299886,0.24800784544458707,0.587799048492414
2022-08-13 15:00:00,22-23,Brighton and Hove Albion,Newcastle United,D,H,0.3598325092240808,0.20380634401447592,0.4363611467614433
2022-08-13 15:00:00,22-23,Manchester City,Bournemouth,H,H,0.10958752004796012,0.2009243339947399,0.6894881459573
2022-08-13 15:00:00,22-23,Southampton,Leeds United,D,A,0.5442443498580313,0.25480856633587573,0.200947083806093
2022-08-13 15:00:00,22-23,Wolverhampton Wanderers,Fulham,D,A,0.4391431004141879,0.2452731782122971,0.31558372137351504
2022-08-13 17:30:00,22-23,Brentford,Manchester United,H,H,0.27041064451400654,0.2218870047175809,0.5077023507684125
2022-08-14 14:00:00,22-23,Nottingham Forest,West Ham United,H,H,0.22890473053918875,0.2774202794350899,0.4936749900257213
2022-08-14 16:30:00,22-23,Chelsea,Tottenham Hotspur,D,A,0.4603797822706382,0.2631559784815678,0.27646423924779406
2022-08-15 20:00:00,22-23,Liverpool,Crystal Palace,D,H,0.028574008993596498,0.15720286795261168,0.8142231230537917
2022-08-20 12:30:00,22-23,Tottenham Hotspur,Wolverhampton Wanderers,H,H,0.06773879163795886,0.1399286497694563,0.7923325585925848
2022-08-20 15:00:00,22-23,Crystal Palace,Aston Villa,H,H,0.23767563570308306,0.23902788279977183,0.523296481497145
2022-08-20 15:00:00,22-23,Everton,Nottingham Forest,D,A,0.4858908121519712,0.22852856605288766,0.28558062179514115
2022-08-20 15:00:00,22-23,Fulham,Brentford,H,A,0.48605818171425863,0.2785200283105423,0.23542178997519916
2022-08-20 15:00:00,22-23,Leicester City,Southampton,A,H,0.15885518785517877,0.2177595480963214,0.6233852640484999
2022-08-20 17:30:00,22-23,Bournemouth,Arsenal,A,A,0.598530382286562,0.22034629651406498,0.18112332119937316
2022-08-21 14:00:00,22-23,Leeds United,Chelsea,H,A,0.5651711370273849,0.2111382856258307,0.22369057734678433
2022-08-21 14:00:00,22-23,West Ham United,Brighton and Hove Albion,A,A,0.4500191981736512,0.2730294760817192,0.2769513257446296
2022-08-21 16:30:00,22-23,Newcastle United,Manchester City,D,A,0.744978460174545,0.1691955093905561,0.08582603043489892
2022-08-22 20:00:00,22-23,Manchester United,Liverpool,H,A,0.5247003619031713,0.1992193273774213,0.2760803107194075
2022-08-27 12:30:00,22-23,Southampton,Manchester United,A,H,0.36058533947155447,0.2495811860916776,0.38983347443676797
2022-08-27 15:00:00,22-23,Brentford,Everton,D,H,0.2217541735670846,0.24187663346660243,0.536369192966313
2022-08-27 15:00:00,22-23,Brighton and Hove Albion,Leeds United,H,H,0.2861856614038945,0.26565074572991276,0.44816359286619273
2022-08-27 15:00:00,22-23,Chelsea,Leicester City,H,H,0.09083618964491634,0.18284563912339044,0.7263181712316931
2022-08-27 15:00:00,22-23,Liverpool,Bournemouth,H,H,0.03111267508677848,0.12660688367160738,0.8422804412416142
2022-08-27 15:00:00,22-23,Manchester City,Crystal Palace,H,H,0.048798334943555254,0.1621152126532746,0.7890864524031702
2022-08-27 17:30:00,22-23,Arsenal,Fulham,H,H,0.16172680970800937,0.22182383114239898,0.6164493591495916
2022-08-28 14:00:00,22-23,Aston Villa,West Ham United,A,H,0.26614540360503647,0.24072567164860428,0.4931289247463594
2022-08-28 14:00:00,22-23,Wolverhampton Wanderers,Newcastle United,D,A,0.4911990014023136,0.23246272708020901,0.2763382715174773
2022-08-28 16:30:00,22-23,Nottingham Forest,Tottenham Hotspur,A,A,0.578644157866427,0.2391909762748295,0.18216486585874356
2022-08-30 19:30:00,22-23,Crystal Palace,Brentford,D,A,0.3860519318881091,0.27733534007204147,0.33661272803984943
2022-08-30 19:30:00,22-23,Fulham,Brighton and Hove Albion,H,A,0.4374615126981665,0.266643770550929,0.2958947167509044
2022-08-30 19:45:00,22-23,Southampton,Chelsea,H,A,0.5293624249866852,0.20832234933158678,0.26231522568172805
2022-08-30 20:00:00,22-23,Leeds United,Everton,D,H,0.23831082626149097,0.21859163364163622,0.5430975400968728
2022-08-31 19:30:00,22-23,Arsenal,Aston Villa,H,H,0.05159037719303495,0.13852468145908495,0.8098849413478801
2022-08-31 19:30:00,22-23,Bournemouth,Wolverhampton Wanderers,D,A,0.35064651246908896,0.3158062162516302,0.3335472712792809
2022-08-31 19:30:00,22-23,Manchester City,Nottingham Forest,H,H,0.023098401972398083,0.09764453168593214,0.8792570663416698
2022-08-31 19:45:00,22-23,West Ham United,Tottenham Hotspur,D,A,0.6417104439478423,0.21507433734227674,0.14321521870988105
2022-08-31 20:00:00,22-23,Liverpool,Newcastle United,H,H,0.07312894307431587,0.16945622858993478,0.7574148283357492
2022-09-01 20:00:00,22-23,Leicester City,Manchester United,A,H,0.33580493688227353,0.2438883737837244,0.420306689334002
2022-09-03 12:30:00,22-23,Everton,Liverpool,D,A,0.8211392720286723,0.11666723954729209,0.06219348842403562
2022-09-03 15:00:00,22-23,Brentford,Leeds United,H,A,0.37319901004996775,0.2639032555165667,0.36289773443346557
2022-09-03 15:00:00,22-23,Chelsea,West Ham United,H,H,0.1366188026632201,0.2329129677785684,0.6304682295582116
2022-09-03 15:00:00,22-23,Newcastle United,Crystal Palace,D,H,0.23833061644598086,0.25841277564054244,0.5032566079134767
2022-09-03 15:00:00,22-23,Nottingham Forest,Bournemouth,A,H,0.13112457750069675,0.19680945720492343,0.6720659652943798
2022-09-03 15:00:00,22-23,Tottenham Hotspur,Fulham,H,H,0.12952811340589415,0.21379112223920418,0.6566807643549016
2022-09-03 15:00:00,22-23,Wolverhampton Wanderers,Southampton,H,H,0.30191902283822997,0.2557369775543104,0.4423439996074597
2022-09-03 17:30:00,22-23,Aston Villa,Manchester City,D,A,0.8605310060499011,0.10160234863210155,0.03786664531799747
2022-09-04 14:00:00,22-23,Brighton and Hove Albion,Leicester City,H,H,0.13823012437371954,0.19892133902248582,0.6628485366037947
2022-09-04 16:30:00,22-23,Manchester United,Arsenal,H,A,0.5242462041687564,0.24463476262036277,0.2311190332108807
2022-09-16 20:00:00,22-23,Aston Villa,Southampton,H,A,0.3812800860060439,0.29171961349310954,0.32700030050084655
2022-09-16 20:00:00,22-23,Nottingham Forest,Fulham,A,A,0.39151234594184225,0.2512674119354421,0.35722024212271564
2022-09-17 12:30:00,22-23,Wolverhampton Wanderers,Manchester City,A,A,0.7944756301055883,0.13327116514852172,0.07225320474589003
2022-09-17 15:00:00,22-23,Newcastle United,Bournemouth,D,H,0.09298185429665282,0.15234652400469223,0.754671621698655
2022-09-17 17:30:00,22-23,Tottenham Hotspur,Leicester City,H,H,0.05737437304221685,0.16671107390387893,0.7759145530539042
2022-09-18 12:00:00,22-23,Brentford,Arsenal,A,A,0.5584937466421767,0.21745617450050797,0.22405007885731545
2022-09-18 14:15:00,22-23,Everton,West Ham United,H,A,0.401951620247136,0.24972496492019128,0.3483234148326727
2022-10-01 12:30:00,22-23,Arsenal,Tottenham Hotspur,H,H,0.285734876398479,0.22600707622370947,0.48825804737781153
2022-10-01 15:00:00,22-23,Bournemouth,Brentford,D,A,0.4182266876640435,0.32307705435712525,0.25869625797883133
2022-10-01 15:00:00,22-23,Crystal Palace,Chelsea,A,A,0.38539748103714355,0.22925892372073498,0.38534359524212136
2022-10-01 15:00:00,22-23,Fulham,Newcastle United,A,A,0.3635345586129004,0.2851508472012112,0.35131459418588845
2022-10-01 15:00:00,22-23,Liverpool,Brighton and Hove Albion,D,H,0.12719415370428358,0.25184835707870873,0.6209574892170077
2022-10-01 15:00:00,22-23,Southampton,Everton,A,A,0.3813118711500646,0.2523419330707726,0.3663461957791628
2022-10-01 17:30:00,22-23,West Ham United,Wolverhampton Wanderers,H,H,0.2834534340031784,0.24139320935967942,0.4751533566371423
2022-10-02 14:00:00,22-23,Manchester City,Manchester United,H,H,0.03985948959112265,0.13289240466880473,0.8272481057400727
2022-10-02 16:30:00,22-23,Leeds United,Aston Villa,D,H,0.2824350573441681,0.22024770380322936,0.49731723885260254
2022-10-03 20:00:00,22-23,Leicester City,Nottingham Forest,H,H,0.2761811508272028,0.24244940251319774,0.4813694466595994
2022-10-08 15:00:00,22-23,Bournemouth,Leicester City,H,H,0.2722614412495536,0.30679154179999996,0.42094701695044634
2022-10-08 15:00:00,22-23,Chelsea,Wolverhampton Wanderers,H,H,0.12061994176464962,0.2639210645508963,0.6154589936844541
2022-10-08 15:00:00,22-23,Manchester City,Southampton,H,H,0.024249823949125563,0.14000119436672168,0.8357489816841527
2022-10-08 15:00:00,22-23,Newcastle United,Brentford,H,H,0.22877255935568278,0.24192844789108903,0.5292989927532282
2022-10-08 17:30:00,22-23,Brighton and Hove Albion,Tottenham Hotspur,A,H,0.3798569333151935,0.21514568689710992,0.4049973797876967
2022-10-09 14:00:00,22-23,Crystal Palace,Leeds United,H,H,0.327497581776542,0.288716119237108,0.38378629898635
2022-10-09 14:00:00,22-23,West Ham United,Fulham,H,H,0.2345515361101735,0.17125278756440762,0.5941956763254189
2022-10-09 16:30:00,22-23,Arsenal,Liverpool,H,H,0.3351434526823837,0.2281518708136402,0.43670467650397604
2022-10-09 19:00:00,22-23,Everton,Manchester United,A,H,0.36360324560106105,0.22071049729290645,0.4156862571060325
2022-10-10 20:00:00,22-23,Nottingham Forest,Aston Villa,D,A,0.36452956531371217,0.27651641912507363,0.35895401556121415
2022-10-14 20:00:00,22-23,Brentford,Brighton and Hove Albion,H,A,0.4977520039728706,0.2379218178514731,0.26432617817565635
2022-10-15 12:30:00,22-23,Leicester City,Crystal Palace,D,H,0.37375074280314263,0.22505715741393337,0.40119209978292397
2022-10-15 15:00:00,22-23,Fulham,Bournemouth,D,H,0.26209150018932265,0.2889592951015782,0.44894920470909905
2022-10-15 15:00:00,22-23,Wolverhampton Wanderers,Nottingham Forest,H,H,0.26407617196064664,0.24949160824507682,0.4864322197942766
2022-10-15 17:30:00,22-23,Tottenham Hotspur,Everton,H,H,0.08906452378859028,0.23605732482422506,0.6748781513871847
2022-10-16 14:00:00,22-23,Aston Villa,Chelsea,A,A,0.5096039669443382,0.19944303386585766,0.2909529991898042
2022-10-16 14:00:00,22-23,Leeds United,Arsenal,A,A,0.7198050382555571,0.16713834897575228,0.11305661276869074
2022-10-16 14:00:00,22-23,Manchester United,Newcastle United,D,A,0.38004086130560355,0.290349977792969,0.3296091609014274
2022-10-16 14:00:00,22-23,Southampton,West Ham United,D,A,0.5389882053475471,0.25693386730069295,0.20407792735175997
2022-10-16 16:30:00,22-23,Liverpool,Manchester City,H,A,0.43850421069150664,0.257305088522488,0.30419070078600546
2022-10-18 19:30:00,22-23,Brighton and Hove Albion,Nottingham Forest,D,H,0.142099780171121,0.23477129805849598,0.6231289217703829
2022-10-18 20:15:00,22-23,Crystal Palace,Wolverhampton Wanderers,H,H,0.23057067755058513,0.2598165123374271,0.5096128101119878
2022-10-19 19:30:00,22-23,Bournemouth,Southampton,A,H,0.1814316069597892,0.25465145878076073,0.5639169342594501
2022-10-19 19:30:00,22-23,Brentford,Chelsea,D,A,0.47389749035894685,0.20360447825545494,0.3224980313855982
2022-10-19 19:30:00,22-23,Liverpool,West Ham United,H,H,0.10438884539377029,0.30636189414202797,0.5892492604642017
2022-10-19 19:30:00,22-23,Newcastle United,Everton,H,H,0.10544003779463028,0.1731739258807778,0.7213860363245921
2022-10-19 20:15:00,22-23,Manchester United,Tottenham Hotspur,H,A,0.4184010719784218,0.2232170380291251,0.35838188999245313
2022-10-20 19:30:00,22-23,Fulham,Aston Villa,H,D,0.33412166483048034,0.36269764356145345,0.30318069160806616
2022-10-20 20:15:00,22-23,Leicester City,Leeds United,H,A,0.3678407222593857,0.26690422736798475,0.36525505037262956
2022-10-22 12:30:00,22-23,Nottingham Forest,Liverpool,H,A,0.6776250166584634,0.14421813080415202,0.1781568525373846
2022-10-22 15:00:00,22-23,Everton,Crystal Palace,H,A,0.463350223192395,0.23518571975824965,0.3014640570493553
2022-10-22 15:00:00,22-23,Manchester City,Brighton and Hove Albion,H,H,0.08376576702964994,0.23949824150716556,0.6767359914631846
2022-10-22 17:30:00,22-23,Chelsea,Manchester United,D,H,0.1863385829590462,0.2636349912310621,0.5500264258098917
2022-10-23 14:00:00,22-23,Aston Villa,Brentford,H,A,0.4089825190371911,0.2223196697029027,0.36869781125990636
2022-10-23 14:00:00,22-23,Leeds United,Fulham,A,A,0.4271196078293786,0.20439864296912932,0.36848174920149207
2022-10-23 14:00:00,22-23,Southampton,Arsenal,D,A,0.7190990547087658,0.1549286858079796,0.1259722594832547
2022-10-23 14:00:00,22-23,Wolverhampton Wanderers,Leicester City,A,H,0.3500543574705637,0.27445232784343065,0.37549331468600566
2022-10-23 16:30:00,22-23,Tottenham Hotspur,Newcastle United,A,H,0.23759504213606697,0.30902050799600084,0.45338444986793225
2022-10-24 20:00:00,22-23,West Ham United,Bournemouth,H,H,0.1898861290518948,0.19021298727471297,0.6199008836733921
2022-10-29 12:30:00,22-23,Leicester City,Manchester City,A,A,0.7653508224621551,0.13074153403356423,0.10390764350428064
2022-10-29 15:00:00,22-23,Newcastle United,Aston Villa,H,H,0.14663427596710107,0.2556516692057395,0.5977140548271596
2022-10-29 15:00:00,22-23,Bournemouth,Tottenham Hotspur,A,A,0.5416816086877411,0.2080117657891218,0.2503066255231371
2022-10-29 15:00:00,22-23,Brentford,Wolverhampton Wanderers,D,H,0.2644434659737785,0.27506753876864337,0.4604889952575782
2022-10-29 15:00:00,22-23,Brighton and Hove Albion,Chelsea,H,H,0.3710001958180427,0.21154905748955716,0.41745074669240007
2022-10-29 15:00:00,22-23,Crystal Palace,Southampton,H,H,0.2118359847739009,0.24747881710190345,0.5406851981241957
2022-10-29 17:30:00,22-23,Fulham,Everton,D,H,0.2496121351024645,0.2891868030048312,0.46120106189270443
2022-10-29 19:45:00,22-23,Liverpool,Leeds United,A,H,0.07974443028197753,0.2885253997831988,0.6317301699348237
2022-10-30 14:00:00,22-23,Arsenal,Nottingham Forest,H,H,0.05353327790275179,0.17434188826725508,0.7721248338299932
2022-10-30 16:15:00,22-23,Manchester United,West Ham United,H,H,0.21696243491065592,0.29633791185650143,0.48669965323284264
2022-11-05 15:00:00,22-23,Leeds United,Bournemouth,H,H,0.3024650733682729,0.2186706070149314,0.4788643196167957
2022-11-05 15:00:00,22-23,Manchester City,Fulham,H,H,0.051506423446054,0.18847146143260027,0.7600221151213458
2022-11-05 15:00:00,22-23,Nottingham Forest,Brentford,D,A,0.39108070930533484,0.26846194278778884,0.3404573479068763
2022-11-05 15:00:00,22-23,Wolverhampton Wanderers,Brighton and Hove Albion,A,A,0.5649384334708399,0.23016100248031832,0.20490056404884183
2022-11-05 17:30:00,22-23,Everton,Leicester City,A,A,0.3897979033263049,0.2682936209255462,0.3419084757481491
2022-11-06 12:00:00,22-23,Chelsea,Arsenal,A,A,0.41813626979325863,0.26985803226574784,0.3120056979409936
2022-11-06 14:00:00,22-23,Aston Villa,Manchester United,H,A,0.5212660407544449,0.21967322817882187,0.2590607310667331
2022-11-06 14:00:00,22-23,Southampton,Newcastle United,A,A,0.6627402295078578,0.19506795278775735,0.14219181770438474
2022-11-06 14:00:00,22-23,West Ham United,Crystal Palace,A,H,0.23271643431278818,0.19621159544601746,0.5710719702411944
2022-11-06 16:30:00,22-23,Tottenham Hotspur,Liverpool,A,H,0.2434190097070361,0.20942309642384466,0.5471578938691193
2022-11-12 12:30:00,22-23,Manchester City,Brentford,A,H,0.03822780246204286,0.17650332780316944,0.7852688697347877
2022-11-12 15:00:00,22-23,West Ham United,Leicester City,A,H,0.3001525998953315,0.24277254835685108,0.4570748517478174
2022-11-12 15:00:00,22-23,Tottenham Hotspur,Leeds United,H,H,0.11625237340589976,0.25729657874889544,0.6264510478452048
2022-11-12 15:00:00,22-23,Liverpool,Southampton,H,H,0.05565602592278097,0.2260567463756727,0.7182872277015463
2022-11-12 15:00:00,22-23,Bournemouth,Everton,H,H,0.33560414596250204,0.27709685547559154,0.3872989985619065
2022-11-12 15:00:00,22-23,Nottingham Forest,Crystal Palace,H,A,0.40838181976343857,0.24583370859374035,0.34578447164282117
2022-11-12 17:30:00,22-23,Newcastle United,Chelsea,H,H,0.16735331749371102,0.17374842695961482,0.6588982555466742
2022-11-12 19:45:00,22-23,Wolverhampton Wanderers,Arsenal,A,A,0.7437324863492113,0.1467128189399016,0.1095546947108871
2022-11-13 14:00:00,22-23,Brighton and Hove Albion,Aston Villa,A,H,0.14920293134075618,0.21570949949919346,0.6350875691600504
2022-11-13 16:30:00,22-23,Fulham,Manchester United,A,H,0.3284184163958512,0.23385087269324684,0.4377307109109019
2022-12-26 12:30:00,22-23,Brentford,Tottenham Hotspur,D,A,0.5160123720185082,0.20710851943042222,0.2768791085510695
2022-12-26 15:00:00,22-23,Crystal Palace,Fulham,A,H,0.29836444281492647,0.25879813266110246,0.4428374245239711
2022-12-26 15:00:00,22-23,Everton,Wolverhampton Wanderers,A,H,0.3446430336558146,0.26634069352316453,0.3890162728210209
2022-12-26 15:00:00,22-23,Leicester City,Newcastle United,A,A,0.5082554943993007,0.22233269359841112,0.2694118120022882
2022-12-26 15:00:00,22-23,Southampton,Brighton and Hove Albion,A,A,0.5750777289941371,0.2133369128428157,0.2115853581630472
2022-12-26 17:30:00,22-23,Aston Villa,Liverpool,A,A,0.6146697392808457,0.17876172672468255,0.20656853399447178
2022-12-26 20:00:00,22-23,Arsenal,West Ham United,H,H,0.0626722524989048,0.18870745861608307,0.7486202888850121
2022-12-27 17:30:00,22-23,Chelsea,Bournemouth,H,H,0.17132745096281074,0.29568019935289047,0.5329923496842988
2022-12-27 20:00:00,22-23,Manchester United,Nottingham Forest,H,H,0.07575944210247905,0.1649657717822033,0.7592747861153175
2022-12-28 20:00:00,22-23,Leeds United,Manchester City,A,A,0.7680739271714333,0.11393934146290917,0.1179867313656575
2022-12-30 19:45:00,22-23,West Ham United,Brentford,A,A,0.423792536482609,0.26088877669182264,0.31531868682556824
2022-12-30 20:00:00,22-23,Liverpool,Leicester City,H,H,0.06500562274751878,0.20414973651143872,0.7308446407410425
2022-12-31 12:30:00,22-23,Wolverhampton Wanderers,Manchester United,A,A,0.5676443308417525,0.21097512569613525,0.22138054346211225
2022-12-31 15:00:00,22-23,Bournemouth,Crystal Palace,A,H,0.33898481092406296,0.24553433660540955,0.41548085247052746
2022-12-31 15:00:00,22-23,Fulham,Southampton,H,H,0.1863835099054335,0.278897844503218,0.5347186455913485
2022-12-31 15:00:00,22-23,Manchester City,Everton,D,H,0.03254641804940323,0.17811326457007257,0.7893403173805242
2022-12-31 15:00:00,22-23,Newcastle United,Leeds United,D,H,0.06607522163872459,0.16694500457885195,0.7669797737824235
2022-12-31 17:30:00,22-23,Brighton and Hove Albion,Arsenal,A,A,0.5757392626966742,0.22010717832579482,0.20415355897753099
2023-01-01 14:00:00,22-23,Tottenham Hotspur,Aston Villa,A,H,0.0835654350056691,0.1991755260928344,0.7172590389014964
2023-01-01 16:30:00,22-23,Nottingham Forest,Chelsea,D,A,0.5167322107360306,0.20875754231993937,0.27451024694403003
2023-01-02 17:30:00,22-23,Brentford,Liverpool,H,A,0.5014174061839766,0.18119709765327655,0.31738549616274686
2023-01-03 19:45:00,22-23,Arsenal,Newcastle United,D,H,0.1527385906664487,0.22971594878866464,0.6175454605448867
2023-01-03 19:45:00,22-23,Everton,Brighton and Hove Albion,A,A,0.5503580324919689,0.2221753211666387,0.22746664634139235
2023-01-03 19:45:00,22-23,Leicester City,Fulham,A,A,0.3997214115434046,0.24580789906972808,0.3544706893868673
2023-01-03 20:00:00,22-23,Manchester United,Bournemouth,H,H,0.07902723003832243,0.1761742690969299,0.7447985008647476
2023-01-04 19:30:00,22-23,Southampton,Nottingham Forest,A,H,0.3356524586839826,0.2103699199827889,0.4539776213332286
2023-01-04 19:45:00,22-23,Leeds United,West Ham United,D,A,0.4238590444313592,0.276536207415974,0.29960474815266674
2023-01-04 20:00:00,22-23,Aston Villa,Wolverhampton Wanderers,D,H,0.23610973592186593,0.26990425321102013,0.4939860108671139
2023-01-04 20:00:00,22-23,Crystal Palace,Tottenham Hotspur,A,A,0.44632031611956463,0.2263888863190088,0.32729079756142654
2023-01-05 20:00:00,22-23,Chelsea,Manchester City,A,A,0.5644107375653996,0.22800638849540245,0.20758287393919791
2023-01-12 20:00:00,22-23,Fulham,Chelsea,H,H,0.3187676430037085,0.22822462120578849,0.45300773579050296
2023-01-13 20:00:00,22-23,Aston Villa,Leeds United,H,H,0.2381683073735526,0.23070632307368413,0.5311253695527632
2023-01-14 12:30:00,22-23,Manchester United,Manchester City,H,A,0.44327748424777164,0.19980734804266828,0.35691516770956005
2023-01-14 15:00:00,22-23,Brighton and Hove Albion,Liverpool,H,A,0.4612525517585161,0.22369492645932268,0.31505252178216114
2023-01-14 15:00:00,22-23,Everton,Southampton,A,A,0.3991171553058825,0.30399724441952314,0.29688560027459443
2023-01-14 15:00:00,22-23,Nottingham Forest,Leicester City,H,H,0.3249586352100412,0.26393713225098286,0.41110423253897593
2023-01-14 15:00:00,22-23,Wolverhampton Wanderers,West Ham United,H,A,0.42342741859804317,0.26500036025691837,0.3115722211450385
2023-01-14 17:30:00,22-23,Brentford,Bournemouth,H,H,0.13937862772572568,0.20146724080071426,0.6591541314735601
2023-01-15 14:00:00,22-23,Chelsea,Crystal Palace,H,H,0.16612837353833446,0.23145046409112607,0.6024211623705394
2023-01-15 14:00:00,22-23,Newcastle United,Fulham,H,H,0.1297650197803627,0.1937028808395149,0.6765320993801224
2023-01-15 16:30:00,22-23,Tottenham Hotspur,Arsenal,A,A,0.4172880243259426,0.256993895249731,0.3257180804243264
2023-01-18 20:00:00,22-23,Crystal Palace,Manchester United,D,A,0.5335910961710286,0.25008313132642856,0.21632577250254287
2023-01-19 20:00:00,22-23,Manchester City,Tottenham Hotspur,H,H,0.09663973186748645,0.19616378407339005,0.7071964840591234
2023-01-21 12:30:00,22-23,Liverpool,Chelsea,D,H,0.1441470122250062,0.24665019697791227,0.6092027907970816
2023-01-21 15:00:00,22-23,Bournemouth,Nottingham Forest,D,H,0.3323195528154746,0.2556764410188356,0.4120040061656898
2023-01-21 15:00:00,22-23,Leicester City,Brighton and Hove Albion,D,A,0.5027730767167149,0.2195224936024287,0.27770442968085635
2023-01-21 15:00:00,22-23,Southampton,Aston Villa,A,A,0.45752172583807577,0.21973734375426662,0.3227409304076576
2023-01-21 15:00:00,22-23,West Ham United,Everton,H,H,0.31728588152563947,0.2618347295627267,0.42087938891163373
2023-01-21 17:30:00,22-23,Crystal Palace,Newcastle United,D,A,0.6121330537315188,0.22263628358726908,0.16523066268121211
2023-01-22 14:00:00,22-23,Leeds United,Brentford,D,A,0.552712567688279,0.2461764770833802,0.2011109552283408
2023-01-22 14:00:00,22-23,Manchester City,Wolverhampton Wanderers,H,H,0.021854153321756144,0.12143903239818016,0.8567068142800638
2023-01-22 16:30:00,22-23,Arsenal,Manchester United,H,H,0.13121056507652437,0.24504113001752983,0.6237483049059458
2023-01-23 20:00:00,22-23,Fulham,Tottenham Hotspur,A,H,0.3501583934281977,0.22066900866407968,0.4291725979077227
2023-02-03 20:00:00,22-23,Chelsea,Fulham,D,H,0.17040138766756893,0.21223719706248,0.6173614152699511
2023-02-04 12:30:00,22-23,Everton,Arsenal,H,A,0.8385236000153572,0.10540302285101537,0.0560733771336275
2023-02-04 15:00:00,22-23,Aston Villa,Leicester City,A,H,0.2763492202603714,0.2590323016719711,0.46461847806765744
2023-02-04 15:00:00,22-23,Brentford,Southampton,H,H,0.14004905176826254,0.24925957767758164,0.6106913705541558
2023-02-04 15:00:00,22-23,Brighton and Hove Albion,Bournemouth,H,H,0.12440126087392427,0.21783389023506303,0.6577648488910127
2023-02-04 15:00:00,22-23,Manchester United,Crystal Palace,H,H,0.10335544108921801,0.1913002918246724,0.7053442670861095
2023-02-04 15:00:00,22-23,Wolverhampton Wanderers,Liverpool,H,A,0.674647846352065,0.16998089439203073,0.1553712592559043
2023-02-04 17:30:00,22-23,Newcastle United,West Ham United,D,H,0.09587933371033083,0.22266057004284726,0.6814600962468219
2023-02-05 14:00:00,22-23,Nottingham Forest,Leeds United,H,H,0.2509620109282246,0.2497643992500991,0.49927358982167613
2023-02-05 16:30:00,22-23,Tottenham Hotspur,Manchester City,H,A,0.5143881124396567,0.2361524996669437,0.24945938789339966
2023-02-08 20:00:00,22-23,Manchester United,Leeds United,D,H,0.10550132017315901,0.2517509810284874,0.6427476987983536
2023-02-11 12:30:00,22-23,West Ham United,Chelsea,D,A,0.5112141385852859,0.21160807446520946,0.2771777869495047
2023-02-11 15:00:00,22-23,Arsenal,Brentford,D,H,0.0905015859154212,0.22010497075048366,0.6893934433340951
2023-02-11 15:00:00,22-23,Crystal Palace,Brighton and Hove Albion,D,A,0.49954029676695555,0.2551728580512223,0.24528684518182226
2023-02-11 15:00:00,22-23,Fulham,Nottingham Forest,H,H,0.20441546424022847,0.2673992258141353,0.5281853099456362
2023-02-11 15:00:00,22-23,Leicester City,Tottenham Hotspur,H,A,0.5136883177221588,0.19986085956915994,0.2864508227086813
2023-02-11 15:00:00,22-23,Southampton,Wolverhampton Wanderers,A,A,0.43946547793855284,0.22863422540739228,0.33190029665405485
2023-02-11 17:30:00,22-23,Bournemouth,Newcastle United,D,A,0.7159252590721142,0.1776018766542021,0.10647286427368381
2023-02-12 14:00:00,22-23,Leeds United,Manchester United,A,A,0.5919172434110077,0.17970186045863448,0.2283808961303578
2023-02-12 16:30:00,22-23,Manchester City,Aston Villa,H,H,0.04537183853972568,0.18055274774822838,0.774075413712046
2023-02-13 20:00:00,22-23,Liverpool,Everton,H,H,0.07600035922032695,0.24321421735201346,0.6807854234276596
2023-02-15 19:30:00,22-23,Arsenal,Manchester City,A,H,0.3349047067427026,0.2631863452232665,0.401908948034031
2023-02-18 12:30:00,22-23,Aston Villa,Arsenal,A,A,0.6550918164826321,0.17850910317292232,0.1663990803444455
2023-02-18 15:00:00,22-23,Brentford,Crystal Palace,D,H,0.15823711479544994,0.19216173710075715,0.649601148103793
2023-02-18 15:00:00,22-23,Brighton and Hove Albion,Fulham,A,H,0.17986602749363345,0.1841321703511992,0.6360018021551672
2023-02-18 15:00:00,22-23,Chelsea,Southampton,A,H,0.08148610007922172,0.21366105492774537,0.7048528449930328
2023-02-18 15:00:00,22-23,Everton,Leeds United,H,A,0.48404637177004045,0.2746993409702406,0.24125428725971887
2023-02-18 15:00:00,22-23,Nottingham Forest,Manchester City,D,A,0.7128873883653005,0.15375590185508856,0.13335670977961095
2023-02-18 15:00:00,22-23,Wolverhampton Wanderers,Bournemouth,A,H,0.25544086183604114,0.24999631901568847,0.4945628191482703
2023-02-18 17:30:00,22-23,Newcastle United,Liverpool,A,H,0.2599048941579637,0.2164097633223273,0.523685342519709
2023-02-19 14:00:00,22-23,Manchester United,Leicester City,H,H,0.1423183809184416,0.2624904729848683,0.5951911460966901
2023-02-19 16:30:00,22-23,Tottenham Hotspur,West Ham United,H,H,0.15096162020655035,0.3067388551909898,0.5422995246024598
2023-02-24 20:00:00,22-23,Fulham,Wolverhampton Wanderers,D,H,0.15649774727867186,0.262725371777685,0.5807768809436431
2023-02-25 15:00:00,22-23,Everton,Aston Villa,A,H,0.369280525224057,0.20362276762518616,0.42709670715075687
2023-02-25 15:00:00,22-23,Leeds United,Southampton,H,H,0.3054556166632637,0.25281870655370553,0.44172567678303076
2023-02-25 15:00:00,22-23,Leicester City,Arsenal,A,A,0.6732218241435243,0.17415274263501543,0.1526254332214603
2023-02-25 15:00:00,22-23,West Ham United,Nottingham Forest,H,H,0.2769823336322104,0.20823145707419935,0.5147862092935902
2023-02-25 17:30:00,22-23,Bournemouth,Manchester City,A,A,0.7794555975158953,0.13319038546778553,0.0873540170163191
2023-02-25 19:45:00,22-23,Crystal Palace,Liverpool,D,A,0.5524887020761595,0.19734431636790525,0.25016698155593525
2023-02-26 13:30:00,22-23,Tottenham Hotspur,Chelsea,H,H,0.21742403957045459,0.28525643803368633,0.4973195223958591
2023-03-01 19:45:00,22-23,Arsenal,Everton,H,H,0.04637432022643037,0.21446729946003976,0.7391583803135299
2023-03-01 20:00:00,22-23,Liverpool,Wolverhampton Wanderers,H,H,0.06710364015973681,0.20937927710788462,0.7235170827323786
2023-03-04 12:30:00,22-23,Manchester City,Newcastle United,H,H,0.09910519851507552,0.20559479022190424,0.6953000112630203
2023-03-04 15:00:00,22-23,Wolverhampton Wanderers,Tottenham Hotspur,H,A,0.5507792332185897,0.19398591415514002,0.2552348526262703
2023-03-04 15:00:00,22-23,Chelsea,Leeds United,H,H,0.16852216785317056,0.26591903473982603,0.5655587974070033
2023-03-04 15:00:00,22-23,Aston Villa,Crystal Palace,H,H,0.35133087818383385,0.2725663937027846,0.3761027281133816
2023-03-04 15:00:00,22-23,Arsenal,Bournemouth,H,H,0.0365335441200057,0.161142445243926,0.8023240106360683
2023-03-04 15:00:00,22-23,Brighton and Hove Albion,West Ham United,H,H,0.16677050854745684,0.23385461968058732,0.5993748717719559
2023-03-04 17:30:00,22-23,Southampton,Leicester City,H,A,0.5038650862973263,0.2146392091783069,0.28149570452436673
2023-03-05 14:00:00,22-23,Nottingham Forest,Everton,D,H,0.2659702325552753,0.32246693246632063,0.4115628349784041
2023-03-05 16:30:00,22-23,Liverpool,Manchester United,H,H,0.16516399817057592,0.2207420824704214,0.6140939193590027
2023-03-06 20:00:00,22-23,Brentford,Fulham,H,H,0.24491783918560475,0.2075470094830806,0.5475351513313147
2023-03-11 12:30:00,22-23,Bournemouth,Liverpool,H,A,0.696086292161594,0.17401807563597677,0.12989563220242925
2023-03-11 15:00:00,22-23,Everton,Brentford,H,A,0.6146033838241238,0.19555936268632834,0.18983725348954789
2023-03-11 15:00:00,22-23,Leeds United,Brighton and Hove Albion,D,A,0.6854689990526626,0.2049439240271628,0.10958707692017466
2023-03-11 15:00:00,22-23,Leicester City,Chelsea,A,A,0.49749905114801823,0.23766953099885965,0.264831417853122
2023-03-11 15:00:00,22-23,Tottenham Hotspur,Nottingham Forest,H,H,0.06939369372618139,0.15594467253479202,0.7746616337390266
2023-03-11 17:30:00,22-23,Crystal Palace,Manchester City,A,A,0.7444108839834467,0.1510139698450946,0.10457514617145877
2023-03-12 14:00:00,22-23,Fulham,Arsenal,A,A,0.5713720114928633,0.21673247553870534,0.21189551296843132
2023-03-12 14:00:00,22-23,Manchester United,Southampton,D,H,0.06722935478243254,0.21233389290640006,0.7204367523111674
2023-03-12 14:00:00,22-23,West Ham United,Aston Villa,D,H,0.3420080093238496,0.2158377005497695,0.4421542901263809
2023-03-12 16:30:00,22-23,Newcastle United,Wolverhampton Wanderers,H,H,0.11367195700325006,0.2235155662789202,0.6628124767178298
2023-03-15 19:30:00,22-23,Brighton and Hove Albion,Crystal Palace,H,H,0.10986276901945553,0.1513638940491172,0.7387733369314273
2023-03-15 19:30:00,22-23,Southampton,Brentford,A,A,0.5988534222482037,0.20052350549324763,0.2006230722585486
2023-03-17 20:00:00,22-23,Nottingham Forest,Newcastle United,A,A,0.6150081650209561,0.21296694318971446,0.17202489178932942
2023-03-18 15:00:00,22-23,Aston Villa,Bournemouth,H,H,0.2277510602771333,0.2652402667529366,0.5070086729699301
2023-03-18 15:00:00,22-23,Brentford,Leicester City,D,H,0.17734053320024645,0.24147520971033318,0.5811842570894203
2023-03-18 15:00:00,22-23,Southampton,Tottenham Hotspur,D,A,0.6961137091404775,0.1578340293010629,0.14605226155845957
2023-03-18 15:00:00,22-23,Wolverhampton Wanderers,Leeds United,A,H,0.33335401517043306,0.2952224111625725,0.3714235736669945
2023-03-18 17:30:00,22-23,Chelsea,Everton,D,H,0.1286501298641813,0.25926281428796166,0.612087055847857
2023-03-19 14:00:00,22-23,Arsenal,Crystal Palace,H,H,0.04394390732536056,0.16201507642464993,0.7940410162499895
2023-04-01 12:30:00,22-23,Manchester City,Liverpool,H,H,0.1061262647706195,0.21458909464773948,0.679284640581641
2023-04-01 15:00:00,22-23,Nottingham Forest,Wolverhampton Wanderers,D,A,0.35440671411316155,0.2935016917894795,0.35209159409735896
2023-04-01 15:00:00,22-23,Crystal Palace,Leicester City,H,A,0.38307385360927787,0.2770439818403921,0.3398821645503301
2023-04-01 15:00:00,22-23,Bournemouth,Fulham,H,A,0.4651313048979437,0.23233189420966527,0.3025368008923911
2023-04-01 15:00:00,22-23,Arsenal,Leeds United,H,H,0.032684461865821295,0.15174527916593814,0.8155702589682405
2023-04-01 15:00:00,22-23,Brighton and Hove Albion,Brentford,D,H,0.20374237024066802,0.19961970356116127,0.5966379261981708
2023-04-01 17:30:00,22-23,Chelsea,Aston Villa,A,H,0.20255632205264493,0.255045855427558,0.5423978225197971
2023-04-02 14:00:00,22-23,West Ham United,Southampton,H,H,0.27309613271516897,0.2793836484750141,0.447520218809817
2023-04-02 16:30:00,22-23,Newcastle United,Manchester United,H,H,0.21469753990845714,0.22570431792775902,0.5595981421637838
2023-04-03 20:00:00,22-23,Everton,Tottenham Hotspur,D,A,0.6173881623951492,0.1789981673653351,0.2036136702395157
2023-04-04 19:45:00,22-23,Bournemouth,Brighton and Hove Albion,A,A,0.6011342029493724,0.2492037835358251,0.1496620135148026
2023-04-04 19:45:00,22-23,Leeds United,Nottingham Forest,H,A,0.38420721692456283,0.25530524743712746,0.3604875356383097
2023-04-04 19:45:00,22-23,Leicester City,Aston Villa,A,A,0.41171453688706655,0.23450275412824817,0.35378270898468533
2023-04-04 20:00:00,22-23,Chelsea,Liverpool,D,A,0.4274216173164621,0.22377991269784933,0.34879846998568864
2023-04-05 20:00:00,22-23,Manchester United,Brentford,H,H,0.23384212179594785,0.27812203439021016,0.488035843813842
2023-04-05 20:00:00,22-23,West Ham United,Newcastle United,A,A,0.6163654539125349,0.19650208796947047,0.18713245811799445
2023-04-08 12:30:00,22-23,Manchester United,Everton,H,H,0.11231898547717949,0.275421292608955,0.6122597219138655
2023-04-08 15:00:00,22-23,Aston Villa,Nottingham Forest,H,H,0.148368181517088,0.21595498784286754,0.6356768306400445
2023-04-08 15:00:00,22-23,Brentford,Newcastle United,A,A,0.5041085501712254,0.25936633610304355,0.23652511372573118
2023-04-08 15:00:00,22-23,Fulham,West Ham United,A,H,0.27298498712083186,0.3254584783789495,0.4015565345002188
2023-04-08 15:00:00,22-23,Leicester City,Bournemouth,A,H,0.2806583625943604,0.22254753550857692,0.4967941018970627
2023-04-08 15:00:00,22-23,Tottenham Hotspur,Brighton and Hove Albion,H,H,0.27219981680893485,0.2988954923007641,0.42890469089030103
2023-04-08 15:00:00,22-23,Wolverhampton Wanderers,Chelsea,H,A,0.5282272946843175,0.24795567297175286,0.22381703234392955
2023-04-08 17:30:00,22-23,Southampton,Manchester City,A,A,0.8653452069963092,0.08682496139637928,0.04782983160731141
2023-04-09 14:00:00,22-23,Leeds United,Crystal Palace,A,A,0.43874712791052817,0.2645829913832467,0.2966698807062252
2023-04-09 16:30:00,22-23,Liverpool,Arsenal,D,H,0.3542062829391072,0.25622265566090735,0.38957106139998543
2023-04-15 12:30:00,22-23,Aston Villa,Newcastle United,H,A,0.427823460462192,0.2340988828273312,0.33807765671047685
2023-04-15 15:00:00,22-23,Wolverhampton Wanderers,Brentford,H,A,0.4632664379648294,0.23310546547451214,0.3036280965606584
2023-04-15 15:00:00,22-23,Southampton,Crystal Palace,A,A,0.5724704680011052,0.2290212943288237,0.1985082376700712
2023-04-15 15:00:00,22-23,Tottenham Hotspur,Bournemouth,A,H,0.08296852082480778,0.21415294587324896,0.7028785333019432
2023-04-15 15:00:00,22-23,Chelsea,Brighton and Hove Albion,A,A,0.3739456519076375,0.25473016861036823,0.3713241794819944
2023-04-15 15:00:00,22-23,Everton,Fulham,A,A,0.5016677811034582,0.21058298493554875,0.28774923396099306
2023-04-15 17:30:00,22-23,Manchester City,Leicester City,H,H,0.022035531798656596,0.13886475076337934,0.8390997174379641
2023-04-16 14:00:00,22-23,West Ham United,Arsenal,D,A,0.703549696705894,0.15120229086048534,0.14524801243362054
2023-04-16 16:30:00,22-23,Nottingham Forest,Manchester United,A,A,0.5831736269466117,0.18799386477395544,0.22883250827943294
2023-04-17 20:00:00,22-23,Leeds United,Liverpool,A,A,0.7167154893542403,0.16142707477884208,0.12185743586691758
2023-04-21 20:00:00,22-23,Arsenal,Southampton,D,H,0.029623100790799283,0.17793479321248543,0.7924421059967153
2023-04-22 12:30:00,22-23,Fulham,Leeds United,H,H,0.20311789829259985,0.28327846383237226,0.5136036378750279
2023-04-22 15:00:00,22-23,Brentford,Aston Villa,D,H,0.35079939761084017,0.2699512455670728,0.379249356822087
2023-04-22 15:00:00,22-23,Crystal Palace,Everton,D,H,0.15220346868266754,0.2034139195475929,0.6443826117697397
2023-04-22 15:00:00,22-23,Leicester City,Wolverhampton Wanderers,H,A,0.403975729471745,0.23415095540716951,0.36187331512108556
2023-04-22 15:00:00,22-23,Liverpool,Nottingham Forest,H,H,0.0532082140267822,0.18321856347420445,0.7635732224990133
2023-04-23 14:00:00,22-23,Bournemouth,West Ham United,A,H,0.29594922416809133,0.26289598225951905,0.4411547935723897
2023-04-23 14:00:00,22-23,Newcastle United,Tottenham Hotspur,H,H,0.17307612814434375,0.20823802983013512,0.6186858420255212
2023-04-25 19:30:00,22-23,Wolverhampton Wanderers,Crystal Palace,H,A,0.399026792925335,0.2762342590320134,0.3247389480426516
2023-04-25 19:45:00,22-23,Aston Villa,Fulham,H,H,0.2007032791877462,0.20934123145568834,0.5899554893565655
2023-04-25 20:00:00,22-23,Leeds United,Leicester City,D,A,0.4695710075218625,0.2717498320625195,0.25867916041561806
2023-04-26 19:30:00,22-23,Nottingham Forest,Brighton and Hove Albion,H,A,0.672458552371719,0.21084210138772125,0.11669934624055976
2023-04-26 19:45:00,22-23,Chelsea,Brentford,A,H,0.3201774146849423,0.2446583166649685,0.43516426865008917
2023-04-26 19:45:00,22-23,West Ham United,Liverpool,A,A,0.5603058864626321,0.18795399027188311,0.25174012326548484
2023-04-26 20:00:00,22-23,Manchester City,Arsenal,H,H,0.1097568618928706,0.17709815881509963,0.7131449792920298
2023-04-27 19:45:00,22-23,Everton,Newcastle United,A,A,0.7284288118900412,0.1590872772437707,0.1124839108661882
2023-04-27 19:45:00,22-23,Southampton,Bournemouth,A,A,0.45107551477564395,0.23849179551659896,0.310432689707757
2023-04-27 20:15:00,22-23,Tottenham Hotspur,Manchester United,D,H,0.31793634302128,0.2719003017565917,0.41016335522212827
2023-04-29 12:30:00,22-23,Crystal Palace,West Ham United,H,H,0.26113930647532313,0.22187744370133844,0.5169832498233384
2023-04-29 15:00:00,22-23,Brentford,Nottingham Forest,H,H,0.1325590556420148,0.19365415157436514,0.6737867927836201
2023-04-29 15:00:00,22-23,Brighton and Hove Albion,Wolverhampton Wanderers,H,H,0.09888343343542506,0.16183471332809202,0.7392818532364829
2023-04-30 14:00:00,22-23,Bournemouth,Leeds United,H,H,0.2583610215351804,0.28515559776343563,0.456483380701384
2023-04-30 14:00:00,22-23,Fulham,Manchester City,A,A,0.7267987433598952,0.15980990212685242,0.11339135451325232
2023-04-30 14:00:00,22-23,Manchester United,Aston Villa,H,H,0.15687415439606572,0.23456654147540204,0.6085593041285322
2023-04-30 14:00:00,22-23,Newcastle United,Southampton,H,H,0.04284654102813592,0.1730070335581925,0.7841464254136715
2023-04-30 16:30:00,22-23,Liverpool,Tottenham Hotspur,H,H,0.10969626583583877,0.17913494638883776,0.7111687877753234
2023-05-01 20:00:00,22-23,Leicester City,Everton,D,H,0.27955581539416047,0.2284809684407271,0.49196321616511257
2023-05-02 20:00:00,22-23,Arsenal,Chelsea,H,H,0.11816902027116225,0.2993250328994279,0.5825059468294099
2023-05-03 20:00:00,22-23,Liverpool,Fulham,H,H,0.055102444213498025,0.14110708193523147,0.8037904738512704
2023-05-03 20:00:00,22-23,Manchester City,West Ham United,H,H,0.022102437672804388,0.14020876738509383,0.8376887949421017
2023-05-04 20:00:00,22-23,Brighton and Hove Albion,Manchester United,H,H,0.27031575190067775,0.21150301013330672,0.5181812379660155
2023-05-06 15:00:00,22-23,Bournemouth,Chelsea,A,H,0.3569723550701906,0.249741650399981,0.3932859945298284
2023-05-06 15:00:00,22-23,Manchester City,Leeds United,H,H,0.01327415623470699,0.11309744976311253,0.8736283940021805
2023-05-06 15:00:00,22-23,Tottenham Hotspur,Crystal Palace,H,H,0.1977941967859374,0.30342310335693035,0.49878269985713214
2023-05-06 15:00:00,22-23,Wolverhampton Wanderers,Aston Villa,H,A,0.49774067804557,0.24964125880693375,0.2526180631474963
2023-05-06 17:30:00,22-23,Liverpool,Brentford,H,H,0.0915817060962887,0.2033438257937265,0.7050744681099849
2023-05-07 16:30:00,22-23,Newcastle United,Arsenal,A,H,0.25374654808709535,0.1892971345240103,0.5569563173888944
2023-05-07 19:00:00,22-23,West Ham United,Manchester United,H,A,0.5756904897255679,0.2167597371994459,0.2075497730749862
2023-05-08 15:00:00,22-23,Fulham,Leicester City,H,H,0.2914351785930067,0.32046296230628435,0.38810185910070893
2023-05-08 17:30:00,22-23,Brighton and Hove Albion,Everton,A,H,0.07703205802373726,0.17109764217735526,0.7518702997989075
2023-05-08 20:00:00,22-23,Nottingham Forest,Southampton,H,H,0.29427938357997013,0.2853872015239757,0.42033341489605414
2023-05-13 12:30:00,22-23,Leeds United,Newcastle United,D,A,0.7818358403522272,0.1450339536218327,0.07313020602594013
2023-05-13 15:00:00,22-23,Aston Villa,Tottenham Hotspur,H,H,0.3164190500393529,0.21953459490198135,0.4640463550586657
2023-05-13 15:00:00,22-23,Chelsea,Nottingham Forest,D,H,0.16930729297157313,0.22997740522150267,0.6007153018069241
2023-05-13 15:00:00,22-23,Crystal Palace,Bournemouth,H,H,0.23554524370024202,0.24050960326090146,0.5239451530388565
2023-05-13 15:00:00,22-23,Manchester United,Wolverhampton Wanderers,H,H,0.08164582825051978,0.17511253265501547,0.7432416390944648
2023-05-13 15:00:00,22-23,Southampton,Fulham,A,A,0.6069641155204092,0.17675116413256775,0.216284720347023
2023-05-14 14:00:00,22-23,Brentford,West Ham United,H,H,0.2335694166720811,0.26142546710490844,0.5050051162230105
2023-05-14 14:00:00,22-23,Everton,Manchester City,A,A,0.8356044970867003,0.09865264527918832,0.0657428576341114
2023-05-14 16:30:00,22-23,Arsenal,Brighton and Hove Albion,A,H,0.12941736594238043,0.2869584579370546,0.5836241761205649
2023-05-15 20:00:00,22-23,Leicester City,Liverpool,A,A,0.6703979896500811,0.14480984749649317,0.18479216285342576
2023-05-18 19:30:00,22-23,Newcastle United,Brighton and Hove Albion,H,H,0.17474583683710812,0.22046411342672864,0.6047900497361632
2023-05-20 12:30:00,22-23,Tottenham Hotspur,Brentford,A,H,0.2740504473428092,0.30196940679657924,0.42398014586061156
2023-05-20 15:00:00,22-23,Bournemouth,Manchester United,A,A,0.5480684866075323,0.20618838987038396,0.24574312352208375
2023-05-20 15:00:00,22-23,Fulham,Crystal Palace,D,H,0.2980830612860506,0.28627746234508317,0.4156394763688663
2023-05-20 15:00:00,22-23,Liverpool,Aston Villa,D,H,0.08397609005294808,0.19396456940077625,0.7220593405462757
2023-05-20 15:00:00,22-23,Wolverhampton Wanderers,Everton,D,H,0.32485607105624126,0.3186330505394792,0.3565108784042795
2023-05-20 17:30:00,22-23,Nottingham Forest,Arsenal,H,A,0.7218926606210784,0.14169675595163073,0.1364105834272908
2023-05-21 13:30:00,22-23,West Ham United,Leeds United,H,H,0.3038370713975208,0.3089662185808318,0.3871967100216474
2023-05-21 14:00:00,22-23,Brighton and Hove Albion,Southampton,H,H,0.08685268313998433,0.2331311899955413,0.6800161268644743
2023-05-21 16:00:00,22-23,Manchester City,Chelsea,H,H,0.021670247922480353,0.1161369704283456,0.8621927816491741
2023-05-22 20:00:00,22-23,Newcastle United,Leicester City,D,H,0.06145938543557359,0.19415991378889907,0.7443807007755273
2023-05-24 20:00:00,22-23,Brighton and Hove Albion,Manchester City,D,A,0.5882801992612169,0.18380273744796216,0.227917063290821
2023-05-25 20:00:00,22-23,Manchester United,Chelsea,H,H,0.12404434064786396,0.21727950665120144,0.6586761527009346
2023-05-28 16:30:00,22-23,Aston Villa,Brighton and Hove Albion,H,H,0.3018140459128932,0.23217424588115484,0.46601170820595195
2023-05-28 16:30:00,22-23,Brentford,Manchester City,H,A,0.6070514454584444,0.1631998798378152,0.22974867470374047
2023-05-28 16:30:00,22-23,Crystal Palace,Nottingham Forest,D,H,0.2120382707770777,0.24834163810652007,0.5396200911164022
2023-05-28 16:30:00,22-23,Chelsea,Newcastle United,D,A,0.643691244832557,0.23100313711100812,0.12530561805643486
2023-05-28 16:30:00,22-23,Arsenal,Wolverhampton Wanderers,H,H,0.05336971418979067,0.18088099729281168,0.7657492885173978
2023-05-28 16:30:00,22-23,Everton,Bournemouth,H,H,0.35284162425460985,0.24683631542981865,0.40032206031557155
2023-05-28 16:30:00,22-23,Southampton,Liverpool,D,A,0.8325934356991697,0.10025072769224617,0.0671558366085842
2023-05-28 16:30:00,22-23,Leeds United,Tottenham Hotspur,A,A,0.6684594241520792,0.1865618607350711,0.14497871511284974
2023-05-28 16:30:00,22-23,Leicester City,West Ham United,H,A,0.4030301303678565,0.22083864257525682,0.37613122705688673
2023-05-28 16:30:00,22-23,Manchester United,Fulham,H,H,0.10278887739152534,0.18228506722703458,0.71492605538144
2023-08-11 20:00:00,23-24,Burnley,Manchester City,A,A,0.6100248842087558,0.15424436781794978,0.23573074797329435
2023-08-12 12:30:00,23-24,Arsenal,Nottingham Forest,H,H,0.08040934051254445,0.1961122500271103,0.7234784094603453
2023-08-12 15:00:00,23-24,Bournemouth,West Ham United,D,H,0.333948686071106,0.23743548927093555,0.42861582465795844
2023-08-12 15:00:00,23-24,Brighton and Hove Albion,Luton,H,H,0.30578029721327366,0.26578543778536257,0.42843426500136383
2023-08-12 15:00:00,23-24,Everton,Fulham,A,H,0.3678786929310754,0.22071098011070175,0.41141032695822294
2023-08-12 15:00:00,23-24,Sheffield United,Crystal Palace,A,H,0.2800088650883231,0.2667349187979776,0.4532562161136993
2023-08-12 17:30:00,23-24,Newcastle United,Aston Villa,H,H,0.15591792853263617,0.19264004490329945,0.6514420265640644
2023-08-13 14:00:00,23-24,Brentford,Tottenham Hotspur,D,H,0.24242793121919937,0.2126586432009786,0.5449134255798221
2023-08-13 16:30:00,23-24,Chelsea,Liverpool,D,A,0.4887438983563647,0.2426094794412066,0.2686466222024286
2023-08-14 20:00:00,23-24,Manchester United,Wolverhampton Wanderers,H,H,0.05683874946301719,0.0976894210026302,0.8454718295343526
2023-08-18 19:45:00,23-24,Nottingham Forest,Sheffield United,H,H,0.26244737059658213,0.16557380202916938,0.5719788273742485
2023-08-19 15:00:00,23-24,Fulham,Brentford,A,H,0.32696504637515195,0.26840741893526493,0.40462753468958323
2023-08-19 15:00:00,23-24,Liverpool,Bournemouth,H,H,0.08486188785923743,0.17099103948741515,0.7441470726533475
2023-08-19 15:00:00,23-24,Wolverhampton Wanderers,Brighton and Hove Albion,A,A,0.6845527543384797,0.22065236143573927,0.09479488422578113
2023-08-19 17:30:00,23-24,Tottenham Hotspur,Manchester United,H,H,0.3451375195481373,0.28650301288075547,0.3683594675711072
2023-08-19 20:00:00,23-24,Manchester City,Newcastle United,H,D,0.31345208691090326,0.3575329340159188,0.3290149790731779
2023-08-20 14:00:00,23-24,Aston Villa,Everton,H,H,0.14999551272052666,0.27037870136287606,0.5796257859165973
2023-08-20 16:30:00,23-24,West Ham United,Chelsea,H,A,0.39565617646473317,0.2425743245827774,0.36176949895248933
2023-08-21 20:00:00,23-24,Crystal Palace,Arsenal,A,A,0.45457344961276014,0.18696668426153615,0.3584598661257037
2023-08-25 20:00:00,23-24,Chelsea,Luton,H,H,0.11068717006037794,0.10874602798816511,0.780566801951457
2023-08-26 12:30:00,23-24,Bournemouth,Tottenham Hotspur,A,A,0.5830767010323211,0.22803517781192176,0.1888881211557571
2023-08-26 15:00:00,23-24,Arsenal,Fulham,D,H,0.05503246122497034,0.13622773055221243,0.8087398082228173
2023-08-26 15:00:00,23-24,Brentford,Crystal Palace,D,H,0.14993139249008472,0.19669122880660975,0.6533773787033056
2023-08-26 15:00:00,23-24,Everton,Wolverhampton Wanderers,A,H,0.224498192485848,0.1684893580609643,0.6070124494531877
2023-08-26 15:00:00,23-24,Manchester United,Nottingham Forest,H,H,0.11385308755718501,0.21260154001776443,0.6735453724250505
2023-08-26 17:30:00,23-24,Brighton and Hove Albion,West Ham United,A,H,0.17802981725884534,0.21862623915657758,0.6033439435845771
2023-08-27 14:00:00,23-24,Burnley,Aston Villa,A,A,0.4797709047160067,0.2559197126508019,0.26430938263319137
2023-08-27 14:00:00,23-24,Sheffield United,Manchester City,A,A,0.7322247349621126,0.16198171618094642,0.10579354885694085
2023-08-27 16:30:00,23-24,Newcastle United,Liverpool,A,H,0.2588899168605567,0.19546364214282633,0.545646440996617
2023-09-01 20:00:00,23-24,Luton,West Ham United,A,A,0.48907652179882716,0.37026546947897054,0.1406580087222023
2023-09-02 12:30:00,23-24,Sheffield United,Everton,D,H,0.2617240829587829,0.347481609942725,0.3907943070984922
2023-09-02 15:00:00,23-24,Brentford,Bournemouth,D,H,0.09834431122834981,0.15456389706976212,0.7470917917018881
2023-09-02 15:00:00,23-24,Burnley,Tottenham Hotspur,A,A,0.6245995283612041,0.23442018324816152,0.1409802883906343
2023-09-02 15:00:00,23-24,Chelsea,Nottingham Forest,A,H,0.2348013562516892,0.24441220395358362,0.5207864397947272
2023-09-02 15:00:00,23-24,Manchester City,Fulham,H,H,0.02186680030239899,0.07505238947880452,0.9030808102187965
2023-09-02 17:30:00,23-24,Brighton and Hove Albion,Newcastle United,H,A,0.394520208493672,0.25061209579218424,0.3548676957141437
2023-09-03 14:00:00,23-24,Crystal Palace,Wolverhampton Wanderers,H,H,0.179314324351353,0.18937280478932847,0.6313128708593185
2023-09-03 14:00:00,23-24,Liverpool,Aston Villa,H,H,0.14167456914590829,0.23582273102702073,0.622502699827071
2023-09-03 16:30:00,23-24,Arsenal,Manchester United,H,H,0.12790404130040414,0.19674571049679376,0.6753502482028021
2023-09-16 12:30:00,23-24,Wolverhampton Wanderers,Liverpool,A,A,0.686429550778371,0.19575421824812206,0.11781623097350705
2023-09-16 15:00:00,23-24,Aston Villa,Crystal Palace,H,H,0.23311890547739153,0.2694915344984521,0.49738956002415646
2023-09-16 15:00:00,23-24,Fulham,Luton,H,H,0.19693089410612435,0.20791177602801753,0.5951573298658581
2023-09-16 15:00:00,23-24,Manchester United,Brighton and Hove Albion,A,H,0.2449234327475535,0.2436836592989509,0.5113929079534956
2023-09-16 15:00:00,23-24,Tottenham Hotspur,Sheffield United,H,H,0.09437890294275235,0.13095898727379604,0.7746621097834516
2023-09-16 15:00:00,23-24,West Ham United,Manchester City,A,A,0.684252549682661,0.1714190802831538,0.1443283700341852
2023-09-16 17:30:00,23-24,Newcastle United,Brentford,H,H,0.2552586065936021,0.27372539932078,0.4710159940856178
2023-09-17 14:00:00,23-24,Bournemouth,Chelsea,D,A,0.5081823499104244,0.30146032930177996,0.1903573207877955
2023-09-17 16:30:00,23-24,Everton,Arsenal,A,A,0.6578332758823777,0.18371123717287363,0.1584554869447486
2023-09-18 19:45:00,23-24,Nottingham Forest,Burnley,D,H,0.15837162713350253,0.19998201462112908,0.6416463582453684
2023-09-23 15:00:00,23-24,Crystal Palace,Fulham,D,H,0.1709362427811057,0.16141787496756702,0.6676458822513273
2023-09-23 15:00:00,23-24,Luton,Wolverhampton Wanderers,D,H,0.28102091465714246,0.26221829894592397,0.45676078639693357
2023-09-23 15:00:00,23-24,Manchester City,Nottingham Forest,H,H,0.02168802304915747,0.08873686515493076,0.8895751117959118
2023-09-23 17:30:00,23-24,Brentford,Everton,A,H,0.12485950157103928,0.20412357571615994,0.6710169227128008
2023-09-23 20:00:00,23-24,Burnley,Manchester United,A,A,0.5219206986726522,0.21186033233161627,0.2662189689957314
2023-09-24 14:00:00,23-24,Arsenal,Tottenham Hotspur,D,H,0.15269514195314815,0.22676022541147595,0.6205446326353758
2023-09-24 14:00:00,23-24,Brighton and Hove Albion,Bournemouth,H,H,0.097275495888171,0.1669552403097578,0.7357692638020712
2023-09-24 14:00:00,23-24,Chelsea,Aston Villa,A,H,0.32420136205767736,0.20174181649360204,0.4740568214487204
2023-09-24 14:00:00,23-24,Liverpool,West Ham United,H,H,0.06515244117180165,0.1577871050314182,0.7770604537967802
2023-09-24 16:30:00,23-24,Sheffield United,Newcastle United,A,A,0.5774246571522308,0.24868358551951028,0.17389175732825887
2023-09-30 12:30:00,23-24,Aston Villa,Brighton and Hove Albion,H,H,0.2731401251984628,0.2329043067581228,0.49395556804341434
2023-09-30 15:00:00,23-24,Manchester United,Crystal Palace,A,H,0.16066828293987284,0.23062704149668664,0.6087046755634405
2023-09-30 15:00:00,23-24,Everton,Luton,A,H,0.3152099237737106,0.2071874890788733,0.4776025871474162
2023-09-30 15:00:00,23-24,Bournemouth,Arsenal,A,A,0.6738940954020487,0.19512213331320574,0.13098377128474567
2023-09-30 15:00:00,23-24,Newcastle United,Burnley,H,H,0.05162760462129791,0.12065321931534062,0.8277191760633615
2023-09-30 15:00:00,23-24,Wolverhampton Wanderers,Manchester City,H,A,0.7768429798052479,0.15575888331005203,0.06739813688470013
2023-09-30 15:00:00,23-24,West Ham United,Sheffield United,H,H,0.15840838608411914,0.16845259161569728,0.6731390223001837
2023-09-30 17:30:00,23-24,Tottenham Hotspur,Liverpool,H,H,0.35755480073460866,0.2492188552759577,0.3932263439894336
2023-10-01 14:00:00,23-24,Nottingham Forest,Brentford,D,A,0.4508837854705366,0.26304086605458804,0.2860753484748754
2023-10-02 20:00:00,23-24,Fulham,Chelsea,A,A,0.36365485064374126,0.34020069785946666,0.29614445149679214
2023-10-03 19:30:00,23-24,Luton,Burnley,A,H,0.19647431058561662,0.22644442468720677,0.5770812647271767
2023-10-07 12:30:00,23-24,Luton,Tottenham Hotspur,A,A,0.5229244505812604,0.23780740206694428,0.23926814735179527
2023-10-07 15:00:00,23-24,Everton,Bournemouth,H,H,0.21817028414774792,0.1634669530226375,0.6183627628296147
2023-10-07 15:00:00,23-24,Burnley,Chelsea,A,A,0.5037167449521976,0.2930096878018275,0.20327356724597495
2023-10-07 15:00:00,23-24,Manchester United,Brentford,H,H,0.23128944945721622,0.23612954874974265,0.5325810017930411
2023-10-07 15:00:00,23-24,Fulham,Sheffield United,H,H,0.12633824500404997,0.14473869281102897,0.7289230621849212
2023-10-07 17:30:00,23-24,Crystal Palace,Nottingham Forest,D,H,0.2157559308044663,0.21778198142137872,0.566462087774155
2023-10-08 14:00:00,23-24,Brighton and Hove Albion,Liverpool,D,A,0.3939043662463877,0.24442346998977751,0.3616721637638348
2023-10-08 14:00:00,23-24,West Ham United,Newcastle United,D,A,0.5813719259680403,0.26134474768221594,0.1572833263497437
2023-10-08 14:00:00,23-24,Wolverhampton Wanderers,Aston Villa,D,A,0.5167441491896589,0.2611016398614985,0.22215421094884272
2023-10-08 16:30:00,23-24,Arsenal,Manchester City,H,H,0.2720660886637976,0.19830932400526172,0.5296245873309408
2023-10-21 12:30:00,23-24,Liverpool,Everton,H,H,0.06626770354711055,0.21941807135611222,0.7143142250967773
2023-10-21 15:00:00,23-24,Bournemouth,Wolverhampton Wanderers,A,A,0.40680072627070013,0.25800731908174507,0.3351919546475548
2023-10-21 15:00:00,23-24,Brentford,Burnley,H,H,0.12296743220758934,0.19936918409997167,0.677663383692439
2023-10-21 15:00:00,23-24,Manchester City,Brighton and Hove Albion,H,H,0.07008610896111189,0.16170653236910634,0.7682073586697817
2023-10-21 15:00:00,23-24,Newcastle United,Crystal Palace,H,H,0.09281929701115246,0.14739493922873786,0.7597857637601098
2023-10-21 15:00:00,23-24,Nottingham Forest,Luton,D,H,0.2660770168920823,0.2530561273256362,0.48086685578228155
2023-10-21 17:30:00,23-24,Chelsea,Arsenal,D,A,0.49337944342460627,0.19760386883204323,0.3090166877433506
2023-10-21 20:00:00,23-24,Sheffield United,Manchester United,A,A,0.5603304541832155,0.2373897887775817,0.20227975703920273
2023-10-22 16:30:00,23-24,Aston Villa,West Ham United,H,H,0.16417110256786263,0.20975680369875335,0.626072093733384
2023-10-23 20:00:00,23-24,Tottenham Hotspur,Fulham,H,H,0.10214838312864397,0.17696542192175624,0.7208861949495997
2023-10-27 20:00:00,23-24,Crystal Palace,Tottenham Hotspur,A,A,0.5127300655352388,0.2718040550621419,0.21546587940261921
2023-10-28 12:30:00,23-24,Chelsea,Brentford,A,H,0.3514199764008321,0.22886303138062955,0.41971699221853837
2023-10-28 15:00:00,23-24,Arsenal,Sheffield United,H,H,0.024357682904953423,0.07714941019977077,0.8984929068952758
2023-10-28 15:00:00,23-24,Bournemouth,Burnley,H,H,0.3116425606602811,0.2609762695211572,0.42738116981856156
2023-10-28 17:30:00,23-24,Wolverhampton Wanderers,Newcastle United,D,A,0.6076650701558187,0.2688745116139257,0.12346041823025557
2023-10-29 13:00:00,23-24,West Ham United,Everton,A,D,0.2924276260933659,0.36209747111041307,0.345474902796221
2023-10-29 14:00:00,23-24,Aston Villa,Luton,H,H,0.08784123042785243,0.1616264174707475,0.7505323521014001
2023-10-29 14:00:00,23-24,Brighton and Hove Albion,Fulham,D,H,0.14927980698612614,0.2143034486702765,0.6364167443435974
2023-10-29 14:00:00,23-24,Liverpool,Nottingham Forest,H,H,0.06852014665634873,0.1622555838082022,0.7692242695354491
2023-10-29 15:30:00,23-24,Manchester United,Manchester City,A,A,0.45919370282393623,0.21463412672478024,0.3261721704512836
2023-11-04 12:30:00,23-24,Fulham,Manchester United,A,H,0.26994698701395337,0.18739631671724957,0.5426566962687971
2023-11-04 15:00:00,23-24,Sheffield United,Wolverhampton Wanderers,H,A,0.43357562517316645,0.3184525027841139,0.24797187204271956
2023-11-04 15:00:00,23-24,Manchester City,Bournemouth,H,H,0.014489735516205868,0.07497158660221846,0.9105386778815757
2023-11-04 15:00:00,23-24,Burnley,Crystal Palace,A,A,0.47954861795043036,0.24173086758657306,0.2787205144629967
2023-11-04 15:00:00,23-24,Brentford,West Ham United,H,H,0.18744872533854456,0.2000580327398213,0.6124932419216341
2023-11-04 15:00:00,23-24,Everton,Brighton and Hove Albion,D,A,0.5057021490551469,0.19254024767497044,0.3017576032698826
2023-11-04 17:30:00,23-24,Newcastle United,Arsenal,H,H,0.24166523423946826,0.16446600380500492,0.5938687619555268
2023-11-05 14:00:00,23-24,Nottingham Forest,Aston Villa,H,A,0.5130251759947789,0.2550235398733855,0.23195128413183558
2023-11-05 16:30:00,23-24,Luton,Liverpool,D,A,0.7137857502684365,0.1935760566703662,0.09263819306119728
2023-11-06 20:00:00,23-24,Tottenham Hotspur,Chelsea,A,H,0.12581025791517886,0.2249487040691908,0.6492410380156304
2023-11-11 12:30:00,23-24,Wolverhampton Wanderers,Tottenham Hotspur,H,A,0.4712028198776223,0.21922654816993678,0.3095706319524409
2023-11-11 15:00:00,23-24,Arsenal,Burnley,H,H,0.02663774180774934,0.1072942432673317,0.866068014924919
2023-11-11 15:00:00,23-24,Crystal Palace,Everton,A,H,0.2729883366397604,0.33359018216659253,0.393421481193647
2023-11-11 15:00:00,23-24,Manchester United,Luton,H,H,0.10991216155017532,0.19271566792784625,0.6973721705219784
2023-11-11 17:30:00,23-24,Bournemouth,Newcastle United,H,A,0.7272850972164905,0.20620345874166116,0.0665114440418484
2023-11-12 14:00:00,23-24,Brighton and Hove Albion,Sheffield United,D,H,0.07511852308080774,0.13811803866520836,0.786763438253984
2023-11-12 14:00:00,23-24,Aston Villa,Fulham,H,H,0.12645277103074576,0.17426353390831897,0.6992836950609352
2023-11-12 14:00:00,23-24,West Ham United,Nottingham Forest,H,H,0.30199375537739853,0.24574632070453972,0.4522599239180618
2023-11-12 14:00:00,23-24,Liverpool,Brentford,H,H,0.10677834165015228,0.20450825656765298,0.6887134017821949
2023-11-12 16:30:00,23-24,Chelsea,Manchester City,D,A,0.6345911145435189,0.15630552765511235,0.20910335780136874
2023-11-25 12:30:00,23-24,Manchester City,Liverpool,D,H,0.13819550161351787,0.1998335403396702,0.6619709580468119
2023-11-25 15:00:00,23-24,Burnley,West Ham United,A,A,0.5426791196802369,0.24149469598798393,0.21582618433177927
2023-11-25 15:00:00,23-24,Luton,Crystal Palace,H,A,0.4487616920789134,0.2843086150972138,0.26692969282387286
2023-11-25 15:00:00,23-24,Newcastle United,Chelsea,H,H,0.1770870409802003,0.2600947938882646,0.562818165131535
2023-11-25 15:00:00,23-24,Nottingham Forest,Brighton and Hove Albion,A,A,0.4837857139855829,0.2270727456367501,0.289141540377667
2023-11-25 15:00:00,23-24,Sheffield United,Bournemouth,A,H,0.2718809551288221,0.28038127810209,0.4477377667690879
2023-11-25 17:30:00,23-24,Brentford,Arsenal,A,A,0.44030366738555177,0.20624338295125863,0.3534529496631895
2023-11-26 14:00:00,23-24,Tottenham Hotspur,Aston Villa,A,H,0.32550179741488183,0.3195067833669495,0.3549914192181687
2023-11-26 16:30:00,23-24,Everton,Manchester United,A,H,0.3718954244888146,0.1911933962308078,0.43691117928037754
2023-11-27 20:00:00,23-24,Fulham,Wolverhampton Wanderers,H,H,0.29124418170693644,0.27817135645000085,0.43058446184306254
2023-12-02 15:00:00,23-24,Arsenal,Wolverhampton Wanderers,H,H,0.058351968471879206,0.16682425347714216,0.7748237780509787
2023-12-02 15:00:00,23-24,Brentford,Luton,H,H,0.10047494417374836,0.13200145136691846,0.7675236044593332
2023-12-02 15:00:00,23-24,Burnley,Sheffield United,H,H,0.34325463198444184,0.2319986786925454,0.4247466893230128
2023-12-02 17:30:00,23-24,Nottingham Forest,Everton,A,H,0.2720310386567365,0.2599894399503558,0.46797952139290766
2023-12-02 20:00:00,23-24,Newcastle United,Manchester United,H,H,0.12188940900427798,0.14783946128580136,0.7302711297099207
2023-12-03 14:00:00,23-24,Bournemouth,Aston Villa,D,A,0.561424357165014,0.23002338228652974,0.2085522605484562
2023-12-03 14:00:00,23-24,Chelsea,Brighton and Hove Albion,H,H,0.36096591289564167,0.21124277832184143,0.42779130878251687
2023-12-03 14:00:00,23-24,Liverpool,Fulham,H,H,0.053721702237619816,0.12799853798643007,0.8182797597759501
2023-12-03 14:00:00,23-24,West Ham United,Crystal Palace,D,H,0.3003070436881362,0.24430707522235148,0.4553858810895124
2023-12-03 16:30:00,23-24,Manchester City,Tottenham Hotspur,D,H,0.05789701945471771,0.11398030538533466,0.8281226751599476
2023-12-05 19:30:00,23-24,Wolverhampton Wanderers,Burnley,H,H,0.24873277256491166,0.2983454469838666,0.4529217804512217
2023-12-05 20:15:00,23-24,Luton,Arsenal,A,A,0.714085455491247,0.20632226047499214,0.07959228403376084
2023-12-06 19:30:00,23-24,Brighton and Hove Albion,Brentford,H,H,0.2698803639544712,0.282977818335549,0.44714181770997974
2023-12-06 19:30:00,23-24,Crystal Palace,Bournemouth,A,H,0.2296639086203426,0.29902905988354855,0.471307031496109
2023-12-06 19:30:00,23-24,Fulham,Nottingham Forest,H,H,0.2847139044281648,0.26870306685175016,0.44658302872008504
2023-12-06 19:30:00,23-24,Sheffield United,Liverpool,A,A,0.7330976459123971,0.17386921707018296,0.09303313701741983
2023-12-06 20:15:00,23-24,Aston Villa,Manchester City,H,A,0.4596299971028345,0.21347945891483802,0.3268905439823275
2023-12-06 20:15:00,23-24,Manchester United,Chelsea,H,H,0.22934315250918122,0.3195157487893475,0.4511410987014713
2023-12-07 19:30:00,23-24,Everton,Newcastle United,H,A,0.5757512573441183,0.20566480924191183,0.21858393341396995
2023-12-07 20:15:00,23-24,Tottenham Hotspur,West Ham United,A,H,0.21879846579973874,0.3277668154818675,0.45343471871839386
2023-12-09 12:30:00,23-24,Crystal Palace,Liverpool,A,A,0.6055468922870805,0.1800300743627537,0.21442303335016585
2023-12-09 15:00:00,23-24,Brighton and Hove Albion,Burnley,D,H,0.12118902902081673,0.26059953261332475,0.6182114383658585
2023-12-09 15:00:00,23-24,Manchester United,Bournemouth,A,H,0.10965145294471586,0.26940330747154406,0.62094523958374
2023-12-09 15:00:00,23-24,Sheffield United,Brentford,H,A,0.5677132325169204,0.24978088431973636,0.18250588316334335
2023-12-09 15:00:00,23-24,Wolverhampton Wanderers,Nottingham Forest,D,H,0.2634296041189086,0.2441409214988837,0.4924294743822076
2023-12-09 17:30:00,23-24,Aston Villa,Arsenal,H,H,0.33712600340593285,0.23137378634984587,0.4315002102442214
2023-12-10 14:00:00,23-24,Everton,Chelsea,H,H,0.3587512497111042,0.24168726245517452,0.3995614878337213
2023-12-10 14:00:00,23-24,Fulham,West Ham United,H,H,0.27040941698524207,0.25301254284303915,0.47657804017171873
2023-12-10 14:00:00,23-24,Luton,Manchester City,A,A,0.7813817898702676,0.14931823442627015,0.06929997570346229
2023-12-10 16:30:00,23-24,Tottenham Hotspur,Newcastle United,H,A,0.37858869640390685,0.28720459797503406,0.33420670562105903
2023-12-15 20:00:00,23-24,Nottingham Forest,Tottenham Hotspur,A,A,0.5683603467561783,0.1956501757997723,0.23598947744404936
2023-12-16 15:00:00,23-24,Chelsea,Sheffield United,H,H,0.1471350433618837,0.19932054877040004,0.6535444078677163
2023-12-16 15:00:00,23-24,Manchester City,Crystal Palace,D,H,0.05590858984522439,0.17114799038978265,0.7729434197649929
2023-12-16 15:00:00,23-24,Newcastle United,Fulham,H,H,0.18567298428903548,0.2892778908361722,0.5250491248747924
2023-12-16 17:30:00,23-24,Burnley,Everton,A,A,0.45333793260917826,0.28008590022517943,0.26657616716564236
2023-12-17 14:00:00,23-24,Arsenal,Brighton and Hove Albion,H,H,0.07864608363278529,0.14186879791369644,0.7794851184535183
2023-12-17 14:00:00,23-24,Brentford,Aston Villa,A,H,0.34038418148494265,0.2129747021038956,0.44664111641116183
2023-12-17 14:00:00,23-24,West Ham United,Wolverhampton Wanderers,H,H,0.24867193847111774,0.24714226408209664,0.5041857974467856
2023-12-17 16:30:00,23-24,Liverpool,Manchester United,D,H,0.09059708600100948,0.17243480703772493,0.7369681069612655
2023-12-21 20:00:00,23-24,Crystal Palace,Brighton and Hove Albion,D,H,0.39170893492666836,0.21567907449316293,0.39261199058016877
2023-12-22 20:00:00,23-24,Aston Villa,Sheffield United,D,H,0.044725677722895846,0.12610011049044634,0.8291742117866578
2023-12-23 12:30:00,23-24,West Ham United,Manchester United,H,H,0.32177929527238536,0.1882684391295666,0.489952265598048
2023-12-23 15:00:00,23-24,Luton,Newcastle United,H,A,0.6434549633281659,0.23516216824603617,0.12138286842579793
2023-12-23 15:00:00,23-24,Fulham,Burnley,A,H,0.1605237927081846,0.25213782758105163,0.5873383797107637
2023-12-23 15:00:00,23-24,Tottenham Hotspur,Everton,H,H,0.15479751671977277,0.2864465386395329,0.5587559446406943
2023-12-23 15:00:00,23-24,Nottingham Forest,Bournemouth,A,A,0.36046866442508785,0.3328372407682277,0.3066940948066844
2023-12-23 17:30:00,23-24,Liverpool,Arsenal,D,H,0.22046322085136363,0.24883771760685883,0.5306990615417775
2023-12-24 13:00:00,23-24,Wolverhampton Wanderers,Chelsea,H,A,0.42143417934573296,0.2724374966199733,0.3061283240342937
2023-12-26 12:30:00,23-24,Newcastle United,Nottingham Forest,A,H,0.10825731580592236,0.19483489819192393,0.6969077860021536
2023-12-26 15:00:00,23-24,Bournemouth,Fulham,H,H,0.23820821901613265,0.19778146578905306,0.5640103151948143
2023-12-26 15:00:00,23-24,Sheffield United,Luton,A,H,0.31845245991779514,0.24446089525733183,0.43708664482487297
2023-12-26 17:30:00,23-24,Burnley,Liverpool,A,A,0.7361581722755239,0.14838578577558803,0.11545604194888814
2023-12-26 20:00:00,23-24,Manchester United,Aston Villa,H,H,0.30218305443101423,0.25207425169014747,0.4457426938788384
2023-12-27 19:30:00,23-24,Brentford,Wolverhampton Wanderers,A,H,0.1960418886527548,0.21370127557619129,0.5902568357710538
2023-12-27 19:30:00,23-24,Chelsea,Crystal Palace,H,H,0.2675961711419262,0.23370095705962488,0.4987028717984489
2023-12-27 20:15:00,23-24,Everton,Manchester City,A,A,0.6385806347049465,0.15226226306469146,0.209157102230362
2023-12-28 19:30:00,23-24,Brighton and Hove Albion,Tottenham Hotspur,H,H,0.30748134533464017,0.23357087476226673,0.45894777990309316
2023-12-28 20:15:00,23-24,Arsenal,West Ham United,A,H,0.052658915731000934,0.1366527595482186,0.8106883247207805
2023-12-30 12:30:00,23-24,Luton,Chelsea,A,A,0.48178335208504175,0.3172446883613774,0.20097195955358094
2023-12-30 15:00:00,23-24,Crystal Palace,Brentford,H,A,0.44353837269542773,0.27078156820486654,0.28568005909970573
2023-12-30 15:00:00,23-24,Aston Villa,Burnley,H,H,0.056705201936501824,0.15647521319790425,0.7868195848655939
2023-12-30 15:00:00,23-24,Wolverhampton Wanderers,Everton,H,H,0.3056053116722614,0.29658668206014027,0.3978080062675984
2023-12-30 15:00:00,23-24,Manchester City,Sheffield United,H,H,0.022117423949571967,0.10954997035637191,0.8683326056940561
2023-12-30 17:30:00,23-24,Nottingham Forest,Manchester United,H,A,0.48840579271393614,0.20144344915777937,0.3101507581282846
2023-12-31 14:00:00,23-24,Fulham,Arsenal,H,A,0.6290657696975269,0.19375768461540824,0.17717654568706476
2023-12-31 14:00:00,23-24,Tottenham Hotspur,Bournemouth,H,H,0.14885160710799683,0.2906365775367999,0.5605118153552033
2024-01-01 20:00:00,23-24,Liverpool,Newcastle United,H,H,0.12716821109525012,0.1811267016985156,0.6917050872062342
2024-01-02 19:30:00,23-24,West Ham United,Brighton and Hove Albion,D,H,0.3293451176020818,0.25258902885295487,0.4180658535449633
2024-01-12 19:45:00,23-24,Burnley,Luton,D,A,0.4304534737108246,0.2542781322694566,0.31526839401971873
2024-01-13 12:30:00,23-24,Chelsea,Fulham,H,H,0.19005581824072956,0.18658157392525662,0.6233626078340139
2024-01-13 17:30:00,23-24,Newcastle United,Manchester City,A,A,0.5288805742064316,0.23148660807978785,0.23963281771378048
2024-01-14 14:00:00,23-24,Everton,Aston Villa,D,A,0.5221000923730246,0.22070994878454828,0.25718995884242707
2024-01-14 16:30:00,23-24,Manchester United,Tottenham Hotspur,D,H,0.27362118497050697,0.27075956606384594,0.45561924896564704
2024-01-20 12:30:00,23-24,Arsenal,Crystal Palace,H,H,0.0699031191294735,0.1614277522005966,0.76866912866993
2024-01-20 17:30:00,23-24,Brentford,Nottingham Forest,H,H,0.24618956497071068,0.26437454669543603,0.4894358883338533
2024-01-21 14:00:00,23-24,Sheffield United,West Ham United,D,A,0.4438602982981346,0.22866468480204186,0.32747501689982356
2024-01-21 16:30:00,23-24,Bournemouth,Liverpool,A,A,0.5883753689238436,0.18686953188793465,0.22475509918822176
2024-01-22 19:45:00,23-24,Brighton and Hove Albion,Wolverhampton Wanderers,D,H,0.1577904905358045,0.2273091484087312,0.6149003610554643
2024-01-30 19:30:00,23-24,Nottingham Forest,Arsenal,A,A,0.6868830333769427,0.18059735300769614,0.13251961361536127
2024-01-30 19:45:00,23-24,Fulham,Everton,D,A,0.3594842870528347,0.29485937827840575,0.34565633466875945
2024-01-30 19:45:00,23-24,Luton,Brighton and Hove Albion,H,A,0.5037449103420667,0.23673452976698522,0.2595205598909481
2024-01-30 20:00:00,23-24,Crystal Palace,Sheffield United,H,H,0.25735896823022003,0.2767298951306627,0.4659111366391173
2024-01-30 20:15:00,23-24,Aston Villa,Newcastle United,A,H,0.16366334017911455,0.1636916170705726,0.672645042750313
2024-01-31 19:30:00,23-24,Manchester City,Burnley,H,H,0.016943880789678473,0.09258609744349539,0.8904700217668261
2024-01-31 19:30:00,23-24,Tottenham Hotspur,Brentford,H,H,0.1934700900810705,0.25806479170220215,0.5484651182167274
2024-01-31 20:15:00,23-24,Liverpool,Chelsea,H,H,0.0537871673616727,0.15793191383978106,0.7882809187985463
2024-02-01 19:30:00,23-24,West Ham United,Bournemouth,D,H,0.21765190503931064,0.28286101378447936,0.49948708117620993
2024-02-01 20:15:00,23-24,Wolverhampton Wanderers,Manchester United,A,H,0.3231844123052969,0.18486247317308424,0.49195311452161883
2024-02-03 12:30:00,23-24,Everton,Tottenham Hotspur,D,A,0.4826824772760667,0.22740077950998977,0.2899167432139434
2024-02-03 15:00:00,23-24,Brighton and Hove Albion,Crystal Palace,H,H,0.14608894356872368,0.20172355248898358,0.6521875039422929
2024-02-03 15:00:00,23-24,Burnley,Fulham,D,A,0.49959595379201405,0.22756110958106282,0.27284293662692316
2024-02-03 15:00:00,23-24,Newcastle United,Luton,D,H,0.17078449919678265,0.3126989991696658,0.5165165016335515
2024-02-03 17:30:00,23-24,Sheffield United,Aston Villa,A,A,0.6329948011224436,0.17660228904967049,0.19040290982788594
2024-02-04 14:00:00,23-24,Bournemouth,Nottingham Forest,D,H,0.216405099275179,0.23133983673788489,0.5522550639869361
2024-02-04 14:00:00,23-24,Chelsea,Wolverhampton Wanderers,A,H,0.23619006712716578,0.2679852470876797,0.4958246857851545
2024-02-04 14:00:00,23-24,Manchester United,West Ham United,H,H,0.16850518896973526,0.2300840194490764,0.6014107915811884
2024-02-04 16:30:00,23-24,Arsenal,Liverpool,H,H,0.27595076345467767,0.2451533354830841,0.47889590106223834
2024-02-05 20:00:00,23-24,Brentford,Manchester City,A,A,0.6198106777178987,0.18572847389382113,0.19446084838828015
2024-02-10 12:30:00,23-24,Manchester City,Everton,H,H,0.04121077941477549,0.13584454341890442,0.8229446771663202
2024-02-10 15:00:00,23-24,Wolverhampton Wanderers,Brentford,A,H,0.2774495598752017,0.23203963635299168,0.49051080377180667
2024-02-10 15:00:00,23-24,Fulham,Bournemouth,H,H,0.3411309698676182,0.28657215018301335,0.3722968799493684
2024-02-10 15:00:00,23-24,Liverpool,Burnley,H,H,0.025483336360824553,0.10747307847445572,0.8670435851647197
2024-02-10 15:00:00,23-24,Luton,Sheffield United,A,H,0.20743371179782708,0.23896224826756418,0.5536040399346087
2024-02-10 15:00:00,23-24,Tottenham Hotspur,Brighton and Hove Albion,H,H,0.2200018547505758,0.26335353471035217,0.5166446105390721
2024-02-10 17:30:00,23-24,Nottingham Forest,Newcastle United,A,A,0.49079807016580707,0.1840656468899203,0.3251362829442726
2024-02-11 14:00:00,23-24,West Ham United,Arsenal,A,A,0.5761651238407965,0.22955148519993973,0.1942833909592637
2024-02-11 16:30:00,23-24,Aston Villa,Manchester United,A,H,0.1553542727375831,0.1796323826496736,0.6650133446127433
2024-02-12 20:00:00,23-24,Crystal Palace,Chelsea,A,A,0.3738420242048671,0.2844489015682811,0.3417090742268518
2024-02-17 12:30:00,23-24,Brentford,Liverpool,A,A,0.6290500144866785,0.21523311013594915,0.15571687537737225
2024-02-17 15:00:00,23-24,Burnley,Arsenal,A,A,0.786017636511325,0.15320317221806537,0.060779191270609705
2024-02-17 15:00:00,23-24,Fulham,Aston Villa,A,A,0.5000672655787655,0.23668040928821787,0.2632523251330166
2024-02-17 15:00:00,23-24,Newcastle United,Bournemouth,D,H,0.22621032799600715,0.30869707418108644,0.46509259782290646
2024-02-17 15:00:00,23-24,Nottingham Forest,West Ham United,H,A,0.4161432294539184,0.2078944390281703,0.3759623315179113
2024-02-17 15:00:00,23-24,Tottenham Hotspur,Wolverhampton Wanderers,A,H,0.13733505212170205,0.23114756883506893,0.631517379043229
2024-02-17 17:30:00,23-24,Manchester City,Chelsea,D,H,0.03164452355074767,0.10762414268758222,0.8607313337616701
2024-02-18 14:00:00,23-24,Sheffield United,Brighton and Hove Albion,A,A,0.5556141807118308,0.21767298231692395,0.2267128369712453
2024-02-18 16:30:00,23-24,Luton,Manchester United,A,H,0.39019233330142156,0.18242154157554,0.42738612512303853
2024-02-19 20:00:00,23-24,Everton,Crystal Palace,D,H,0.23854850309387546,0.2231864198029213,0.5382650771032033
2024-02-20 19:30:00,23-24,Manchester City,Brentford,H,H,0.03277627008267065,0.11280546238129463,0.8544182675360347
2024-02-21 19:30:00,23-24,Liverpool,Luton,H,H,0.04281749481687248,0.14955497102788703,0.8076275341552405
2024-02-24 15:00:00,23-24,Brighton and Hove Albion,Everton,D,H,0.21434144787958176,0.2706780835448933,0.5149804685755249
2024-02-24 15:00:00,23-24,Aston Villa,Nottingham Forest,H,H,0.13076710234966266,0.2466004494946274,0.62263244815571
2024-02-24 15:00:00,23-24,Manchester United,Fulham,A,H,0.10474475452694161,0.1859270522955687,0.7093281931774896
2024-02-24 15:00:00,23-24,Crystal Palace,Burnley,H,H,0.26671123966527677,0.3042738331146147,0.42901492722010853
2024-02-24 17:30:00,23-24,Bournemouth,Manchester City,A,A,0.6373172646394366,0.1725859597809145,0.1900967755796487
2024-02-24 20:00:00,23-24,Arsenal,Newcastle United,H,H,0.06098099497239366,0.1067769253610681,0.8322420796665383
2024-02-25 13:30:00,23-24,Wolverhampton Wanderers,Sheffield United,H,H,0.14048808800238569,0.21363340753166105,0.6458785044659532
2024-02-26 20:00:00,23-24,West Ham United,Brentford,H,H,0.3047154686933373,0.24990202315822968,0.44538250814843294
2024-03-02 15:00:00,23-24,Brentford,Chelsea,D,A,0.37557098306204545,0.25689940908050046,0.36752960785745403
2024-03-02 15:00:00,23-24,Everton,West Ham United,A,H,0.29294879056741013,0.19147516238705,0.5155760470455398
2024-03-02 15:00:00,23-24,Fulham,Brighton and Hove Albion,H,A,0.4181281669962803,0.262758894357566,0.3191129386461537
2024-03-02 15:00:00,23-24,Newcastle United,Wolverhampton Wanderers,H,H,0.18531447843773685,0.2428896197783818,0.5717959017838814
2024-03-02 15:00:00,23-24,Nottingham Forest,Liverpool,A,A,0.7055137514874436,0.16469140603510274,0.1297948424774537
2024-03-02 15:00:00,23-24,Tottenham Hotspur,Crystal Palace,H,H,0.12004193985697087,0.2195534257118924,0.6604046344311366
2024-03-02 17:30:00,23-24,Luton,Aston Villa,A,A,0.5588886790936408,0.2101964231863192,0.23091489772003984
2024-03-03 13:00:00,23-24,Burnley,Bournemouth,A,A,0.5683804110788415,0.25084518847565124,0.18077440044550713
2024-03-03 15:30:00,23-24,Manchester City,Manchester United,H,H,0.05024203297070979,0.13222764927197814,0.8175303177573121
2024-03-04 20:00:00,23-24,Sheffield United,Arsenal,A,A,0.7626106391978781,0.17299218837197533,0.06439717243014659
2024-03-09 12:30:00,23-24,Manchester United,Everton,H,H,0.17390982405900016,0.2753330163948732,0.5507571595461266
2024-03-09 15:00:00,23-24,Bournemouth,Sheffield United,D,H,0.12986691224650004,0.17666102066685935,0.6934720670866407
2024-03-09 15:00:00,23-24,Crystal Palace,Luton,D,H,0.32964051442135056,0.2576494636236662,0.4127100219549833
2024-03-09 15:00:00,23-24,Wolverhampton Wanderers,Fulham,H,H,0.2678780956966054,0.26158933070387064,0.47053257359952394
2024-03-09 17:30:00,23-24,Arsenal,Brentford,H,H,0.028146005689041083,0.07827501260084926,0.8935789817101097
2024-03-10 13:00:00,23-24,Aston Villa,Tottenham Hotspur,A,H,0.19798956680518626,0.21736801730657426,0.5846424158882395
2024-03-10 14:00:00,23-24,Brighton and Hove Albion,Nottingham Forest,H,H,0.14935932632733326,0.21237181764859417,0.6382688560240725
2024-03-10 14:00:00,23-24,West Ham United,Burnley,D,H,0.15802850510652772,0.2661793726940301,0.5757921221994422
2024-03-10 15:45:00,23-24,Liverpool,Manchester City,D,H,0.20499989170203528,0.20666177339321526,0.5883383349047494
2024-03-11 20:00:00,23-24,Chelsea,Newcastle United,H,A,0.38060592833168677,0.2584509431047861,0.3609431285635271
2024-03-13 19:30:00,23-24,Bournemouth,Luton,H,H,0.22645657373662104,0.19132605902621386,0.5822173672371651
2024-03-16 15:00:00,23-24,Burnley,Brentford,H,A,0.5724028163422477,0.219935279027273,0.20766190463047923
2024-03-16 15:00:00,23-24,Luton,Nottingham Forest,D,A,0.42491036124529175,0.3182392990085684,0.25685033974613997
2024-03-16 17:30:00,23-24,Fulham,Tottenham Hotspur,H,A,0.4307932582873721,0.22386714555255874,0.3453395961600692
2024-03-17 14:00:00,23-24,West Ham United,Aston Villa,D,A,0.4399879157309243,0.2529750694661988,0.30703701480287693
2024-03-30 12:30:00,23-24,Newcastle United,West Ham United,H,H,0.1913045718230747,0.2378424882604338,0.5708529399164916
2024-03-30 15:00:00,23-24,Bournemouth,Everton,H,H,0.29869137956144104,0.2455198221014976,0.45578879833706126
2024-03-30 15:00:00,23-24,Chelsea,Burnley,D,H,0.11562616904142196,0.21636323852750192,0.6680105924310761
2024-03-30 15:00:00,23-24,Nottingham Forest,Crystal Palace,D,H,0.34030492767658466,0.2391738370340432,0.4205212352893722
2024-03-30 15:00:00,23-24,Sheffield United,Fulham,D,A,0.5302253431638962,0.27225354722126116,0.19752110961484268
2024-03-30 15:00:00,23-24,Tottenham Hotspur,Luton,H,H,0.0835001100949315,0.15432238114927294,0.7621775087557957
2024-03-30 17:30:00,23-24,Aston Villa,Wolverhampton Wanderers,H,H,0.11838036691117017,0.1886643945582699,0.69295523853056
2024-03-30 20:00:00,23-24,Brentford,Manchester United,D,A,0.4907866391529128,0.23422845266623524,0.274984908180852
2024-03-31 14:00:00,23-24,Liverpool,Brighton and Hove Albion,H,H,0.06936292254640704,0.15666495479969023,0.7739721226539027
2024-03-31 16:30:00,23-24,Manchester City,Arsenal,D,H,0.15974234126181683,0.24418028015579443,0.5960773785823887
2024-04-02 19:30:00,23-24,Newcastle United,Everton,D,H,0.1622571030931381,0.2308741987895362,0.6068686981173257
2024-04-02 19:30:00,23-24,Nottingham Forest,Fulham,H,A,0.396907132030932,0.2499513224539794,0.3531415455150887
2024-04-02 19:45:00,23-24,Bournemouth,Crystal Palace,H,H,0.24602057593616738,0.24977965920226133,0.5041997648615713
2024-04-02 19:45:00,23-24,Burnley,Wolverhampton Wanderers,D,A,0.4763330165066976,0.23071419305133822,0.2929527904419642
2024-04-02 20:15:00,23-24,West Ham United,Tottenham Hotspur,D,A,0.46272118424805975,0.25641774223772196,0.28086107351421835
2024-04-03 19:30:00,23-24,Arsenal,Luton,H,H,0.029925421513586615,0.10310704747749143,0.866967531008922
2024-04-03 19:30:00,23-24,Brentford,Brighton and Hove Albion,D,A,0.42251692142683533,0.2383798008498711,0.3391032777232936
2024-04-03 20:15:00,23-24,Manchester City,Aston Villa,H,H,0.05912969571142812,0.12908019764058015,0.8117901066479918
2024-04-04 19:30:00,23-24,Liverpool,Sheffield United,H,H,0.0126934309309467,0.062129507785284685,0.9251770612837686
2024-04-04 20:15:00,23-24,Chelsea,Manchester United,H,H,0.2875829095480075,0.18555878808097362,0.5268583023710189
2024-04-06 12:30:00,23-24,Crystal Palace,Manchester City,A,A,0.7016301331177234,0.14528201871210122,0.1530878481701753
2024-04-06 15:00:00,23-24,Aston Villa,Brentford,D,H,0.17851858933301923,0.29021644929644236,0.5312649613705385
2024-04-06 15:00:00,23-24,Everton,Burnley,H,H,0.2354320276318034,0.28872288351031455,0.4758450888578821
2024-04-06 15:00:00,23-24,Fulham,Newcastle United,A,A,0.4127813640857368,0.24235456063258334,0.3448640752816799
2024-04-06 15:00:00,23-24,Luton,Bournemouth,H,A,0.4231413608291163,0.3149592150867991,0.26189942408408456
2024-04-06 15:00:00,23-24,Wolverhampton Wanderers,West Ham United,A,H,0.30764026829346275,0.25709553999461604,0.4352641917119212
2024-04-06 17:30:00,23-24,Brighton and Hove Albion,Arsenal,A,A,0.5183941357532417,0.22550014644807181,0.25610571779868646
2024-04-07 15:30:00,23-24,Manchester United,Liverpool,D,A,0.4954286519794015,0.270553133734013,0.23401821428658542
2024-04-07 17:30:00,23-24,Sheffield United,Chelsea,D,A,0.5820365167136385,0.2551866918311194,0.16277679145524207
2024-04-07 18:00:00,23-24,Tottenham Hotspur,Nottingham Forest,H,H,0.10475075869720983,0.20779814279898545,0.6874510985038047
2024-04-13 12:30:00,23-24,Newcastle United,Tottenham Hotspur,H,H,0.22836999105269698,0.19434872161748934,0.5772812873298137
2024-04-13 15:00:00,23-24,Brentford,Sheffield United,H,H,0.1757818756307163,0.21696686574044322,0.6072512586288406
2024-04-13 15:00:00,23-24,Burnley,Brighton and Hove Albion,D,A,0.5432129668919818,0.1784612237454035,0.27832580936261464
2024-04-13 15:00:00,23-24,Manchester City,Luton,H,H,0.02143724409013167,0.10205828944177385,0.8765044664680944
2024-04-13 15:00:00,23-24,Nottingham Forest,Wolverhampton Wanderers,D,H,0.35540422321581866,0.2008370948946464,0.4437586818895349
2024-04-13 17:30:00,23-24,Bournemouth,Manchester United,D,H,0.2670418552257134,0.13341019511425023,0.5995479496600363
2024-04-14 14:00:00,23-24,Liverpool,Crystal Palace,A,H,0.029530661278878576,0.10036493948082148,0.8701043992402999
2024-04-14 14:00:00,23-24,West Ham United,Fulham,A,H,0.2957085715261243,0.2727769907665038,0.43151443770737186
2024-04-14 16:30:00,23-24,Arsenal,Aston Villa,A,H,0.06395779598367667,0.10374354744076837,0.8322986565755549
2024-04-15 20:00:00,23-24,Chelsea,Everton,H,H,0.17751305600142392,0.20926745262782182,0.6132194913707542
2024-04-20 15:00:00,23-24,Luton,Brentford,A,A,0.4523797956192935,0.29503810247888107,0.25258210190182545
2024-04-20 15:00:00,23-24,Sheffield United,Burnley,A,H,0.32697195157270104,0.29518424691584594,0.3778438015114529
2024-04-20 19:30:00,23-24,Wolverhampton Wanderers,Arsenal,A,A,0.6353404292069061,0.19163025633203837,0.17302931446105554
2024-04-21 13:30:00,23-24,Everton,Nottingham Forest,H,A,0.36108086411558643,0.32553113073964496,0.3133880051447687
2024-04-21 15:00:00,23-24,Aston Villa,Bournemouth,H,H,0.14929167173037536,0.30033154023695535,0.5503767880326693
2024-04-21 15:00:00,23-24,Crystal Palace,West Ham United,H,H,0.3194074233737388,0.20746561355468357,0.4731269630715777
2024-04-21 16:30:00,23-24,Fulham,Liverpool,A,A,0.6521622205763193,0.1955854260577701,0.15225235336591048
2024-04-23 20:00:00,23-24,Arsenal,Chelsea,H,H,0.0768582251769061,0.19719223015224643,0.7259495446708476
2024-04-24 19:45:00,23-24,Wolverhampton Wanderers,Bournemouth,A,H,0.29986871036921836,0.27022228080577176,0.42990900882501
2024-04-24 20:00:00,23-24,Crystal Palace,Newcastle United,H,A,0.4792052814612761,0.24978148890719212,0.27101322963153174
2024-04-24 20:00:00,23-24,Everton,Liverpool,H,A,0.7211130745968691,0.1813965765290904,0.09749034887404052
2024-04-24 20:00:00,23-24,Manchester United,Sheffield United,H,H,0.1207977243162414,0.30718358394750317,0.5720186917362554
2024-04-25 20:00:00,23-24,Brighton and Hove Albion,Manchester City,A,A,0.6543300097799932,0.2054437135263403,0.1402262766936664
2024-04-27 12:30:00,23-24,West Ham United,Liverpool,D,A,0.6876227646845077,0.20444420314900527,0.10793303216648689
2024-04-27 15:00:00,23-24,Manchester United,Burnley,D,H,0.11824841416345261,0.3031162847822059,0.5786353010543415
2024-04-27 15:00:00,23-24,Fulham,Crystal Palace,D,H,0.25410013384428004,0.25490978951841625,0.49099007663730365
2024-04-27 15:00:00,23-24,Wolverhampton Wanderers,Luton,H,H,0.20704310018997577,0.21007549354176364,0.5828814062682607
2024-04-27 15:00:00,23-24,Newcastle United,Sheffield United,H,H,0.06002842720642445,0.1388573723781912,0.8011142004153843
2024-04-27 17:30:00,23-24,Everton,Brentford,H,A,0.3699398976933511,0.3235661442940159,0.30649395801263296
2024-04-27 20:00:00,23-24,Aston Villa,Chelsea,D,H,0.21073974013379984,0.3034251802761672,0.4858350795900329
2024-04-28 14:00:00,23-24,Bournemouth,Brighton and Hove Albion,H,H,0.25644981591510374,0.15865447488413592,0.5848957092007603
2024-04-28 14:00:00,23-24,Tottenham Hotspur,Arsenal,A,A,0.47206326464725634,0.26125688082827087,0.26667985452447285
2024-04-28 16:30:00,23-24,Nottingham Forest,Manchester City,A,A,0.7535359926547109,0.13548423106663515,0.11097977627865382
2024-05-02 19:30:00,23-24,Chelsea,Tottenham Hotspur,H,H,0.3094339638849529,0.21262680833339642,0.47793922778165066
2024-05-03 20:00:00,23-24,Luton,Everton,D,A,0.401922324914134,0.28976024976826165,0.30831742531760425
2024-05-04 12:30:00,23-24,Arsenal,Bournemouth,H,H,0.04853189706188393,0.14722563580274955,0.8042424671353664
2024-05-04 15:00:00,23-24,Brentford,Fulham,D,H,0.329092418759411,0.23739988353317137,0.4335076977074176
2024-05-04 15:00:00,23-24,Burnley,Newcastle United,A,A,0.5872873894683972,0.21043330462843995,0.20227930590316276
2024-05-04 15:00:00,23-24,Sheffield United,Nottingham Forest,A,A,0.49785259828308304,0.2867558387299655,0.21539156298695145
2024-05-04 17:30:00,23-24,Manchester City,Wolverhampton Wanderers,H,H,0.025451462633652316,0.09956833063179513,0.8749802067345526
2024-05-05 14:00:00,23-24,Brighton and Hove Albion,Aston Villa,H,A,0.4150214886668759,0.22628294131406848,0.3586955700190556
2024-05-05 14:00:00,23-24,Chelsea,West Ham United,H,H,0.15667593161969895,0.1736556501889392,0.6696684181913618
2024-05-05 16:30:00,23-24,Liverpool,Tottenham Hotspur,H,H,0.08794565466054301,0.13105874483975508,0.780995600499702
2024-05-06 20:00:00,23-24,Crystal Palace,Manchester United,H,H,0.35423437771618466,0.1849220049618061,0.46084361732200924
2024-05-11 12:30:00,23-24,Fulham,Manchester City,A,A,0.6364118137687733,0.1719180137196472,0.19167017251157945
2024-05-11 15:00:00,23-24,Bournemouth,Brentford,A,H,0.27928908248035694,0.28520940505988546,0.4355015124597575
2024-05-11 15:00:00,23-24,Everton,Sheffield United,H,H,0.1741335738380527,0.248478351048698,0.5773880751132493
2024-05-11 15:00:00,23-24,Newcastle United,Brighton and Hove Albion,D,H,0.12510813188425327,0.14041612744967003,0.7344757406660767
2024-05-11 15:00:00,23-24,Tottenham Hotspur,Burnley,H,H,0.12151149161621987,0.2688441890909325,0.6096443192928477
2024-05-11 15:00:00,23-24,West Ham United,Luton,H,H,0.24548125115657324,0.2964756078111024,0.45804314103232435
2024-05-11 15:00:00,23-24,Wolverhampton Wanderers,Crystal Palace,A,A,0.3494980067488067,0.34537336115242967,0.30512863209876356
2024-05-11 17:30:00,23-24,Nottingham Forest,Chelsea,A,A,0.48647190518199285,0.23796420020745357,0.27556389461055353
2024-05-12 16:30:00,23-24,Manchester United,Arsenal,A,A,0.5184564197199572,0.24015505393339023,0.24138852634665275
2024-05-13 20:00:00,23-24,Aston Villa,Liverpool,D,A,0.4639144765860545,0.25046777567588013,0.28561774773806536
2024-05-14 20:00:00,23-24,Tottenham Hotspur,Manchester City,A,A,0.5623034651229589,0.23673939647500764,0.20095713840203344
2024-05-15 19:45:00,23-24,Brighton and Hove Albion,Chelsea,A,H,0.33175587308325677,0.27165383097807105,0.3965902959386721
2024-05-15 20:00:00,23-24,Manchester United,Newcastle United,H,H,0.32156679980077907,0.2874560799935281,0.3909771202056927
2024-05-19 16:00:00,23-24,Arsenal,Everton,H,H,0.027263722584625866,0.12011835717808698,0.8526179202372871
2024-05-19 16:00:00,23-24,Brentford,Newcastle United,A,A,0.4274202902461726,0.23017421448338474,0.3424054952704427
2024-05-19 16:00:00,23-24,Brighton and Hove Albion,Manchester United,A,H,0.3188129518758561,0.22258387226891668,0.4586031758552273
2024-05-19 16:00:00,23-24,Burnley,Nottingham Forest,A,A,0.4789983644326184,0.29393756403787363,0.22706407152950786
2024-05-19 16:00:00,23-24,Chelsea,Bournemouth,H,H,0.11781592269522567,0.16892859693206239,0.7132554803727119
2024-05-19 16:00:00,23-24,Crystal Palace,Aston Villa,H,H,0.2818116888556431,0.1569257283041328,0.5612625828402241
2024-05-19 16:00:00,23-24,Liverpool,Wolverhampton Wanderers,H,H,0.04061291646313107,0.11018155400125978,0.8492055295356091
2024-05-19 16:00:00,23-24,Luton,Fulham,A,A,0.5512874475722649,0.2822591287153232,0.16645342371241192
2024-05-19 16:00:00,23-24,Manchester City,West Ham United,H,H,0.01686803438067436,0.06712150184210774,0.916010463777218
2024-05-19 16:00:00,23-24,Sheffield United,Tottenham Hotspur,A,A,0.7079554159062442,0.16451690676312236,0.12752767733063347
2024-08-16 20:00:00,24-25,Manchester United,Fulham,H,H,0.19163740618668632,0.24701759543102142,0.5613449983822922
2024-08-17 12:30:00,24-25,Ipswich,Liverpool,A,A,0.5900525786747464,0.22575910809452898,0.18418831323072457
2024-08-17 15:00:00,24-25,Arsenal,Wolverhampton Wanderers,H,H,0.021673908894841235,0.05213280976802496,0.9261932813371339
2024-08-17 15:00:00,24-25,Everton,Brighton and Hove Albion,A,A,0.3802486822194396,0.2623629127483228,0.3573884050322377
2024-08-17 15:00:00,24-25,Newcastle United,Southampton,H,H,0.06259329677735392,0.10653722856407744,0.8308694746585686
2024-08-17 15:00:00,24-25,Nottingham Forest,Bournemouth,D,H,0.3646053204725493,0.21622115721464913,0.41917352231280164
2024-08-17 17:30:00,24-25,West Ham United,Aston Villa,A,A,0.45927652471402874,0.23600942041020737,0.3047140548757639
2024-08-18 14:00:00,24-25,Brentford,Crystal Palace,H,H,0.3192253032732879,0.2758391064167884,0.4049355903099237
2024-08-18 16:30:00,24-25,Chelsea,Manchester City,A,A,0.46099115589386574,0.22146627796997717,0.317542566136157
2024-08-19 20:00:00,24-25,Leicester City,Tottenham Hotspur,D,A,0.5347050078045913,0.21183687269997303,0.25345811949543573
2024-08-24 12:30:00,24-25,Brighton and Hove Albion,Manchester United,H,H,0.3347064161844734,0.1573935706165655,0.507900013198961
2024-08-24 15:00:00,24-25,Tottenham Hotspur,Everton,H,H,0.07528439441924471,0.1877682779367265,0.7369473276440288
2024-08-24 15:00:00,24-25,Manchester City,Ipswich,H,H,0.006857554382225697,0.023509545445299544,0.9696329001724748
2024-08-24 15:00:00,24-25,Southampton,Nottingham Forest,A,A,0.47673156344083284,0.2561864952330848,0.2670819413260824
2024-08-24 15:00:00,24-25,Crystal Palace,West Ham United,A,H,0.1864959539684479,0.17557169835193795,0.6379323476796142
2024-08-24 15:00:00,24-25,Fulham,Leicester City,H,H,0.2802789064219121,0.2958682772939438,0.42385281628414406
2024-08-24 17:30:00,24-25,Aston Villa,Arsenal,A,A,0.5330902229030682,0.25512435036576675,0.2117854267311651
2024-08-25 14:00:00,24-25,Bournemouth,Newcastle United,D,A,0.5112089447040027,0.25123435822952217,0.23755669706647523
2024-08-25 14:00:00,24-25,Wolverhampton Wanderers,Chelsea,A,D,0.3811838218580852,0.3819741847116989,0.23684199343021586
2024-08-25 16:30:00,24-25,Liverpool,Brentford,H,H,0.04944244626776742,0.08925025181557183,0.8613073019166607
2024-08-31 12:30:00,24-25,Arsenal,Brighton and Hove Albion,D,H,0.08405273251162272,0.14102395589625188,0.7749233115921254
2024-08-31 15:00:00,24-25,Brentford,Southampton,H,H,0.15926580470190763,0.24586589228114425,0.5948683030169482
2024-08-31 15:00:00,24-25,Everton,Bournemouth,A,A,0.3929624730607496,0.2603458164569234,0.346691710482327
2024-08-31 15:00:00,24-25,Ipswich,Fulham,D,A,0.37952572974029486,0.36142736473595716,0.2590469055237481
2024-08-31 15:00:00,24-25,Leicester City,Aston Villa,A,A,0.5472371976482292,0.19886492009129547,0.2538978822604753
2024-08-31 15:00:00,24-25,Nottingham Forest,Wolverhampton Wanderers,D,H,0.153070145898185,0.14752364674350332,0.6994062073583116
2024-08-31 17:30:00,24-25,West Ham United,Manchester City,A,A,0.7700885068473566,0.14392791407217376,0.08598357908046943
2024-09-01 13:30:00,24-25,Chelsea,Crystal Palace,D,H,0.14270715139051282,0.3016182228520757,0.5556746257574116
2024-09-01 13:30:00,24-25,Newcastle United,Tottenham Hotspur,H,H,0.36495239760741804,0.25993351419025257,0.37511408820232944
2024-09-01 16:00:00,24-25,Manchester United,Liverpool,A,A,0.5597331069168808,0.27112779457295066,0.16913909851016848
2024-09-14 12:30:00,24-25,Southampton,Manchester United,A,A,0.6210537381770989,0.2188070695619361,0.16013919226096504
2024-09-14 15:00:00,24-25,Brighton and Hove Albion,Ipswich,D,H,0.12161304021225115,0.1263437079521523,0.7520432518355965
2024-09-14 15:00:00,24-25,Crystal Palace,Leicester City,D,H,0.17352021083304844,0.21723289684587452,0.6092468923210771
2024-09-14 15:00:00,24-25,Fulham,West Ham United,D,H,0.30730513398432524,0.2825749637183063,0.41011990229736844
2024-09-14 15:00:00,24-25,Liverpool,Nottingham Forest,A,H,0.03801296483199391,0.11723592543818329,0.8447511097298228
2024-09-14 15:00:00,24-25,Manchester City,Brentford,H,H,0.02297191581058594,0.0899685717272272,0.8870595124621867
2024-09-14 17:30:00,24-25,Aston Villa,Everton,H,H,0.0700183739433685,0.17733523187026656,0.7526463941863649
2024-09-14 20:00:00,24-25,Bournemouth,Chelsea,A,A,0.41389868852883877,0.21909802145388313,0.367003290017278
2024-09-15 14:00:00,24-25,Tottenham Hotspur,Arsenal,A,A,0.49648596826750535,0.1863906937372755,0.31712333799521925
2024-09-15 16:30:00,24-25,Wolverhampton Wanderers,Newcastle United,A,A,0.5589893875255728,0.2455614945082074,0.19544911796621992
2024-09-21 12:30:00,24-25,West Ham United,Chelsea,A,A,0.47852073003807905,0.2654547119219845,0.2560245580399364
2024-09-21 15:00:00,24-25,Aston Villa,Wolverhampton Wanderers,H,H,0.07591226284312062,0.15662984974459104,0.7674578874122883
2024-09-21 15:00:00,24-25,Fulham,Newcastle United,H,H,0.3869932479204346,0.19791038691991522,0.4150963651596502
2024-09-21 15:00:00,24-25,Leicester City,Everton,D,H,0.2704990124610057,0.21968408602021594,0.5098169015187783
2024-09-21 15:00:00,24-25,Liverpool,Bournemouth,H,H,0.054219471899910957,0.11855359910861615,0.8272269289914729
2024-09-21 15:00:00,24-25,Southampton,Ipswich,D,A,0.5403169893436861,0.20263587281560697,0.257047137840707
2024-09-21 15:00:00,24-25,Tottenham Hotspur,Brentford,H,H,0.15619869560576058,0.17137329495394682,0.6724280094402926
2024-09-21 17:30:00,24-25,Crystal Palace,Manchester United,D,H,0.38097423475617825,0.23242235285445714,0.3866034123893647
2024-09-22 14:00:00,24-25,Brighton and Hove Albion,Nottingham Forest,D,H,0.18403474884277682,0.2241424952755534,0.5918227558816698
2024-09-22 16:30:00,24-25,Manchester City,Arsenal,D,H,0.12437272703363554,0.15139946494542794,0.7242278080209366
2024-09-28 12:30:00,24-25,Newcastle United,Manchester City,D,A,0.6229093287239534,0.21606420288798353,0.16102646838806303
2024-09-28 15:00:00,24-25,Arsenal,Leicester City,H,H,0.03230377108272762,0.13604607075559122,0.8316501581616812
2024-09-28 15:00:00,24-25,Brentford,West Ham United,D,H,0.2784026783979277,0.23066000008670975,0.4909373215153625
2024-09-28 15:00:00,24-25,Chelsea,Brighton and Hove Albion,H,H,0.20160053515449838,0.2270371455430337,0.571362319302468
2024-09-28 15:00:00,24-25,Everton,Crystal Palace,H,A,0.40668389476605005,0.2741675272429694,0.31914857799098056
2024-09-28 15:00:00,24-25,Nottingham Forest,Fulham,A,A,0.3942564732752032,0.25616500867000486,0.34957851805479195
2024-09-28 17:30:00,24-25,Wolverhampton Wanderers,Liverpool,A,A,0.7517764618753832,0.16315561046860616,0.08506792765601064
2024-09-29 14:00:00,24-25,Ipswich,Aston Villa,D,A,0.5180380131085102,0.3099934475440639,0.171968539347426
2024-09-29 16:30:00,24-25,Manchester United,Tottenham Hotspur,A,H,0.31262669255072423,0.253867120501781,0.43350618694749476
2024-09-30 20:00:00,24-25,Bournemouth,Southampton,H,H,0.13225342549946978,0.21723359343708903,0.6505129810634412
2024-10-05 12:30:00,24-25,Crystal Palace,Liverpool,A,A,0.671992983975866,0.1841824569340202,0.14382455909011377
2024-10-05 15:00:00,24-25,West Ham United,Ipswich,H,H,0.2971020463250847,0.26393380823953655,0.43896414543537876
2024-10-05 15:00:00,24-25,Manchester City,Fulham,H,H,0.04242231084279538,0.16520466359116015,0.7923730255660444
2024-10-05 15:00:00,24-25,Brentford,Wolverhampton Wanderers,H,H,0.23654568248639468,0.28525910297257934,0.478195214541026
2024-10-05 15:00:00,24-25,Arsenal,Southampton,H,H,0.011501821195218672,0.08041579740568912,0.9080823813990923
2024-10-05 15:00:00,24-25,Leicester City,Bournemouth,H,A,0.4714099191271312,0.3298160531314888,0.19877402774138
2024-10-05 17:30:00,24-25,Everton,Newcastle United,D,A,0.49100170773886187,0.21650350383127479,0.2924947884298633
2024-10-06 14:00:00,24-25,Aston Villa,Manchester United,D,H,0.15362069548245993,0.1511002882957393,0.6952790162218008
2024-10-06 14:00:00,24-25,Chelsea,Nottingham Forest,D,H,0.10390556161042154,0.18262707144907206,0.7134673669405063
2024-10-06 16:30:00,24-25,Brighton and Hove Albion,Tottenham Hotspur,H,A,0.47308651403685564,0.296571238555399,0.2303422474077453
2024-10-19 12:30:00,24-25,Tottenham Hotspur,West Ham United,H,H,0.1417737550394872,0.15131457728985842,0.7069116676706545
2024-10-19 15:00:00,24-25,Southampton,Leicester City,A,A,0.4542906843694886,0.19970083015726744,0.346008485473244
2024-10-19 15:00:00,24-25,Fulham,Aston Villa,A,H,0.3553337933602236,0.1986281784180823,0.44603802822169414
2024-10-19 15:00:00,24-25,Ipswich,Everton,A,H,0.25836209914804187,0.2847942214440138,0.4568436794079443
2024-10-19 15:00:00,24-25,Manchester United,Brentford,H,H,0.21705057625916474,0.3017983861732161,0.4811510375676192
2024-10-19 15:00:00,24-25,Newcastle United,Brighton and Hove Albion,A,H,0.22743008461360323,0.23703746712041088,0.5355324482659859
2024-10-19 17:30:00,24-25,Bournemouth,Arsenal,H,A,0.7210081341439195,0.1493775687294041,0.12961429712667635
2024-10-20 14:00:00,24-25,Wolverhampton Wanderers,Manchester City,A,A,0.8290162890853531,0.11473846822420344,0.05624524269044344
2024-10-20 16:30:00,24-25,Liverpool,Chelsea,H,H,0.14420946599370307,0.21988592584431757,0.6359046081619794
2024-10-21 20:00:00,24-25,Nottingham Forest,Crystal Palace,H,H,0.32985483224122386,0.2379124571734022,0.432232710585374
2024-10-25 20:00:00,24-25,Leicester City,Nottingham Forest,A,A,0.40659175919928037,0.3052007445135959,0.2882074962871237
2024-10-26 15:00:00,24-25,Aston Villa,Bournemouth,D,H,0.15170553133422673,0.24203994440906323,0.6062545242567101
2024-10-26 15:00:00,24-25,Brentford,Ipswich,H,H,0.2401847405646343,0.22348127650218497,0.5363339829331808
2024-10-26 15:00:00,24-25,Brighton and Hove Albion,Wolverhampton Wanderers,D,H,0.11740896883117624,0.18740631538731614,0.6951847157815075
2024-10-26 15:00:00,24-25,Manchester City,Southampton,H,H,0.010897435790117382,0.11420335854983177,0.874899205660051
2024-10-26 17:30:00,24-25,Everton,Fulham,D,A,0.40927694972792206,0.33634524688612255,0.25437780338595534
2024-10-27 14:00:00,24-25,Chelsea,Newcastle United,H,H,0.2253684181496232,0.1954071552758514,0.5792244265745254
2024-10-27 14:00:00,24-25,Crystal Palace,Tottenham Hotspur,H,A,0.5466466138162336,0.25963123402812,0.19372215215564642
2024-10-27 14:00:00,24-25,West Ham United,Manchester United,H,H,0.3692953284309744,0.21909915556388287,0.4116055160051427
2024-10-27 16:30:00,24-25,Arsenal,Liverpool,D,H,0.20637525384880373,0.1950302852105442,0.5985944609406522
2024-11-02 12:30:00,24-25,Newcastle United,Arsenal,H,A,0.5483220189883187,0.210935861120027,0.24074211989165434
2024-11-02 15:00:00,24-25,Southampton,Everton,H,A,0.5371470465621715,0.2428723508586841,0.21998060257914445
2024-11-02 15:00:00,24-25,Nottingham Forest,West Ham United,H,H,0.31693853396759386,0.2535175196147397,0.4295439464176665
2024-11-02 15:00:00,24-25,Ipswich,Leicester City,D,H,0.23699932018095024,0.23908859076807268,0.523912089050977
2024-11-02 15:00:00,24-25,Bournemouth,Manchester City,H,A,0.725025862686681,0.1323423202161012,0.1426318170972177
2024-11-02 15:00:00,24-25,Liverpool,Brighton and Hove Albion,H,H,0.06995209052036665,0.13784902294805212,0.7921988865315813
2024-11-02 17:30:00,24-25,Wolverhampton Wanderers,Crystal Palace,D,A,0.43068653092750675,0.281807363616082,0.28750610545641125
2024-11-03 14:00:00,24-25,Tottenham Hotspur,Aston Villa,H,H,0.2686629599612821,0.16867301929534398,0.562664020743374
2024-11-03 16:30:00,24-25,Manchester United,Chelsea,D,A,0.3862962394521145,0.2864991421026142,0.3272046184452712
2024-11-04 20:00:00,24-25,Fulham,Brentford,H,H,0.23322333708068163,0.19927123747355213,0.5675054254457662
2024-11-09 15:00:00,24-25,Brentford,Bournemouth,H,H,0.2945882662428099,0.21724241019476115,0.4881693235624289
2024-11-09 15:00:00,24-25,Crystal Palace,Fulham,A,A,0.38978773996915334,0.29702966336283665,0.3131825966680101
2024-11-09 15:00:00,24-25,West Ham United,Everton,D,H,0.21444898387435535,0.23904846052533035,0.5465025556003144
2024-11-09 15:00:00,24-25,Wolverhampton Wanderers,Southampton,H,H,0.20601164925214183,0.28146362840970074,0.5125247223381575
2024-11-09 17:30:00,24-25,Brighton and Hove Albion,Manchester City,H,A,0.6471003010632554,0.16721187496174153,0.18568782397500314
2024-11-09 20:00:00,24-25,Liverpool,Aston Villa,H,H,0.10314457813821654,0.16116399403786394,0.7356914278239194
2024-11-10 14:00:00,24-25,Manchester United,Leicester City,H,H,0.11870701217478784,0.2003392018986163,0.6809537859265958
2024-11-10 14:00:00,24-25,Nottingham Forest,Newcastle United,A,A,0.422534120042596,0.20334180005170224,0.37412407990570173
2024-11-10 14:00:00,24-25,Tottenham Hotspur,Ipswich,A,H,0.098490424861628,0.13994343806337417,0.7615661370749978
2024-11-10 16:30:00,24-25,Chelsea,Arsenal,D,A,0.4695364154762246,0.2330302749805874,0.297433309543188
2024-11-23 12:30:00,24-25,Leicester City,Chelsea,A,A,0.6151837057250483,0.17223476387036724,0.21258153040458436
2024-11-23 15:00:00,24-25,Arsenal,Nottingham Forest,H,H,0.06936679042733782,0.222268622227494,0.7083645873451682
2024-11-23 15:00:00,24-25,Aston Villa,Crystal Palace,D,H,0.13920048688080525,0.22418935123382872,0.636610161885366
2024-11-23 15:00:00,24-25,Bournemouth,Brighton and Hove Albion,A,H,0.3289472759487083,0.21542711854071425,0.45562560551057746
2024-11-23 15:00:00,24-25,Everton,Brentford,D,H,0.34559617868834414,0.27927662575253426,0.3751271955591216
2024-11-23 15:00:00,24-25,Fulham,Wolverhampton Wanderers,A,H,0.11497328396317971,0.15287327089502264,0.7321534451417977
2024-11-23 17:30:00,24-25,Manchester City,Tottenham Hotspur,A,H,0.07962169104698687,0.16694122939720907,0.753437079555804
2024-11-24 14:00:00,24-25,Southampton,Liverpool,A,A,0.8612436907165226,0.10045321717231045,0.03830309211116697
2024-11-24 16:30:00,24-25,Ipswich,Manchester United,D,A,0.4754088502355315,0.29124183004437115,0.23334931972009731
2024-11-25 20:00:00,24-25,Newcastle United,West Ham United,A,H,0.1396111743186842,0.22462003367781028,0.6357687920035056
2024-11-29 20:00:00,24-25,Brighton and Hove Albion,Southampton,D,H,0.0637628452415373,0.18289148981810713,0.7533456649403556
2024-11-30 15:00:00,24-25,Brentford,Leicester City,H,H,0.20106826193574315,0.23490542961606037,0.5640263084481966
2024-11-30 15:00:00,24-25,Crystal Palace,Newcastle United,D,A,0.4683098068992823,0.24347901612914277,0.2882111769715748
2024-11-30 15:00:00,24-25,Nottingham Forest,Ipswich,H,H,0.23583366053087365,0.1982521879487432,0.5659141515203832
2024-11-30 15:00:00,24-25,Wolverhampton Wanderers,Bournemouth,A,A,0.3872092635590228,0.265951464802357,0.3468392716386203
2024-11-30 17:30:00,24-25,West Ham United,Arsenal,A,A,0.6620435453779651,0.1661052546385394,0.17185119998349546
2024-12-01 13:30:00,24-25,Chelsea,Aston Villa,H,H,0.25937048839887433,0.2558385359194832,0.48479097568164253
2024-12-01 13:30:00,24-25,Manchester United,Everton,H,H,0.15401402694538507,0.24031316054374707,0.6056728125108679
2024-12-01 13:30:00,24-25,Tottenham Hotspur,Fulham,D,H,0.20570573450492735,0.2540856099157665,0.5402086555793061
2024-12-01 16:00:00,24-25,Liverpool,Manchester City,H,H,0.2266352971689055,0.17909782037771912,0.5942668824533753
2024-12-03 19:30:00,24-25,Ipswich,Crystal Palace,A,H,0.3422057815643162,0.3053455125448838,0.3524487058908
2024-12-03 20:15:00,24-25,Leicester City,West Ham United,H,A,0.40794906423072086,0.23508411405962487,0.35696682170965427
2024-12-04 19:30:00,24-25,Everton,Wolverhampton Wanderers,H,H,0.22322973189048154,0.23175043676266247,0.5450198313468559
2024-12-04 19:30:00,24-25,Manchester City,Nottingham Forest,H,H,0.06714625699474824,0.24847170207781635,0.6843820409274354
2024-12-04 19:30:00,24-25,Newcastle United,Liverpool,D,A,0.5430457305457957,0.2241840949598812,0.23277017449432305
2024-12-04 19:30:00,24-25,Southampton,Chelsea,A,A,0.7667405623150716,0.15043370872049727,0.08282572896443113
2024-12-04 20:15:00,24-25,Arsenal,Manchester United,H,H,0.08809686813990006,0.17010550916363174,0.7417976226964681
2024-12-04 20:15:00,24-25,Aston Villa,Brentford,H,H,0.1710450146506428,0.23820679218212845,0.5907481931672287
2024-12-05 19:30:00,24-25,Fulham,Brighton and Hove Albion,H,H,0.3347741505791947,0.2161194113757822,0.4491064380450232
2024-12-05 20:15:00,24-25,Bournemouth,Tottenham Hotspur,H,A,0.4206364434248265,0.19267308082194073,0.38669047575323284
2024-12-07 15:00:00,24-25,Aston Villa,Southampton,H,H,0.03976802735011615,0.12667848653467917,0.8335534861152046
2024-12-07 15:00:00,24-25,Brentford,Newcastle United,H,A,0.40316859914114994,0.22986752473676983,0.3669638761220803
2024-12-07 15:00:00,24-25,Crystal Palace,Manchester City,D,A,0.6571215774259576,0.12389626286031499,0.21898215971372734
2024-12-07 17:30:00,24-25,Manchester United,Nottingham Forest,A,H,0.18882675420830497,0.24299089225681947,0.5681823535348756
2024-12-08 14:00:00,24-25,Fulham,Arsenal,D,A,0.6272233822144417,0.1973549822099892,0.1754216355755691
2024-12-08 14:00:00,24-25,Ipswich,Bournemouth,A,A,0.4342938487661387,0.3108363044170136,0.2548698468168478
2024-12-08 14:00:00,24-25,Leicester City,Brighton and Hove Albion,D,A,0.5258436783352182,0.2288546818888299,0.2453016397759519
2024-12-08 16:30:00,24-25,Tottenham Hotspur,Chelsea,A,A,0.42292276762766506,0.27924183262048824,0.2978353997518468
2024-12-09 20:00:00,24-25,West Ham United,Wolverhampton Wanderers,H,H,0.20868515613469482,0.28684680417527986,0.5044680396900253
2024-12-14 15:00:00,24-25,Liverpool,Fulham,D,H,0.04342746733109153,0.10281310191495795,0.8537594307539506
2024-12-14 15:00:00,24-25,Arsenal,Everton,D,H,0.03445320924066517,0.10960893151053488,0.8559378592488
2024-12-14 15:00:00,24-25,Wolverhampton Wanderers,Ipswich,A,H,0.3279132813777349,0.24646205314774247,0.42562466547452266
2024-12-14 15:00:00,24-25,Newcastle United,Leicester City,H,H,0.12931111155888203,0.2234642313612301,0.647224657079888
2024-12-14 17:30:00,24-25,Nottingham Forest,Aston Villa,H,A,0.46994721222694114,0.27750288627802205,0.25254990149503687
2024-12-15 14:00:00,24-25,Brighton and Hove Albion,Crystal Palace,A,H,0.22022858410186674,0.25664567514293257,0.5231257407552007
2024-12-15 16:30:00,24-25,Manchester City,Manchester United,A,H,0.08693130793565551,0.20897771989989233,0.704090972164452
2024-12-15 19:00:00,24-25,Chelsea,Brentford,H,H,0.08382487677366923,0.13806753675167882,0.778107586474652
2024-12-15 19:00:00,24-25,Southampton,Tottenham Hotspur,A,A,0.7580851592467192,0.1586354413069857,0.0832793994462951
2024-12-16 20:00:00,24-25,Bournemouth,West Ham United,D,H,0.14464796163172283,0.13338539546572997,0.7219666429025472
2024-12-21 12:30:00,24-25,Aston Villa,Manchester City,H,A,0.4395755956136834,0.1568885082023278,0.4035358961839888
2024-12-21 15:00:00,24-25,Brentford,Nottingham Forest,A,H,0.2994566581366674,0.24964843099808753,0.450894910865245
2024-12-21 15:00:00,24-25,Ipswich,Newcastle United,A,A,0.5298401413829031,0.23937138775221062,0.23078847086488632
2024-12-21 15:00:00,24-25,West Ham United,Brighton and Hove Albion,D,A,0.38337617340026175,0.25812227121884274,0.3585015553808956
2024-12-21 17:30:00,24-25,Crystal Palace,Arsenal,A,A,0.6206166079021147,0.19959928188061915,0.17978411021726615
2024-12-22 14:00:00,24-25,Fulham,Southampton,D,H,0.06947050793513285,0.16921348582781523,0.7613160062370519
2024-12-22 14:00:00,24-25,Everton,Chelsea,D,A,0.5590239821299788,0.2384273790691029,0.2025486388009183
2024-12-22 14:00:00,24-25,Manchester United,Bournemouth,A,H,0.2490517308523139,0.3292778971043761,0.4216703720433099
2024-12-22 14:00:00,24-25,Leicester City,Wolverhampton Wanderers,A,H,0.3359217883793814,0.3158675963863632,0.3482106152342554
2024-12-22 16:30:00,24-25,Tottenham Hotspur,Liverpool,A,A,0.5604003812553083,0.2094295127028099,0.23017010604188176
2024-12-26 12:30:00,24-25,Manchester City,Everton,D,H,0.0668481399418258,0.21300330805052958,0.7201485520076447
2024-12-26 15:00:00,24-25,Bournemouth,Crystal Palace,D,H,0.19354947989358,0.20911316277456798,0.597337357331852
2024-12-26 15:00:00,24-25,Chelsea,Fulham,A,H,0.10719872914732462,0.14587508830459253,0.7469261825480829
2024-12-26 15:00:00,24-25,Newcastle United,Aston Villa,H,H,0.2444139175533727,0.21831772820610532,0.537268354240522
2024-12-26 15:00:00,24-25,Nottingham Forest,Tottenham Hotspur,H,H,0.3670394027118915,0.19134826506254823,0.4416123322255603
2024-12-26 15:00:00,24-25,Southampton,West Ham United,A,A,0.6259175391994254,0.2335636955824594,0.14051876521811513
2024-12-26 17:30:00,24-25,Wolverhampton Wanderers,Manchester United,H,A,0.5373758254326382,0.23061673086349155,0.23200744370387033
2024-12-26 20:00:00,24-25,Liverpool,Leicester City,H,H,0.014742684076843685,0.06309965183109811,0.9221576640920581
2024-12-27 19:30:00,24-25,Brighton and Hove Albion,Brentford,D,H,0.22709637071388727,0.23056025379778228,0.5423433754883306
2024-12-27 20:15:00,24-25,Arsenal,Ipswich,H,H,0.019988794859124186,0.06372402428131838,0.9162871808595574
2024-12-29 14:30:00,24-25,Leicester City,Manchester City,A,A,0.772448399221349,0.1471175685485954,0.08043403223005556
2024-12-29 15:00:00,24-25,Crystal Palace,Southampton,H,H,0.08044482811437134,0.15787287246249784,0.7616822994231309
2024-12-29 15:00:00,24-25,Everton,Nottingham Forest,A,H,0.33988182611183776,0.2603179361133875,0.3998002377747748
2024-12-29 15:00:00,24-25,Fulham,Bournemouth,D,H,0.2936055176981484,0.315385791624693,0.3910086906771585
2024-12-29 15:00:00,24-25,Tottenham Hotspur,Wolverhampton Wanderers,D,H,0.18028514434256343,0.2986693594403282,0.5210454962171084
2024-12-29 17:15:00,24-25,West Ham United,Liverpool,A,A,0.69571110242568,0.18989781834434188,0.11439107922997807
2024-12-30 19:45:00,24-25,Aston Villa,Brighton and Hove Albion,D,H,0.23227424913091407,0.2255584747477646,0.5421672761213213
2024-12-30 19:45:00,24-25,Ipswich,Chelsea,H,A,0.6371713219530794,0.23176411975877423,0.13106455828814645
2024-12-30 20:00:00,24-25,Manchester United,Newcastle United,A,A,0.38867864438785044,0.3030456288292948,0.30827572678285464
2025-01-01 17:30:00,24-25,Brentford,Arsenal,A,A,0.6985829923976749,0.20339762463742017,0.09801938296490498
2025-01-04 12:30:00,24-25,Tottenham Hotspur,Newcastle United,A,A,0.40201265571950173,0.3032795221761858,0.29470782210431257
2025-01-04 15:00:00,24-25,Aston Villa,Leicester City,H,H,0.09913161144384859,0.1968964175448205,0.703971971011331
2025-01-04 15:00:00,24-25,Bournemouth,Everton,H,H,0.15461435448264196,0.17112522098562563,0.6742604245317325
2025-01-04 15:00:00,24-25,Crystal Palace,Chelsea,D,A,0.4573796356565453,0.2020072751771337,0.3406130891663209
2025-01-04 15:00:00,24-25,Manchester City,West Ham United,H,H,0.054132692789430656,0.16066780716877765,0.7851995000417916
2025-01-04 15:00:00,24-25,Southampton,Brentford,A,A,0.6426495189101695,0.2043787206056638,0.15297176048416664
2025-01-04 17:30:00,24-25,Brighton and Hove Albion,Arsenal,D,A,0.6337122554654723,0.22044987845781897,0.1458378660767088
2025-01-05 14:00:00,24-25,Fulham,Ipswich,D,H,0.153768451071259,0.21454287431637337,0.6316886746123676
2025-01-05 16:30:00,24-25,Liverpool,Manchester United,D,H,0.051171343221977694,0.11592682127864659,0.8329018354993758
2025-01-06 20:00:00,24-25,Wolverhampton Wanderers,Nottingham Forest,A,A,0.4075017346526923,0.255328310038708,0.3371699553085997
2025-01-14 19:30:00,24-25,Brentford,Manchester City,D,A,0.5923236848914648,0.1521156357286168,0.2555606793799185
2025-01-14 19:30:00,24-25,Chelsea,Bournemouth,D,H,0.19613128999176155,0.24915313455289478,0.5547155754553437
2025-01-14 19:30:00,24-25,West Ham United,Fulham,H,A,0.3946323448332378,0.2760252391858374,0.32934241598092484
2025-01-14 20:00:00,24-25,Nottingham Forest,Liverpool,D,A,0.6066713141350472,0.1940650831705106,0.19926360269444215
2025-01-15 19:30:00,24-25,Everton,Aston Villa,A,A,0.4987280891719007,0.2566625598264217,0.24460935100167766
2025-01-15 19:30:00,24-25,Leicester City,Crystal Palace,A,A,0.5086158888333786,0.2838546967775934,0.20752941438902797
2025-01-15 19:30:00,24-25,Newcastle United,Wolverhampton Wanderers,H,H,0.047611163962504435,0.09780042225134541,0.8545884137861501
2025-01-15 20:00:00,24-25,Arsenal,Tottenham Hotspur,H,H,0.06811500940813156,0.1288966132940257,0.8029883772978428
2025-01-16 19:30:00,24-25,Ipswich,Brighton and Hove Albion,A,A,0.4652218520590242,0.24688730392465383,0.28789084401632187
2025-01-16 20:00:00,24-25,Manchester United,Southampton,H,H,0.05682630542281582,0.14843783895283566,0.7947358556243485
2025-01-18 12:30:00,24-25,Newcastle United,Bournemouth,A,H,0.13661913389964553,0.15871477719441413,0.7046660889059403
2025-01-18 15:00:00,24-25,Brentford,Liverpool,A,A,0.6989316318008827,0.17864127754601392,0.12242709065310349
2025-01-18 15:00:00,24-25,Leicester City,Fulham,A,A,0.5867503027299094,0.24168468807316307,0.1715650091969274
2025-01-18 15:00:00,24-25,West Ham United,Crystal Palace,A,H,0.327671125257187,0.2961192794226229,0.3762095953201901
2025-01-18 17:30:00,24-25,Arsenal,Aston Villa,D,H,0.06581680241771691,0.13316486596896257,0.8010183316133205
2025-01-19 14:00:00,24-25,Everton,Tottenham Hotspur,H,A,0.500133991783781,0.2179268775758078,0.2819391306404111
2025-01-19 14:00:00,24-25,Manchester United,Brighton and Hove Albion,A,H,0.2947573062496052,0.24670560800290234,0.4585370857474925
2025-01-19 14:00:00,24-25,Nottingham Forest,Southampton,H,H,0.04976290919495004,0.1400334228894683,0.8102036679155816
2025-01-19 16:30:00,24-25,Ipswich,Manchester City,A,A,0.7011199696062665,0.1780651818987586,0.12081484849497488
2025-01-20 20:00:00,24-25,Chelsea,Wolverhampton Wanderers,H,H,0.07691577826141743,0.18042613528131463,0.7426580864572679
2025-01-25 15:00:00,24-25,Bournemouth,Nottingham Forest,H,H,0.21136881380609202,0.1965117787722511,0.5921194074216569
2025-01-25 15:00:00,24-25,Brighton and Hove Albion,Everton,A,H,0.1532868660172947,0.19282585899387036,0.653887274988835
2025-01-25 15:00:00,24-25,Liverpool,Ipswich,H,H,0.015421350465991215,0.05548093162614023,0.9290977179078685
2025-01-25 15:00:00,24-25,Southampton,Newcastle United,A,A,0.7753652552844866,0.1687064700761484,0.055928274639365
2025-01-25 15:00:00,24-25,Wolverhampton Wanderers,Arsenal,A,A,0.7723985821639132,0.15056185528622415,0.07703956254986252
2025-01-25 17:30:00,24-25,Manchester City,Chelsea,H,H,0.1616258276998891,0.20397756248589682,0.6343966098142141
2025-01-26 14:00:00,24-25,Crystal Palace,Brentford,A,H,0.23729778373681387,0.22230452085348285,0.5403976954097033
2025-01-26 14:00:00,24-25,Tottenham Hotspur,Leicester City,A,H,0.15980963390060027,0.24957699705506098,0.5906133690443388
2025-01-26 16:30:00,24-25,Aston Villa,West Ham United,D,H,0.10916802174659596,0.16740286470789403,0.7234291135455099
2025-01-26 19:00:00,24-25,Fulham,Manchester United,A,H,0.24077851872037648,0.1831616326702609,0.5760598486093627
2025-02-01 12:30:00,24-25,Nottingham Forest,Brighton and Hove Albion,H,H,0.28151643390460374,0.24908649192083354,0.4693970741745627
2025-02-01 15:00:00,24-25,Bournemouth,Liverpool,A,A,0.5780475876005173,0.1973986490338038,0.22455376336567898
2025-02-01 15:00:00,24-25,Everton,Leicester City,H,H,0.19643428271010657,0.26211604935578936,0.541449667934104
2025-02-01 15:00:00,24-25,Ipswich,Southampton,A,H,0.13072110080421756,0.21305430878337472,0.6562245904124077
2025-02-01 15:00:00,24-25,Newcastle United,Fulham,A,H,0.19934572090356734,0.2469388427802667,0.5537154363161659
2025-02-01 17:30:00,24-25,Wolverhampton Wanderers,Aston Villa,H,A,0.5795857671145391,0.2333362178048086,0.18707801508065228
2025-02-02 14:00:00,24-25,Brentford,Tottenham Hotspur,A,H,0.34197053658188126,0.21026861761367643,0.4477608458044423
2025-02-02 14:00:00,24-25,Manchester United,Crystal Palace,A,H,0.24400750000309188,0.28942167609811065,0.46657082389879745
2025-02-02 16:30:00,24-25,Arsenal,Manchester City,H,H,0.16648254525929893,0.18752883262050374,0.6459886221201973
2025-02-03 20:00:00,24-25,Chelsea,West Ham United,H,H,0.10620333314767402,0.1472418608847789,0.7465548059675472
2025-02-12 19:30:00,24-25,Everton,Liverpool,D,A,0.7209269156822938,0.15582173212155992,0.1232513521961463
2025-02-14 20:00:00,24-25,Brighton and Hove Albion,Chelsea,H,A,0.43534281457890317,0.2562589419301679,0.3083982434909289
2025-02-15 12:30:00,24-25,Leicester City,Arsenal,A,A,0.8197711291028068,0.11982390868979134,0.060404962207401956
2025-02-15 15:00:00,24-25,Aston Villa,Ipswich,D,H,0.1147062956041515,0.20590507817470446,0.679388626221144
2025-02-15 15:00:00,24-25,Fulham,Nottingham Forest,H,H,0.2553426646450785,0.18611475791835067,0.5585425774365708
2025-02-15 15:00:00,24-25,Manchester City,Newcastle United,H,H,0.12099642808649158,0.19495384396078633,0.6840497279527221
2025-02-15 15:00:00,24-25,Southampton,Bournemouth,A,A,0.7377206087574842,0.19825758372139152,0.06402180752112427
2025-02-15 15:00:00,24-25,West Ham United,Brentford,A,A,0.34517009214734096,0.31525447539034535,0.33957543246231364
2025-02-15 17:30:00,24-25,Crystal Palace,Everton,A,H,0.22268461056125194,0.2705110498711247,0.5068043395676234
2025-02-16 14:00:00,24-25,Liverpool,Wolverhampton Wanderers,H,H,0.02397256674231416,0.09608973974618719,0.8799376935114988
2025-02-16 16:30:00,24-25,Tottenham Hotspur,Manchester United,H,H,0.32779748402313513,0.27545277786628847,0.39674973811057634
2025-02-19 19:30:00,24-25,Aston Villa,Liverpool,D,A,0.5495278854497857,0.20877624262263483,0.24169587192757944
2025-02-21 20:00:00,24-25,Leicester City,Brentford,A,A,0.5350106923657773,0.2504894862912978,0.21449982134292483
2025-02-22 12:30:00,24-25,Everton,Manchester United,D,H,0.2745629138253362,0.20712400454004024,0.5183130816346235
2025-02-22 15:00:00,24-25,Arsenal,West Ham United,A,H,0.0325586725761194,0.10944388645182962,0.857997440972051
2025-02-22 15:00:00,24-25,Bournemouth,Wolverhampton Wanderers,A,H,0.12142279035397766,0.1946972783683471,0.6838799312776753
2025-02-22 15:00:00,24-25,Fulham,Crystal Palace,A,H,0.1981691561666189,0.2054513096221809,0.5963795342112002
2025-02-22 15:00:00,24-25,Ipswich,Tottenham Hotspur,A,A,0.4973728710539021,0.24081636196070594,0.261810766985392
2025-02-22 15:00:00,24-25,Southampton,Brighton and Hove Albion,A,A,0.6976448860625561,0.18693772208126416,0.11541739185617968
2025-02-22 17:30:00,24-25,Aston Villa,Chelsea,H,H,0.3329922035823449,0.24866700749263157,0.41834078892502347
2025-02-23 14:00:00,24-25,Newcastle United,Nottingham Forest,H,H,0.2375914913861604,0.23173015573406794,0.5306783528797716
2025-02-23 16:30:00,24-25,Manchester City,Liverpool,A,H,0.2645650096772533,0.19204864582879577,0.543386344493951
2025-02-25 19:30:00,24-25,Brighton and Hove Albion,Bournemouth,H,H,0.264059305849565,0.21669968821095462,0.5192410059394804
2025-02-25 19:30:00,24-25,Crystal Palace,Aston Villa,H,H,0.31698353296519566,0.19264652114817465,0.4903699458866296
2025-02-25 19:30:00,24-25,Wolverhampton Wanderers,Fulham,A,A,0.4432486047183802,0.25357913570846463,0.30317225957315513
2025-02-25 20:15:00,24-25,Chelsea,Southampton,H,H,0.03307048472366857,0.12353283416610891,0.8433966811102225
2025-02-26 19:30:00,24-25,Brentford,Everton,D,H,0.2520499857544598,0.2627324218169782,0.48521759242856205
2025-02-26 19:30:00,24-25,Manchester United,Ipswich,H,H,0.17742635324681677,0.24716169489956408,0.575411951853619
2025-02-26 19:30:00,24-25,Nottingham Forest,Arsenal,D,A,0.5820474967954663,0.18970134903994373,0.22825115416458996
2025-02-26 19:30:00,24-25,Tottenham Hotspur,Manchester City,A,A,0.5582151720375994,0.2125410645723267,0.2292437633900739
2025-02-26 20:15:00,24-25,Liverpool,Newcastle United,H,H,0.084188598523834,0.15735648129147195,0.7584549201846941
2025-02-27 20:00:00,24-25,West Ham United,Leicester City,H,H,0.135798651515743,0.21496183045893305,0.649239518025324
2025-03-08 12:30:00,24-25,Nottingham Forest,Manchester City,H,A,0.545026679686802,0.21457026161692538,0.24040305869627265
2025-03-08 15:00:00,24-25,Brighton and Hove Albion,Fulham,H,H,0.22510506126866647,0.2147854105889385,0.560109528142395
2025-03-08 15:00:00,24-25,Crystal Palace,Ipswich,H,H,0.10953174759498178,0.1528139525610389,0.7376542998439792
2025-03-08 15:00:00,24-25,Liverpool,Southampton,H,H,0.00603360711189077,0.056533616099699424,0.9374327767884097
2025-03-08 17:30:00,24-25,Brentford,Aston Villa,A,H,0.32457854250778734,0.1754322919292703,0.4999891655629423
2025-03-08 20:00:00,24-25,Wolverhampton Wanderers,Everton,D,A,0.3961707447056793,0.2514584711907571,0.35237078410356365
2025-03-09 14:00:00,24-25,Chelsea,Leicester City,H,H,0.0608403211989406,0.16406833604586157,0.7750913427551979
2025-03-09 14:00:00,24-25,Tottenham Hotspur,Bournemouth,D,H,0.3485045234366844,0.23747417271744567,0.41402130384586994
2025-03-09 16:30:00,24-25,Manchester United,Arsenal,D,A,0.6106650280380432,0.20218160827634063,0.1871533636856162
2025-03-10 20:00:00,24-25,West Ham United,Newcastle United,A,A,0.42892093525063707,0.2140936040527453,0.35698546069661763
2025-03-15 15:00:00,24-25,Everton,West Ham United,D,H,0.24175810485946536,0.2298306671343106,0.5284112280062241
2025-03-15 15:00:00,24-25,Ipswich,Nottingham Forest,A,A,0.5682973481208343,0.2156327076584932,0.2160699442206725
2025-03-15 15:00:00,24-25,Manchester City,Brighton and Hove Albion,D,H,0.11141468580046565,0.23377792624019633,0.654807387959338
2025-03-15 15:00:00,24-25,Southampton,Wolverhampton Wanderers,A,A,0.5852713991330504,0.30555019616056206,0.10917840470638757
2025-03-15 17:30:00,24-25,Bournemouth,Brentford,A,H,0.26511931355169766,0.28933776107687653,0.44554292537142587
2025-03-16 13:30:00,24-25,Arsenal,Chelsea,H,H,0.10995801261222038,0.18150244740579474,0.7085395399819848
2025-03-16 13:30:00,24-25,Fulham,Tottenham Hotspur,H,H,0.24135122231215872,0.21375654594210128,0.54489223174574
2025-03-16 19:00:00,24-25,Leicester City,Manchester United,A,A,0.6121310182507161,0.22220812210499885,0.16566085964428506
2025-04-01 19:45:00,24-25,Arsenal,Fulham,H,H,0.06608666184118409,0.15212377990448547,0.7817895582543305
2025-04-01 19:45:00,24-25,Wolverhampton Wanderers,West Ham United,H,H,0.3454100649246571,0.24037277864343926,0.41421715643190365
2025-04-01 20:00:00,24-25,Nottingham Forest,Manchester United,H,H,0.2368620067285156,0.24700787562037596,0.5161301176511085
2025-04-02 19:45:00,24-25,Bournemouth,Ipswich,A,H,0.13399620784347144,0.20018888468648194,0.6658149074700466
2025-04-02 19:45:00,24-25,Brighton and Hove Albion,Aston Villa,A,H,0.18644684009376933,0.14417143374636787,0.6693817261598629
2025-04-02 19:45:00,24-25,Manchester City,Leicester City,H,H,0.02689735626450816,0.11858237352677906,0.8545202702087129
2025-04-02 19:45:00,24-25,Newcastle United,Brentford,H,H,0.17473395885020562,0.2629736117903497,0.5622924293594447
2025-04-02 19:45:00,24-25,Southampton,Crystal Palace,D,A,0.7215672312194136,0.23088713222675789,0.047545636553828666
2025-04-02 20:00:00,24-25,Liverpool,Everton,H,H,0.03765639967750991,0.12395341438452868,0.8383901859379613
2025-04-03 20:00:00,24-25,Chelsea,Tottenham Hotspur,H,H,0.18540831194758528,0.21319751387315736,0.6013941741792573
2025-04-05 12:30:00,24-25,Everton,Arsenal,D,A,0.6432781322855645,0.1534740032133192,0.2032478645011162
2025-04-05 15:00:00,24-25,Crystal Palace,Brighton and Hove Albion,H,H,0.26639862701115946,0.2199500718674351,0.5136513011214054
2025-04-05 15:00:00,24-25,Ipswich,Wolverhampton Wanderers,A,H,0.3270707129993379,0.2800371406967427,0.39289214630391955
2025-04-05 15:00:00,24-25,West Ham United,Bournemouth,D,A,0.41880075208307277,0.22711286427179947,0.3540863836451276
2025-04-05 17:30:00,24-25,Aston Villa,Nottingham Forest,H,H,0.22076816071988042,0.22395342098289325,0.5552784182972264
2025-04-06 14:00:00,24-25,Brentford,Chelsea,D,A,0.44248256932638075,0.23975507638856836,0.31776235428505084
2025-04-06 14:00:00,24-25,Fulham,Liverpool,H,A,0.6534227607425681,0.20122587879889528,0.14535136045853675
2025-04-06 14:00:00,24-25,Tottenham Hotspur,Southampton,H,H,0.06629937274383428,0.15156809368188934,0.7821325335742764
2025-04-06 16:30:00,24-25,Manchester United,Manchester City,D,A,0.5491803089814816,0.20433821061111618,0.24648148040740228
2025-04-07 20:00:00,24-25,Leicester City,Newcastle United,A,A,0.7037115041860397,0.1749987194511779,0.12128977636278242
2025-04-12 12:30:00,24-25,Manchester City,Crystal Palace,H,H,0.09875181741572489,0.22990849384594697,0.6713396887383282
2025-04-12 15:00:00,24-25,Brighton and Hove Albion,Leicester City,D,H,0.06863716004207727,0.14366574375478314,0.7876970962031395
2025-04-12 15:00:00,24-25,Nottingham Forest,Everton,A,H,0.25652470841009894,0.2942967525045336,0.44917853908536753
2025-04-12 15:00:00,24-25,Southampton,Aston Villa,A,A,0.7597113639341704,0.15807785250067813,0.0822107835651516
2025-04-12 17:30:00,24-25,Arsenal,Brentford,D,H,0.06326475285093289,0.15242870330020458,0.7843065438488626
2025-04-13 14:00:00,24-25,Chelsea,Ipswich,D,H,0.06866206167684569,0.14625369472171254,0.7850842436014417
2025-04-13 14:00:00,24-25,Liverpool,West Ham United,H,H,0.03633241290343025,0.12606861795542504,0.8375989691411446
2025-04-13 14:00:00,24-25,Wolverhampton Wanderers,Tottenham Hotspur,H,A,0.4293361270749239,0.23681866860019504,0.333845204324881
2025-04-13 16:30:00,24-25,Newcastle United,Manchester United,H,H,0.14788229663986585,0.1947014893411986,0.6574162140189357
2025-04-14 20:00:00,24-25,Bournemouth,Fulham,H,H,0.28859323062017267,0.1972321742579237,0.5141745951219036
2025-04-16 19:30:00,24-25,Newcastle United,Crystal Palace,H,H,0.13253789505299798,0.1746128332297117,0.6928492717172903
2025-04-19 15:00:00,24-25,Brentford,Brighton and Hove Albion,H,A,0.3943806811166005,0.283883270459557,0.32173604842384257
2025-04-19 15:00:00,24-25,Crystal Palace,Bournemouth,D,H,0.3464172221681966,0.3010972381554719,0.35248553967633156
2025-04-19 15:00:00,24-25,Everton,Manchester City,A,A,0.5675137881078713,0.19792366463788555,0.23456254725424305
2025-04-19 15:00:00,24-25,West Ham United,Southampton,D,H,0.08930785129249312,0.19547599998334747,0.7152161487241594
2025-04-19 17:30:00,24-25,Aston Villa,Newcastle United,H,H,0.2512649811286214,0.25645897330062456,0.49227604557075394
2025-04-20 14:00:00,24-25,Fulham,Chelsea,A,A,0.39056231812746106,0.27292631497215575,0.33651136690038325
2025-04-20 14:00:00,24-25,Ipswich,Arsenal,A,A,0.7776694985012613,0.14142123987306204,0.08090926162567652
2025-04-20 14:00:00,24-25,Manchester United,Wolverhampton Wanderers,A,H,0.1690112632845689,0.25147239202244187,0.5795163446929893
2025-04-20 16:30:00,24-25,Leicester City,Liverpool,A,A,0.8595980754652094,0.10687913345808904,0.033522791076701614
2025-04-21 20:00:00,24-25,Tottenham Hotspur,Nottingham Forest,A,H,0.31636530884363484,0.1915495874734551,0.4920851036829102
2025-04-22 20:00:00,24-25,Manchester City,Aston Villa,H,H,0.11275667193761643,0.2100152908006405,0.6772280372617431
2025-04-23 20:00:00,24-25,Arsenal,Crystal Palace,D,H,0.05944788953317913,0.12279227628567949,0.8177598341811414
2025-04-26 12:30:00,24-25,Chelsea,Everton,H,H,0.17065508539417998,0.2226007607171461,0.6067441538886739
2025-04-26 15:00:00,24-25,Brighton and Hove Albion,West Ham United,H,H,0.21696209488297447,0.24298933732945027,0.5400485677875753
2025-04-26 15:00:00,24-25,Newcastle United,Ipswich,H,H,0.0491894629543406,0.11636736388834863,0.8344431731573109
2025-04-26 15:00:00,24-25,Southampton,Fulham,A,A,0.7154556121244207,0.15758728685728068,0.1269571010182988
2025-04-26 15:00:00,24-25,Wolverhampton Wanderers,Leicester City,H,H,0.10481699860272393,0.15175777943188645,0.7434252219653895
2025-04-27 14:00:00,24-25,Bournemouth,Manchester United,D,H,0.26970776070517205,0.2239026098091912,0.5063896294856367
2025-04-27 16:30:00,24-25,Liverpool,Tottenham Hotspur,H,H,0.0515649438833927,0.14317292281420732,0.8052621333024
2025-05-01 19:30:00,24-25,Nottingham Forest,Brentford,A,H,0.2655251989014676,0.29758092616715187,0.43689387493138043
2025-05-02 20:00:00,24-25,Manchester City,Wolverhampton Wanderers,H,H,0.03992133661844047,0.14453422927734227,0.8155444341042173
2025-05-03 12:30:00,24-25,Aston Villa,Fulham,H,H,0.13979356692901912,0.15239970171549577,0.7078067313554851
2025-05-03 15:00:00,24-25,Everton,Ipswich,D,H,0.11505323585883996,0.15642293188952797,0.7285238322516321
2025-05-03 15:00:00,24-25,Leicester City,Southampton,H,D,0.29121022700261895,0.3824031031353132,0.32638666986206777
2025-05-03 17:30:00,24-25,Arsenal,Bournemouth,A,H,0.0861005639129573,0.18660375548968447,0.7272956805973583
2025-05-04 14:00:00,24-25,Brentford,Manchester United,H,H,0.30364029396528736,0.2572826046985783,0.4390771013361344
2025-05-04 14:00:00,24-25,Brighton and Hove Albion,Newcastle United,D,A,0.4000923835875744,0.27546114419398066,0.32444647221844486
2025-05-04 14:00:00,24-25,West Ham United,Tottenham Hotspur,D,A,0.3971652413773222,0.25568288796580474,0.34715187065687303
2025-05-04 16:30:00,24-25,Chelsea,Liverpool,H,A,0.506297694114045,0.20898505787525903,0.28471724801069603
2025-05-05 20:00:00,24-25,Crystal Palace,Nottingham Forest,D,H,0.28644321255883204,0.20859860800259358,0.5049581794385744
2025-05-10 15:00:00,24-25,Fulham,Everton,A,H,0.2557182858459468,0.2472070841164801,0.4970746300375731
2025-05-10 15:00:00,24-25,Ipswich,Brentford,A,A,0.5542709133131739,0.3030306000078207,0.14269848667900537
2025-05-10 15:00:00,24-25,Southampton,Manchester City,D,A,0.869754286641009,0.09492341164059934,0.03532230171839183
2025-05-10 15:00:00,24-25,Wolverhampton Wanderers,Brighton and Hove Albion,A,H,0.3625225722704456,0.20687371697774784,0.43060371075180653
2025-05-10 17:30:00,24-25,Bournemouth,Aston Villa,A,A,0.38061134949458136,0.28266702461669074,0.33672162588872795
2025-05-11 12:00:00,24-25,Newcastle United,Chelsea,H,H,0.2281363103682571,0.20526363070829565,0.5666000589234472
2025-05-11 14:15:00,24-25,Manchester United,West Ham United,A,H,0.26130190695375516,0.26901740658964285,0.46968068645660194
2025-05-11 14:15:00,24-25,Nottingham Forest,Leicester City,D,H,0.08780386423039932,0.21762028897051708,0.6945758467990836
2025-05-11 14:15:00,24-25,Tottenham Hotspur,Crystal Palace,A,H,0.38514540048519535,0.21617170529457536,0.3986828942202293
2025-05-11 16:30:00,24-25,Liverpool,Arsenal,D,H,0.19856316413862884,0.19713481184471007,0.6043020240166611
2025-05-16 19:30:00,24-25,Aston Villa,Tottenham Hotspur,H,H,0.10521861277811648,0.14036317147579494,0.7544182157460886
2025-05-16 20:15:00,24-25,Chelsea,Manchester United,H,H,0.15228929673722413,0.1966193410889942,0.6510913621737817
2025-05-18 12:00:00,24-25,Everton,Southampton,H,H,0.07066686994847456,0.1890296071413084,0.740303522910217
2025-05-18 14:15:00,24-25,West Ham United,Nottingham Forest,A,H,0.37763631989802904,0.1867954566747976,0.43556822342717333
2025-05-18 15:00:00,24-25,Brentford,Fulham,A,H,0.22598287305751943,0.18301704093199167,0.5910000860104888
2025-05-18 15:00:00,24-25,Leicester City,Ipswich,H,A,0.3818624936270536,0.25359507616620686,0.36454243020673954
2025-05-18 16:30:00,24-25,Arsenal,Newcastle United,H,H,0.16248377373745573,0.22692640232780656,0.6105898239347377
2025-05-19 20:00:00,24-25,Brighton and Hove Albion,Liverpool,H,A,0.5933290816917417,0.1918093827112128,0.21486153559704543
2025-05-20 20:00:00,24-25,Crystal Palace,Wolverhampton Wanderers,H,H,0.14180612460917744,0.18547245525047631,0.6727214201403463
2025-05-20 20:00:00,24-25,Manchester City,Bournemouth,H,H,0.07004004377633083,0.13783080868655664,0.7921291475371126
2025-05-25 16:00:00,24-25,Ipswich,West Ham United,A,A,0.46776418616241605,0.2793407811274913,0.25289503271009256
2025-05-25 16:00:00,24-25,Liverpool,Crystal Palace,D,H,0.0805084754167616,0.1927122107463171,0.7267793138369213
2025-05-25 16:00:00,24-25,Manchester United,Aston Villa,H,A,0.47980172964490286,0.2412756417121157,0.27892262864298156
2025-05-25 16:00:00,24-25,Bournemouth,Leicester City,H,H,0.09587935385363149,0.2060817834803124,0.6980388626660561
2025-05-25 16:00:00,24-25,Fulham,Manchester City,A,A,0.5112733286190047,0.20883976780248453,0.2798869035785107
2025-05-25 16:00:00,24-25,Tottenham Hotspur,Brighton and Hove Albion,A,A,0.4155982815264072,0.23736563576343084,0.34703608271016184
2025-05-25 16:00:00,24-25,Wolverhampton Wanderers,Brentford,D,A,0.3996301851848496,0.2923672955492972,0.30800251926585315
2025-05-25 16:00:00,24-25,Newcastle United,Everton,A,H,0.12565100624910225,0.1775789801758261,0.6967700135750716
2025-05-25 16:00:00,24-25,Nottingham Forest,Chelsea,A,H,0.36176972328891893,0.2621944184024802,0.37603585830860087
2025-05-25 16:00:00,24-25,Southampton,Arsenal,A,A,0.8875690250612028,0.07763320847368012,0.03479776646511704
2025-08-15 20:00:00,25-26,Liverpool,Bournemouth,H,H,0.07425009031369804,0.20710473733830723,0.7186451723479947
2025-08-16 12:30:00,25-26,Aston Villa,Newcastle United,D,H,0.26046053261670316,0.3309375429556716,0.40860192442762533
2025-08-16 15:00:00,25-26,Brighton and Hove Albion,Fulham,D,H,0.2133233189596968,0.25220069299671777,0.5344759880435854
2025-08-16 15:00:00,25-26,Sunderland,West Ham United,H,H,0.28675836190872145,0.24055935308662074,0.4726822850046577
2025-08-16 15:00:00,25-26,Tottenham Hotspur,Burnley,H,H,0.31869086429223564,0.2613231094281704,0.41998602627959397
2025-08-16 17:30:00,25-26,Wolverhampton Wanderers,Manchester City,A,A,0.5188604210730065,0.2261428811437843,0.2549966977832092
2025-08-17 14:00:00,25-26,Chelsea,Crystal Palace,D,H,0.19144956056608706,0.2829076290195565,0.5256428104143565
2025-08-17 14:00:00,25-26,Nottingham Forest,Brentford,H,H,0.3063206210419409,0.2935393265653867,0.40014005239267236
2025-08-17 16:30:00,25-26,Manchester United,Arsenal,A,A,0.4652820752629863,0.23491515470175894,0.2998027700352549
2025-08-18 20:00:00,25-26,Leeds United,Everton,H,A,0.5875542587972069,0.23164071843546657,0.18080502276732652
2025-08-22 20:00:00,25-26,West Ham United,Chelsea,A,A,0.4722760075467744,0.24560135819588427,0.28212263425734124
2025-08-23 12:30:00,25-26,Manchester City,Tottenham Hotspur,A,H,0.09814337734074607,0.160238563004429,0.7416180596548251
2025-08-23 15:00:00,25-26,Bournemouth,Wolverhampton Wanderers,H,H,0.10229181971055536,0.23596309651586075,0.6617450837735839
2025-08-23 15:00:00,25-26,Brentford,Aston Villa,H,H,0.2710220858591744,0.2054785054063563,0.5234994087344693
2025-08-23 15:00:00,25-26,Burnley,Sunderland,H,A,0.7887435404111581,0.14153124960303545,0.06972520998580632
2025-08-23 17:30:00,25-26,Arsenal,Leeds United,H,H,0.0605852048080405,0.17306837570404332,0.7663464194879162
2025-08-24 14:00:00,25-26,Crystal Palace,Nottingham Forest,D,H,0.31045954920432123,0.21542607084730817,0.4741143799483707
2025-08-24 14:00:00,25-26,Everton,Brighton and Hove Albion,H,H,0.3169641037860539,0.25014778573015883,0.4328881104837872
2025-08-24 16:30:00,25-26,Fulham,Manchester United,D,H,0.2536433732988206,0.2883389448905292,0.4580176818106503
2025-08-25 20:00:00,25-26,Newcastle United,Liverpool,A,A,0.4003358197407675,0.22864630402144126,0.3710178762377913
2025-08-30 12:30:00,25-26,Chelsea,Fulham,H,H,0.13368589891339816,0.2152515145574967,0.6510625865291051
2025-08-30 15:00:00,25-26,Manchester United,Burnley,H,H,0.16540668699569758,0.18679984716184775,0.6477934658424548
2025-08-30 15:00:00,25-26,Sunderland,Brentford,H,H,0.33525782863773923,0.2636279224536302,0.40111424890863046
2025-08-30 15:00:00,25-26,Tottenham Hotspur,Bournemouth,A,A,0.400829262707588,0.29811833937504956,0.3010523979173625
2025-08-30 15:00:00,25-26,Wolverhampton Wanderers,Everton,A,A,0.4469219286754588,0.24542278585392827,0.30765528547061294
2025-08-30 17:30:00,25-26,Leeds United,Newcastle United,D,A,0.62375506802205,0.235933445701074,0.14031148627687595
2025-08-31 14:00:00,25-26,Brighton and Hove Albion,Manchester City,H,A,0.4200011061874477,0.2532748155293483,0.326724078283204
2025-08-31 14:00:00,25-26,Nottingham Forest,West Ham United,A,H,0.06920768182184536,0.1775591046583982,0.7532332135197566
2025-08-31 16:30:00,25-26,Liverpool,Arsenal,H,H,0.23395113686220648,0.2497198077505885,0.5163290553872051
2025-08-31 19:00:00,25-26,Aston Villa,Crystal Palace,A,H,0.22483279092969505,0.29668376627982457,0.4784834427904804
2025-09-13 12:30:00,25-26,Arsenal,Nottingham Forest,H,H,0.0734106253511505,0.2042350424695489,0.7223543321793006
2025-09-13 15:00:00,25-26,Bournemouth,Brighton and Hove Albion,H,H,0.23100530161208066,0.22506483983796274,0.5439298585499566
2025-09-13 15:00:00,25-26,Crystal Palace,Sunderland,D,H,0.23801213072694516,0.25543833926198267,0.5065495300110722
2025-09-13 15:00:00,25-26,Everton,Aston Villa,D,H,0.22529982325784745,0.24094121716828867,0.5337589595738639
2025-09-13 15:00:00,25-26,Fulham,Leeds United,H,H,0.17813290220293904,0.2590017553440314,0.5628653424530295
2025-09-13 15:00:00,25-26,Newcastle United,Wolverhampton Wanderers,H,H,0.07778332288846274,0.18115956490751528,0.7410571122040219
2025-09-13 17:30:00,25-26,West Ham United,Tottenham Hotspur,A,A,0.4164199465650632,0.22782328326722845,0.3557567701677084
2025-09-13 20:00:00,25-26,Brentford,Chelsea,D,A,0.4865422252198017,0.23341123400316977,0.28004654077702856
2025-09-14 14:00:00,25-26,Burnley,Liverpool,A,A,0.7984111132755836,0.1344675709941396,0.0671213157302767
2025-09-14 16:30:00,25-26,Manchester City,Manchester United,H,H,0.10109195597524477,0.24831694930444528,0.65059109472031
2025-09-20 12:30:00,25-26,Liverpool,Everton,H,H,0.06523846094355447,0.1899594478100274,0.7448020912464182
2025-09-20 15:00:00,25-26,Brighton and Hove Albion,Tottenham Hotspur,D,H,0.2534161127284083,0.2166002325257296,0.5299836547458621
2025-09-20 15:00:00,25-26,Burnley,Nottingham Forest,D,A,0.5601322546527112,0.23595338045533568,0.203914364891953
2025-09-20 15:00:00,25-26,West Ham United,Crystal Palace,A,A,0.5172664850024714,0.23901587221471848,0.2437176427828101
2025-09-20 15:00:00,25-26,Wolverhampton Wanderers,Leeds United,A,H,0.31769979244333796,0.2919820474956517,0.39031816006101033
2025-09-20 17:30:00,25-26,Manchester United,Chelsea,H,A,0.47836764099039586,0.21101082110638975,0.3106215379032145
2025-09-20 20:00:00,25-26,Fulham,Brentford,H,H,0.30695134341676816,0.2877957728621536,0.4052528837210783
2025-09-21 14:00:00,25-26,Bournemouth,Newcastle United,D,H,0.2828690677993414,0.24401676724780025,0.4731141649528583
2025-09-21 14:00:00,25-26,Sunderland,Aston Villa,D,H,0.294499440201034,0.2381948377562181,0.46730572204274773
2025-09-21 16:30:00,25-26,Arsenal,Manchester City,D,H,0.1411965111238274,0.21458558103077424,0.6442179078453985
2025-09-27 12:30:00,25-26,Brentford,Manchester United,H,H,0.29441160281823375,0.28572232611198156,0.4198660710697847
2025-09-27 15:00:00,25-26,Chelsea,Brighton and Hove Albion,A,H,0.15194392838371598,0.2337866204596781,0.614269451156606
2025-09-27 15:00:00,25-26,Crystal Palace,Liverpool,H,H,0.35984128977002144,0.22163438208618752,0.41852432814379104
2025-09-27 15:00:00,25-26,Leeds United,Bournemouth,D,A,0.5568367782992959,0.22889642803816018,0.21426679366254395
2025-09-27 15:00:00,25-26,Manchester City,Burnley,H,H,0.0338274992848871,0.13028072074867023,0.8358917799664426
2025-09-27 17:30:00,25-26,Nottingham Forest,Sunderland,A,H,0.3086471262186702,0.2679634986604391,0.42338937512089075
2025-09-27 20:00:00,25-26,Tottenham Hotspur,Wolverhampton Wanderers,D,H,0.20050912036347918,0.24825283200598677,0.5512380476305341
2025-09-28 14:00:00,25-26,Aston Villa,Fulham,H,H,0.22446954881774503,0.27879492279389445,0.49673552838836066
2025-09-28 16:30:00,25-26,Newcastle United,Arsenal,A,A,0.4002302367302371,0.2564108561912999,0.34335890707846306
2025-09-29 20:00:00,25-26,Everton,West Ham United,D,H,0.15095879781531046,0.22710344835656593,0.6219377538281236
2025-10-03 20:00:00,25-26,Bournemouth,Fulham,H,H,0.20576463764572028,0.2188379289976069,0.5753974333566727
2025-10-04 12:30:00,25-26,Leeds United,Tottenham Hotspur,A,A,0.5307539504680965,0.20522530086678842,0.26402074866511516
2025-10-04 15:00:00,25-26,Arsenal,West Ham United,H,H,0.028873639899331786,0.12532112822342775,0.8458052318772404
2025-10-04 15:00:00,25-26,Manchester United,Sunderland,H,H,0.3125694992637271,0.22203707242954965,0.46539342830672314
2025-10-04 17:30:00,25-26,Chelsea,Liverpool,H,H,0.30592596731305677,0.2376214645786761,0.4564525681082672
2025-10-05 14:00:00,25-26,Everton,Crystal Palace,H,A,0.378395054026713,0.2531918078366837,0.3684131381366033
2025-10-05 14:00:00,25-26,Aston Villa,Burnley,H,H,0.07571333715913472,0.18518688861201926,0.7390997742288459
2025-10-05 14:00:00,25-26,Wolverhampton Wanderers,Brighton and Hove Albion,D,A,0.5110857204740977,0.23160980691050595,0.25730447261539624
2025-10-05 14:00:00,25-26,Newcastle United,Nottingham Forest,H,H,0.15314882595246324,0.2317185825470378,0.615132591500499
2025-10-05 16:30:00,25-26,Brentford,Manchester City,A,A,0.5261407400520555,0.23852655364200645,0.23533270630593806
2025-10-18 12:30:00,25-26,Nottingham Forest,Chelsea,A,A,0.4879712778353677,0.27669174899563315,0.2353369731689992
2025-10-18 15:00:00,25-26,Brighton and Hove Albion,Newcastle United,H,H,0.27618293899902463,0.2683226754823259,0.45549438551864946
2025-10-18 15:00:00,25-26,Burnley,Leeds United,H,A,0.5290059605175333,0.26876955280697656,0.20222448667549012
2025-10-18 15:00:00,25-26,Crystal Palace,Bournemouth,D,H,0.20015595722796795,0.22140555576706922,0.5784384870049629
2025-10-18 15:00:00,25-26,Manchester City,Everton,H,H,0.09107480046714504,0.21521125440313585,0.6937139451297191
2025-10-18 15:00:00,25-26,Sunderland,Wolverhampton Wanderers,H,H,0.2195622891993035,0.27618873986248804,0.5042489709382085
2025-10-18 17:30:00,25-26,Fulham,Arsenal,A,A,0.5966121382405035,0.22990064616271533,0.17348721559678112
2025-10-19 14:00:00,25-26,Tottenham Hotspur,Aston Villa,A,A,0.3936036436786782,0.2546535894625514,0.3517427668587704
2025-10-19 16:30:00,25-26,Liverpool,Manchester United,A,H,0.06676275222270295,0.21296579502790025,0.7202714527493969
2025-10-20 20:00:00,25-26,West Ham United,Brentford,A,A,0.4308401507473002,0.2677022075836199,0.3014576416690799
2025-10-24 20:00:00,25-26,Leeds United,West Ham United,H,H,0.30240456111104647,0.19489061984714137,0.5027048190418122
2025-10-25 15:00:00,25-26,Chelsea,Sunderland,A,H,0.161712058971185,0.24824857946576717,0.5900393615630478
2025-10-25 15:00:00,25-26,Newcastle United,Fulham,H,H,0.14838950329470396,0.2166895999428953,0.6349208967624008
2025-10-25 17:30:00,25-26,Manchester United,Brighton and Hove Albion,H,H,0.3204794085893112,0.249018249739763,0.43050234167092577
2025-10-25 20:00:00,25-26,Brentford,Liverpool,H,A,0.4483256617688089,0.24915665443412913,0.302517683797062
2025-10-26 14:00:00,25-26,Arsenal,Crystal Palace,H,H,0.09433602794438702,0.22370039437944533,0.6819635776761677
2025-10-26 14:00:00,25-26,Aston Villa,Manchester City,H,A,0.38195175610766735,0.2855503500691878,0.3324978938231448
2025-10-26 14:00:00,25-26,Bournemouth,Nottingham Forest,H,H,0.16093168398539912,0.23002405515186425,0.6090442608627367
2025-10-26 14:00:00,25-26,Wolverhampton Wanderers,Burnley,A,H,0.24726300712056046,0.19895326089751914,0.5537837319819203
2025-10-26 16:30:00,25-26,Everton,Tottenham Hotspur,A,H,0.29259707899326604,0.25005457434770695,0.45734834665902696
2025-11-01 15:00:00,25-26,Brighton and Hove Albion,Leeds United,H,H,0.15994057181363328,0.27637213960557666,0.5636872885807901
2025-11-01 15:00:00,25-26,Burnley,Arsenal,A,A,0.786852047786374,0.1482105952640531,0.06493735694957309
2025-11-01 15:00:00,25-26,Crystal Palace,Brentford,H,H,0.21102683486042678,0.24584713032645145,0.5431260348131217
2025-11-01 15:00:00,25-26,Fulham,Wolverhampton Wanderers,H,H,0.2425793396404585,0.30837503846859565,0.44904562189094593
2025-11-01 15:00:00,25-26,Nottingham Forest,Manchester United,D,A,0.391891922382833,0.28275949778897114,0.32534857982819576
2025-11-01 17:30:00,25-26,Tottenham Hotspur,Chelsea,A,A,0.42176075830786786,0.22565944333349275,0.35257979835863945
2025-11-01 20:00:00,25-26,Liverpool,Aston Villa,H,H,0.11691607770485773,0.2304546682286833,0.6526292540664589
2025-11-02 14:00:00,25-26,West Ham United,Newcastle United,H,A,0.6060360491016553,0.2562810251624393,0.13768292573590535
2025-11-02 16:30:00,25-26,Manchester City,Bournemouth,H,H,0.07864043006577325,0.16172268319731903,0.7596368867369078
2025-11-03 20:00:00,25-26,Sunderland,Everton,D,H,0.2529901497824359,0.2459984425000967,0.5010114077174673
2025-11-08 12:30:00,25-26,Tottenham Hotspur,Manchester United,D,A,0.371838166097626,0.2608144836133999,0.3673473502889742
2025-11-08 15:00:00,25-26,Everton,Fulham,H,H,0.2977265030656522,0.27141325421957196,0.43086024271477585
2025-11-08 15:00:00,25-26,West Ham United,Burnley,H,H,0.26135638384845683,0.23093856188748094,0.5077050542640622
2025-11-08 17:30:00,25-26,Sunderland,Arsenal,D,A,0.5490091725166085,0.235912109122632,0.21507871836075948
2025-11-08 20:00:00,25-26,Chelsea,Wolverhampton Wanderers,H,H,0.07611411784339152,0.20682495685844265,0.7170609252981659
2025-11-09 14:00:00,25-26,Aston Villa,Bournemouth,H,H,0.16965109726131206,0.2243637532300294,0.6059851495086586
2025-11-09 14:00:00,25-26,Brentford,Newcastle United,H,H,0.29262334511798893,0.24987142615189153,0.4575052287301196
2025-11-09 14:00:00,25-26,Crystal Palace,Brighton and Hove Albion,D,H,0.22618062880363662,0.2484756713378164,0.525343699858547
2025-11-09 14:00:00,25-26,Nottingham Forest,Leeds United,H,H,0.28691350883838546,0.3204192163198278,0.3926672748417867
2025-11-09 16:30:00,25-26,Manchester City,Liverpool,H,H,0.14758353394191814,0.224260155901028,0.6281563101570538
2025-11-22 12:30:00,25-26,Burnley,Chelsea,A,A,0.7298946087880261,0.1844264246883554,0.08567896652361842
2025-11-22 15:00:00,25-26,Bournemouth,West Ham United,D,H,0.15686985382192958,0.2345403803214287,0.6085897658566417
2025-11-22 15:00:00,25-26,Brighton and Hove Albion,Brentford,H,H,0.2513519685973666,0.2918496249346545,0.45679840646797887
2025-11-22 15:00:00,25-26,Fulham,Sunderland,H,H,0.3664874484688871,0.2573142711694649,0.3761982803616479
2025-11-22 15:00:00,25-26,Liverpool,Nottingham Forest,A,H,0.07409634455954289,0.21988860339661742,0.7060150520438396
2025-11-22 15:00:00,25-26,Wolverhampton Wanderers,Crystal Palace,A,A,0.6495143161184783,0.21617928925009372,0.13430639463142788
2025-11-22 17:30:00,25-26,Newcastle United,Manchester City,H,A,0.42684527620914364,0.24911158030674696,0.3240431434841094
2025-11-23 14:00:00,25-26,Leeds United,Aston Villa,A,A,0.5714438366007536,0.18227106748575678,0.24628509591348965
2025-11-23 16:30:00,25-26,Arsenal,Tottenham Hotspur,H,H,0.049888751041149426,0.13990284453059768,0.8102084044282529
2025-11-24 20:00:00,25-26,Manchester United,Everton,A,H,0.25253107628136384,0.24400934160852936,0.5034595821101069
2025-11-29 15:00:00,25-26,Brentford,Burnley,H,H,0.07277302794191501,0.12043835621028141,0.8067886158478036
2025-11-29 15:00:00,25-26,Manchester City,Leeds United,H,H,0.04131573752292851,0.16688383848197658,0.791800423995095
2025-11-29 15:00:00,25-26,Sunderland,Bournemouth,H,H,0.3365766746903614,0.2784784798722187,0.3849448454374198
2025-11-29 17:30:00,25-26,Everton,Newcastle United,A,H,0.3067175694018513,0.27300341946046003,0.4202790111376886
2025-11-29 20:00:00,25-26,Tottenham Hotspur,Fulham,A,H,0.35728770101247337,0.27110598611026565,0.3716063128772609
2025-11-30 12:00:00,25-26,Crystal Palace,Manchester United,A,H,0.193453876393356,0.2509994574343139,0.5555466661723302
2025-11-30 14:05:00,25-26,Aston Villa,Wolverhampton Wanderers,H,H,0.08030028540967767,0.2360327266821273,0.683666987908195
2025-11-30 14:05:00,25-26,Nottingham Forest,Brighton and Hove Albion,A,H,0.32425262412622047,0.23070186641435547,0.44504550945942417
2025-11-30 14:05:00,25-26,West Ham United,Liverpool,A,A,0.5879294504136912,0.2457753082922019,0.16629524129410683
2025-11-30 16:30:00,25-26,Chelsea,Arsenal,D,H,0.30510029465623023,0.23702291033510206,0.4578767950086676
2025-12-02 19:30:00,25-26,Bournemouth,Everton,A,H,0.21458424772533854,0.21601315499636586,0.5694025972782956
2025-12-02 19:30:00,25-26,Fulham,Manchester City,A,A,0.5167772826989558,0.23687118230991636,0.24635153499112766
2025-12-02 20:15:00,25-26,Newcastle United,Tottenham Hotspur,D,H,0.1734440526902945,0.23103385291146897,0.5955220943982367
2025-12-03 19:30:00,25-26,Arsenal,Brentford,H,H,0.0781202178722382,0.23097302626826427,0.6909067558594976
2025-12-03 19:30:00,25-26,Brighton and Hove Albion,Aston Villa,A,H,0.22037653768996493,0.2247861249356819,0.5548373373743531
2025-12-03 19:30:00,25-26,Burnley,Crystal Palace,A,A,0.6859614861490968,0.19386957091478943,0.12016894293611377
2025-12-03 19:30:00,25-26,Wolverhampton Wanderers,Nottingham Forest,A,A,0.510977188193421,0.2506907797666193,0.23833203203995973
2025-12-03 20:15:00,25-26,Leeds United,Chelsea,H,A,0.7261529199761054,0.18010631823210863,0.09374076179178585
2025-12-03 20:15:00,25-26,Liverpool,Sunderland,D,H,0.09139345955589591,0.1887820138704859,0.7198245265736183
2025-12-04 20:00:00,25-26,Manchester United,West Ham United,D,H,0.14308658648522182,0.2021320041600974,0.6547814093546808
2025-12-06 12:30:00,25-26,Aston Villa,Arsenal,H,A,0.3742615147816741,0.3050075548095646,0.3207309304087612
2025-12-06 15:00:00,25-26,Bournemouth,Chelsea,D,A,0.4183083064933005,0.26645732070191835,0.31523437280478117
2025-12-06 15:00:00,25-26,Everton,Nottingham Forest,H,H,0.22462418410185134,0.26737378908237447,0.5080020268157742
2025-12-06 15:00:00,25-26,Manchester City,Sunderland,H,H,0.06454979205355296,0.15485004484458362,0.7806001631018634
2025-12-06 15:00:00,25-26,Newcastle United,Burnley,H,H,0.09357880720946171,0.20087279240963696,0.7055484003809013
2025-12-06 15:00:00,25-26,Tottenham Hotspur,Brentford,H,A,0.4617888575648423,0.2995112650120509,0.23869987742310686
2025-12-06 17:30:00,25-26,Leeds United,Liverpool,D,A,0.6769503387986331,0.1989981629955013,0.1240514982058656
2025-12-07 14:00:00,25-26,Brighton and Hove Albion,West Ham United,D,H,0.11168978867998659,0.20132300455233818,0.6869872067676752
2025-12-07 16:30:00,25-26,Fulham,Crystal Palace,A,H,0.3487584590621381,0.23657834400687708,0.4146631969309849
2025-12-08 20:00:00,25-26,Wolverhampton Wanderers,Manchester United,A,A,0.6161323253745254,0.22288431925511504,0.16098335537035946
2025-12-13 15:00:00,25-26,Chelsea,Everton,H,H,0.14218033009059775,0.21001223098222824,0.6478074389271741
2025-12-13 15:00:00,25-26,Liverpool,Brighton and Hove Albion,H,H,0.12338638046507724,0.21642211401221267,0.6601915055227101
2025-12-13 17:30:00,25-26,Burnley,Fulham,A,A,0.5845214867038145,0.2138020870810444,0.20167642621514112
2025-12-13 20:00:00,25-26,Arsenal,Wolverhampton Wanderers,H,H,0.018032158532526644,0.10274381096360276,0.8792240305038705
2025-12-14 14:00:00,25-26,Crystal Palace,Manchester City,A,A,0.3852680255270067,0.2604016172682528,0.35433035720474054
2025-12-14 14:00:00,25-26,Nottingham Forest,Tottenham Hotspur,H,H,0.33555026064828114,0.25459881515916544,0.4098509241925534
2025-12-14 14:00:00,25-26,Sunderland,Newcastle United,H,A,0.3717048049552307,0.29491362300018953,0.33338157204457963
2025-12-14 14:00:00,25-26,West Ham United,Aston Villa,A,A,0.5346046286054744,0.233559917167278,0.2318354542272476
2025-12-14 16:30:00,25-26,Brentford,Leeds United,D,H,0.1616432754834305,0.21974224585343868,0.6186144786631308
2025-12-15 20:00:00,25-26,Manchester United,Bournemouth,D,H,0.2679974439285624,0.26220186705006787,0.4698006890213698
2025-12-20 12:30:00,25-26,Newcastle United,Chelsea,D,H,0.282332388497019,0.24042549459452536,0.47724211690845564
2025-12-20 15:00:00,25-26,Bournemouth,Burnley,D,H,0.13034737668514482,0.20458123898563046,0.6650713843292247
2025-12-20 15:00:00,25-26,Brighton and Hove Albion,Sunderland,D,H,0.20674760296839273,0.22734011995244985,0.5659122770791574
2025-12-20 15:00:00,25-26,Manchester City,West Ham United,H,H,0.03643519660729509,0.1413662242567419,0.8221985791359631
2025-12-20 15:00:00,25-26,Wolverhampton Wanderers,Brentford,A,A,0.6004063721572328,0.21910787051064942,0.18048575733211783
2025-12-20 17:30:00,25-26,Tottenham Hotspur,Liverpool,A,A,0.5339127515019894,0.2531857516246106,0.21290149687340004
2025-12-20 20:00:00,25-26,Everton,Arsenal,A,A,0.5379474856458624,0.26032366345699687,0.20172885089714074
2025-12-20 20:00:00,25-26,Leeds United,Crystal Palace,H,A,0.5447564466454524,0.20243705806381315,0.2528064952907344
2025-12-21 16:30:00,25-26,Aston Villa,Manchester United,H,H,0.16694014641160487,0.300667439977865,0.5323924136105301
2025-12-22 20:00:00,25-26,Fulham,Nottingham Forest,H,H,0.25729979558920735,0.24733668282361376,0.4953635215871788
2025-12-26 20:00:00,25-26,Manchester United,Newcastle United,H,H,0.3028934774353259,0.25116427447976875,0.4459422480849054
2025-12-27 12:30:00,25-26,Nottingham Forest,Manchester City,A,A,0.5824191100033318,0.22589473572991034,0.19168615426675792
2025-12-27 15:00:00,25-26,Arsenal,Brighton and Hove Albion,H,H,0.0709000473326439,0.19183927426821484,0.7372606783991412
2025-12-27 15:00:00,25-26,Brentford,Bournemouth,H,H,0.31774638573223735,0.293067840373383,0.38918577389437964
2025-12-27 15:00:00,25-26,Burnley,Everton,D,A,0.6040074679613651,0.19609742003684877,0.19989511200178608
2025-12-27 15:00:00,25-26,Liverpool,Wolverhampton Wanderers,H,H,0.033436534779454456,0.1456877256265902,0.8208757395939553
2025-12-27 15:00:00,25-26,West Ham United,Fulham,A,A,0.41580555896368276,0.25021997221376896,0.33397446882254817
2025-12-27 17:30:00,25-26,Chelsea,Aston Villa,A,H,0.2590249994582322,0.28364466335183447,0.45733033718993327
2025-12-28 14:00:00,25-26,Sunderland,Leeds United,D,H,0.2016116524943668,0.28211342508929277,0.5162749224163404
2025-12-28 16:30:00,25-26,Crystal Palace,Tottenham Hotspur,A,H,0.21623730517052395,0.2603490546335114,0.5234136401959647
2025-12-30 19:30:00,25-26,West Ham United,Brighton and Hove Albion,D,A,0.5003724088137642,0.23100652591772494,0.2686210652685109
2025-12-30 19:30:00,25-26,Nottingham Forest,Everton,A,H,0.32651067416237833,0.2486469399541765,0.42484238588344514
2025-12-30 19:30:00,25-26,Chelsea,Bournemouth,D,H,0.1923661919045129,0.2991298177804918,0.5085039903149953
2025-12-30 19:30:00,25-26,Burnley,Newcastle United,A,A,0.6557090977763582,0.19352008533071136,0.15077081689293031
2025-12-30 20:15:00,25-26,Arsenal,Aston Villa,H,H,0.08478317183127614,0.18466817881102104,0.7305486493577029
2025-12-30 20:15:00,25-26,Manchester United,Wolverhampton Wanderers,D,H,0.08439031421115273,0.1646472504069532,0.7509624353818941
2026-01-01 17:30:00,25-26,Crystal Palace,Fulham,D,H,0.22841599107656338,0.24532775434727241,0.5262562545761642
2026-01-01 17:30:00,25-26,Liverpool,Leeds United,D,H,0.0733152553079782,0.22982199149785157,0.6968627531941702
2026-01-01 20:00:00,25-26,Brentford,Tottenham Hotspur,D,H,0.2812147277374463,0.2806741469057473,0.43811112535680635
2026-01-01 20:00:00,25-26,Sunderland,Manchester City,D,A,0.5372451074449118,0.2549529514780721,0.20780194107701608
2026-01-03 12:30:00,25-26,Aston Villa,Nottingham Forest,H,H,0.097886548179856,0.24569821485048227,0.6564152369696616
2026-01-03 15:00:00,25-26,Brighton and Hove Albion,Burnley,H,H,0.1290089852608352,0.24575367817220756,0.6252373365669572
2026-01-03 15:00:00,25-26,Wolverhampton Wanderers,West Ham United,H,A,0.5000248021332446,0.24673397852493997,0.2532412193418155
2026-01-03 17:30:00,25-26,Bournemouth,Arsenal,A,A,0.546126430998559,0.22103564762077588,0.23283792138066514
2026-01-04 12:30:00,25-26,Leeds United,Manchester United,D,A,0.4774779972730588,0.23035344728231866,0.29216855544462267
2026-01-04 15:00:00,25-26,Everton,Brentford,A,H,0.25903593076029025,0.25050062876129797,0.49046344047841167
2026-01-04 15:00:00,25-26,Newcastle United,Crystal Palace,H,H,0.2252039338033042,0.24645914229165725,0.5283369239050386
2026-01-04 15:00:00,25-26,Tottenham Hotspur,Sunderland,D,H,0.3257243912624516,0.22220686041519003,0.45206874832235844
2026-01-04 15:15:00,25-26,Fulham,Liverpool,D,A,0.40886303478045855,0.2665516492323445,0.32458531598719703
2026-01-04 17:30:00,25-26,Manchester City,Chelsea,D,H,0.07648997594114426,0.1641104268835374,0.7593995971753184
2026-01-06 20:00:00,25-26,West Ham United,Nottingham Forest,A,A,0.4382603140294345,0.27372690554874635,0.2880127804218191
2026-01-07 19:30:00,25-26,Bournemouth,Tottenham Hotspur,H,H,0.2874495221153372,0.24216096901260148,0.47038950887206143
2026-01-07 19:30:00,25-26,Brentford,Sunderland,H,H,0.22469086111866768,0.21712288815868133,0.558186250722651
2026-01-07 19:30:00,25-26,Crystal Palace,Aston Villa,D,H,0.3712315263541802,0.24880489556118957,0.37996357808463027
2026-01-07 19:30:00,25-26,Everton,Wolverhampton Wanderers,D,H,0.18231948704517414,0.3037054124781686,0.5139751004766572
2026-01-07 19:30:00,25-26,Fulham,Chelsea,H,A,0.374211203019208,0.2540798739680074,0.3717089230127846
2026-01-07 19:30:00,25-26,Manchester City,Brighton and Hove Albion,D,H,0.08030163352237435,0.19799276691627674,0.7217055995613488
2026-01-07 20:15:00,25-26,Burnley,Manchester United,D,A,0.6593614512503883,0.19085485098709626,0.14978369776251554
2026-01-07 20:15:00,25-26,Newcastle United,Leeds United,H,H,0.12840077231455876,0.2160817924822325,0.6555174352032088
2026-01-08 20:00:00,25-26,Arsenal,Liverpool,D,H,0.08568838785799464,0.20971153171312457,0.7046000804288808
2026-01-17 12:30:00,25-26,Manchester United,Manchester City,H,A,0.5108198576701096,0.23946968778766112,0.24971045454222923
2026-01-17 15:00:00,25-26,Chelsea,Brentford,H,H,0.22489015458064515,0.2844067967520224,0.49070304866733244
2026-01-17 15:00:00,25-26,Leeds United,Fulham,H,A,0.4141389057655273,0.20882196893430158,0.3770391253001711
2026-01-17 15:00:00,25-26,Liverpool,Burnley,D,H,0.034793258800162645,0.1338221302499892,0.8313846109498482
2026-01-17 15:00:00,25-26,Sunderland,Crystal Palace,H,H,0.3416875458766382,0.2962561674154319,0.36205628670793
2026-01-17 15:00:00,25-26,Tottenham Hotspur,West Ham United,A,H,0.20991698411879095,0.2200593655722056,0.5700236503090035
2026-01-17 17:30:00,25-26,Nottingham Forest,Arsenal,D,A,0.6253433536679551,0.2206064631525875,0.15405018317945732
2026-01-18 14:00:00,25-26,Wolverhampton Wanderers,Newcastle United,D,A,0.6200384283564258,0.20241817190852304,0.17754339973505123
2026-01-18 16:30:00,25-26,Aston Villa,Everton,A,H,0.10288713315397462,0.21750523133143154,0.6796076355145937
2026-01-19 20:00:00,25-26,Brighton and Hove Albion,Bournemouth,D,H,0.2392059915669277,0.2943504513898491,0.4664435570432232
2026-01-24 12:30:00,25-26,West Ham United,Sunderland,H,A,0.42008980325350614,0.20808729908472998,0.37182289766176396
2026-01-24 15:00:00,25-26,Burnley,Tottenham Hotspur,D,A,0.6160650226197008,0.22463339151809453,0.15930158586220466
2026-01-24 15:00:00,25-26,Fulham,Brighton and Hove Albion,H,H,0.34453544895792587,0.2791607364502912,0.37630381459178286
2026-01-24 15:00:00,25-26,Manchester City,Wolverhampton Wanderers,H,H,0.04322898067661593,0.19165862028367467,0.7651123990397093
2026-01-24 17:30:00,25-26,Bournemouth,Liverpool,H,A,0.4554689543194518,0.2764163467397299,0.26811469894081813
2026-01-25 14:00:00,25-26,Brentford,Nottingham Forest,A,H,0.15608041096627964,0.1914043495358745,0.6525152394978458
2026-01-25 14:00:00,25-26,Crystal Palace,Chelsea,A,A,0.40730157443003034,0.2768029809195996,0.31589544465036995
2026-01-25 14:00:00,25-26,Newcastle United,Aston Villa,A,H,0.27458798915837174,0.2398151405511393,0.48559687029048904
2026-01-25 16:30:00,25-26,Arsenal,Manchester United,A,H,0.06895666559104652,0.20544477304675754,0.725598561362196
2026-01-26 20:00:00,25-26,Everton,Leeds United,D,H,0.2164927403300755,0.27476931096364027,0.5087379487062842
2026-01-31 15:00:00,25-26,Brighton and Hove Albion,Everton,D,H,0.21460377213360907,0.2320541554741519,0.5533420723922391
2026-01-31 15:00:00,25-26,Leeds United,Arsenal,A,A,0.6835516106015377,0.18880341269373951,0.12764497670472275
2026-01-31 15:00:00,25-26,Wolverhampton Wanderers,Bournemouth,A,A,0.5509696014139531,0.22193593988445065,0.22709445870159628
2026-01-31 17:30:00,25-26,Chelsea,West Ham United,H,H,0.09784950225690404,0.2154941599356259,0.6866563378074702
2026-01-31 20:00:00,25-26,Liverpool,Newcastle United,H,H,0.1446954139397702,0.24958186666781482,0.605722719392415
2026-02-01 14:00:00,25-26,Aston Villa,Brentford,A,H,0.15733661817690492,0.3020218426915369,0.5406415391315582
2026-02-01 14:00:00,25-26,Manchester United,Fulham,H,H,0.15063558203760763,0.16646201653766773,0.6829024014247247
2026-02-01 14:00:00,25-26,Nottingham Forest,Crystal Palace,D,H,0.3414892809646234,0.2770797962417788,0.38143092279359775
2026-02-01 16:30:00,25-26,Tottenham Hotspur,Manchester City,D,A,0.5926478198396604,0.19402470046904452,0.21332747969129498
2026-02-02 20:00:00,25-26,Sunderland,Burnley,H,H,0.14434373173048512,0.22580211956778298,0.629854148701732
2026-02-06 20:00:00,25-26,Leeds United,Nottingham Forest,H,H,0.35294514004111155,0.22146995229763697,0.4255849076612514
2026-02-07 12:30:00,25-26,Manchester United,Tottenham Hotspur,H,H,0.17996127126608671,0.22608218650248044,0.5939565422314329
2026-02-07 15:00:00,25-26,Arsenal,Sunderland,H,H,0.04661323791344364,0.1383540741515075,0.8150326879350489
2026-02-07 15:00:00,25-26,Bournemouth,Aston Villa,D,A,0.37689461200394236,0.2600969332195084,0.3630084547765492
2026-02-07 15:00:00,25-26,Burnley,West Ham United,A,A,0.5526672228426832,0.2579459833451878,0.18938679381212895
2026-02-07 15:00:00,25-26,Fulham,Everton,A,H,0.3135428597445114,0.28383307727801066,0.4026240629774779
2026-02-07 15:00:00,25-26,Wolverhampton Wanderers,Chelsea,A,A,0.6683612711004389,0.17898361099789892,0.1526551179016623
2026-02-07 17:30:00,25-26,Newcastle United,Brentford,A,H,0.2627911011797674,0.27825465514786396,0.45895424367236853
2026-02-08 14:00:00,25-26,Brighton and Hove Albion,Crystal Palace,A,H,0.23931986505196315,0.2531860861822891,0.5074940487657478
2026-02-08 16:30:00,25-26,Liverpool,Manchester City,A,H,0.21677014254497282,0.22968294828337063,0.5535469091716566
2026-02-10 19:30:00,25-26,Chelsea,Leeds United,D,H,0.08899930340049367,0.1879325672338873,0.7230681293656189
2026-02-10 19:30:00,25-26,Everton,Bournemouth,A,H,0.25943259315480915,0.27620229449979034,0.46436511234540057
2026-02-10 19:30:00,25-26,Tottenham Hotspur,Newcastle United,A,A,0.4445439789631036,0.2554284324547777,0.30002758858211875
2026-02-10 20:15:00,25-26,West Ham United,Manchester United,D,A,0.48100216001565615,0.23669478584157447,0.28230305414276935
2026-02-11 19:30:00,25-26,Aston Villa,Brighton and Hove Albion,H,H,0.1436315437540669,0.2438629805187566,0.6125054757271765
2026-02-11 19:30:00,25-26,Crystal Palace,Burnley,A,H,0.1109903449811646,0.19397207220647547,0.6950375828123599
2026-02-11 19:30:00,25-26,Manchester City,Fulham,H,H,0.067437335557863,0.18350249600523635,0.7490601684369006
2026-02-11 19:30:00,25-26,Nottingham Forest,Wolverhampton Wanderers,D,H,0.20814935487447306,0.2841007717868082,0.5077498733387188
2026-02-11 20:15:00,25-26,Sunderland,Liverpool,A,A,0.4291871559602846,0.28018867982071294,0.2906241642190025
2026-02-12 20:00:00,25-26,Brentford,Arsenal,D,A,0.5246796101099735,0.27336285118273324,0.20195753870729316
2026-02-18 20:00:00,25-26,Wolverhampton Wanderers,Arsenal,D,A,0.8102107841937067,0.1418474686755243,0.04794174713076903
2026-02-21 15:00:00,25-26,Aston Villa,Leeds United,D,H,0.08656967497447875,0.2115064137531819,0.7019239112723393
2026-02-21 15:00:00,25-26,Brentford,Brighton and Hove Albion,A,H,0.2785375530307997,0.292831453678547,0.4286309932906532
2026-02-21 15:00:00,25-26,Chelsea,Burnley,D,H,0.04204632613089441,0.11614238804535865,0.8418112858237469
2026-02-21 17:30:00,25-26,West Ham United,Bournemouth,D,A,0.4163498386652159,0.2366219070512655,0.3470282542835185
2026-02-21 20:00:00,25-26,Manchester City,Newcastle United,H,H,0.10721713596602968,0.2588125131030921,0.6339703509308782
2026-02-22 14:00:00,25-26,Crystal Palace,Wolverhampton Wanderers,H,H,0.12129813936094196,0.1845312545505299,0.6941706060885282
2026-02-22 14:00:00,25-26,Nottingham Forest,Liverpool,A,A,0.5178485785368948,0.2662985492967482,0.21585287216635704
2026-02-22 14:00:00,25-26,Sunderland,Fulham,A,H,0.2895035859402808,0.26134103783899915,0.44915537622072
2026-02-22 16:30:00,25-26,Tottenham Hotspur,Arsenal,A,A,0.6895061264577027,0.19914934870858483,0.11134452483371234
2026-02-23 20:00:00,25-26,Everton,Manchester United,A,H,0.3113290380370651,0.2625946942408768,0.4260762677220582
2026-02-27 20:00:00,25-26,Wolverhampton Wanderers,Aston Villa,H,A,0.7064531239417003,0.18496276805211073,0.10858410800618895
2026-02-28 12:30:00,25-26,Bournemouth,Sunderland,D,H,0.21596703480689616,0.24073132116311657,0.5433016440299873
2026-02-28 15:00:00,25-26,Burnley,Brentford,A,A,0.6173153332683805,0.20249339804249195,0.1801912686891276
2026-02-28 15:00:00,25-26,Liverpool,West Ham United,H,H,0.07327277945802199,0.2071931085001204,0.7195341120418576
2026-02-28 15:00:00,25-26,Newcastle United,Everton,A,H,0.24647383626540414,0.26687915078117436,0.4866470129534216
2026-02-28 17:30:00,25-26,Leeds United,Manchester City,A,A,0.6381946908640619,0.20683406134199792,0.1549712477939402
2026-03-01 14:00:00,25-26,Brighton and Hove Albion,Nottingham Forest,H,H,0.19983275094935876,0.2487544387872117,0.5514128102634295
2026-03-01 14:00:00,25-26,Fulham,Tottenham Hotspur,H,H,0.21805671824964803,0.23544447367838262,0.5464988080719693
2026-03-01 14:00:00,25-26,Manchester United,Crystal Palace,H,H,0.2016443329102343,0.2630470442445664,0.5353086228451993
2026-03-01 16:30:00,25-26,Arsenal,Chelsea,H,H,0.10092135358395819,0.2251023354564705,0.6739763109595713
2026-03-03 19:30:00,25-26,Bournemouth,Brentford,D,H,0.26247885641713353,0.254366561092724,0.4831545824901425
2026-03-03 19:30:00,25-26,Everton,Burnley,H,H,0.1121169869755773,0.18866918470625613,0.6992138283181665
2026-03-03 19:30:00,25-26,Leeds United,Sunderland,A,A,0.42195536507714343,0.26051534760895395,0.3175292873139028
2026-03-03 20:15:00,25-26,Wolverhampton Wanderers,Liverpool,H,A,0.7119495227717078,0.20030887695895483,0.08774160026933739
2026-03-04 19:30:00,25-26,Brighton and Hove Albion,Arsenal,A,A,0.4865584673002709,0.254471928761251,0.258969603938478
2026-03-04 19:30:00,25-26,Aston Villa,Chelsea,A,H,0.2553128805797045,0.31277733204010677,0.4319097873801887
2026-03-04 19:30:00,25-26,Manchester City,Nottingham Forest,D,H,0.05072553270298637,0.17580171809982215,0.7734727491971914
2026-03-04 19:30:00,25-26,Fulham,West Ham United,A,H,0.1885363227438137,0.24658710171898093,0.5648765755372054
2026-03-04 20:15:00,25-26,Newcastle United,Manchester United,H,H,0.35020681114343266,0.2904089953911984,0.3593841934653689
2026-03-05 20:00:00,25-26,Tottenham Hotspur,Crystal Palace,A,A,0.4824444018896897,0.2758982634099224,0.2416573347003881
2026-03-14 15:00:00,25-26,Burnley,Bournemouth,D,A,0.6363040055566843,0.20339405102628727,0.1603019434170285
2026-03-14 15:00:00,25-26,Sunderland,Brighton and Hove Albion,A,H,0.3543350770163296,0.28939355672604367,0.35627136625762673
2026-03-14 17:30:00,25-26,Arsenal,Everton,H,H,0.06075417519126764,0.19102850913155117,0.7482173156771812
2026-03-14 17:30:00,25-26,Chelsea,Newcastle United,A,H,0.1245645919130342,0.1845888991150453,0.6908465089719205
2026-03-14 20:00:00,25-26,West Ham United,Manchester City,D,A,0.6101165335467477,0.20270990953468307,0.1871735569185693
2026-03-15 14:00:00,25-26,Crystal Palace,Leeds United,D,H,0.20447770134539967,0.24157732351339534,0.553944975141205
2026-03-15 14:00:00,25-26,Manchester United,Aston Villa,H,H,0.2189920250590447,0.2127452096653508,0.5682627652756045
2026-03-15 14:00:00,25-26,Nottingham Forest,Fulham,D,A,0.3690648052443624,0.2671850582354592,0.3637501365201784
2026-03-15 16:30:00,25-26,Liverpool,Tottenham Hotspur,D,H,0.06125996418054211,0.1450719292315829,0.7936681065878749
2026-03-16 20:00:00,25-26,Brentford,Wolverhampton Wanderers,D,H,0.09534792344327886,0.17512727568713762,0.7295248008695835
2026-03-20 20:00:00,25-26,Bournemouth,Manchester United,D,H,0.32231434754477256,0.2633892458193848,0.4142964066358427
2026-03-21 12:30:00,25-26,Brighton and Hove Albion,Liverpool,H,A,0.36240248964703425,0.28933992785095414,0.34825758250201155
2026-03-21 15:00:00,25-26,Fulham,Burnley,H,H,0.12548971823508195,0.19193028760466332,0.6825799941602547
2026-03-21 17:30:00,25-26,Everton,Chelsea,H,A,0.41212698929188196,0.2874875938406399,0.30038541686747805
2026-03-21 20:00:00,25-26,Leeds United,Brentford,D,A,0.4965730187731594,0.2541565040360247,0.24927047719081577
2026-03-22 12:00:00,25-26,Newcastle United,Sunderland,A,H,0.21195358582896984,0.2562194367962354,0.5318269773747948
2026-03-22 14:15:00,25-26,Aston Villa,West Ham United,H,H,0.15193404727508505,0.28727590690295707,0.5607900458219579
2026-03-22 14:15:00,25-26,Tottenham Hotspur,Nottingham Forest,A,A,0.44665929650211195,0.28292158185750854,0.2704191216403795
2026-04-10 20:00:00,25-26,West Ham United,Wolverhampton Wanderers,H,H,0.21956494436390062,0.21995543903014325,0.5604796166059561
2026-04-11 12:30:00,25-26,Arsenal,Bournemouth,A,H,0.060363150329281724,0.1906113525451117,0.7490254971256066
2026-04-11 15:00:00,25-26,Brentford,Everton,D,H,0.24030232640395463,0.24308956503343748,0.5166081085626079
2026-04-11 15:00:00,25-26,Burnley,Brighton and Hove Albion,A,A,0.6636515046806224,0.20096381259792595,0.13538468272145174
2026-04-11 17:30:00,25-26,Liverpool,Fulham,H,H,0.1382299294970012,0.24614308902791254,0.6156269814750862
2026-04-12 14:00:00,25-26,Crystal Palace,Newcastle United,H,H,0.26578123801038517,0.22426548459607354,0.5099532773935413
2026-04-12 14:00:00,25-26,Nottingham Forest,Aston Villa,D,A,0.4532252924157575,0.260942572023452,0.2858321355607904
2026-04-12 14:00:00,25-26,Sunderland,Tottenham Hotspur,H,H,0.20188997795684585,0.23070944189235368,0.5674005801508005
2026-04-12 16:30:00,25-26,Chelsea,Manchester City,A,H,0.36059387578047997,0.2633946630617395,0.37601146115778056
2026-04-13 20:00:00,25-26,Manchester United,Leeds United,A,H,0.1377891029725941,0.22751678295560773,0.6346941140717982
2026-04-18 12:30:00,25-26,Brentford,Fulham,D,H,0.2369501377362606,0.25708586135943756,0.5059640009043019
2026-04-18 15:00:00,25-26,Leeds United,Wolverhampton Wanderers,H,H,0.19011498143871805,0.20122179094823753,0.6086632276130444
2026-04-18 15:00:00,25-26,Newcastle United,Bournemouth,A,H,0.3318248206281509,0.30794788134953865,0.3602272980223104
2026-04-18 17:30:00,25-26,Tottenham Hotspur,Brighton and Hove Albion,D,A,0.5432065164756479,0.2368496904833719,0.21994379304098033
2026-04-18 20:00:00,25-26,Chelsea,Manchester United,A,H,0.24035185158248384,0.25417278335719623,0.50547536506032
2026-04-19 14:00:00,25-26,Aston Villa,Sunderland,H,H,0.16564116515954502,0.256225081230771,0.578133753609684
2026-04-19 14:00:00,25-26,Everton,Liverpool,A,H,0.34346448448490163,0.2600916346909095,0.39644388082418885
2026-04-19 14:00:00,25-26,Nottingham Forest,Burnley,H,H,0.18867034252709378,0.247791941644451,0.5635377158284552
2026-04-19 16:30:00,25-26,Manchester City,Arsenal,H,H,0.1626369663602089,0.23461479826738516,0.602748235372406
2026-04-20 20:00:00,25-26,Crystal Palace,West Ham United,D,H,0.1984240906306459,0.24102993016339427,0.5605459792059598
2026-04-21 20:00:00,25-26,Brighton and Hove Albion,Chelsea,H,H,0.27922400643175227,0.26852888262553837,0.4522471109427094
2026-04-22 20:00:00,25-26,Bournemouth,Leeds United,D,H,0.19193014802390285,0.2734863922220768,0.5345834597540203
2026-04-22 20:00:00,25-26,Burnley,Manchester City,A,A,0.815239115971015,0.12828232063637332,0.05647856339261189
2026-04-24 20:00:00,25-26,Sunderland,Nottingham Forest,A,H,0.23634855915731184,0.24292136017192148,0.5207300806707666
2026-04-25 12:30:00,25-26,Fulham,Aston Villa,H,A,0.39586956234187315,0.2721854532059211,0.33194498445220577
2026-04-25 15:00:00,25-26,Liverpool,Crystal Palace,H,H,0.12932486772110977,0.24483162941754993,0.6258435028613403
2026-04-25 15:00:00,25-26,West Ham United,Everton,H,A,0.38346776512931857,0.24159213173847788,0.3749401031322035
2026-04-25 15:00:00,25-26,Wolverhampton Wanderers,Tottenham Hotspur,A,A,0.49320174790875426,0.2695856292244969,0.2372126228667488
2026-04-25 17:30:00,25-26,Arsenal,Newcastle United,H,H,0.056223090704703264,0.1602014977205616,0.7835754115747351
2026-04-27 20:00:00,25-26,Manchester United,Brentford,H,H,0.25380427176525877,0.29821089508862114,0.4479848331461201
2026-05-01 20:00:00,25-26,Leeds United,Burnley,H,H,0.14436191646759386,0.1769994715206456,0.6786386120117606
2026-05-02 15:00:00,25-26,Brentford,West Ham United,H,H,0.18116214145604687,0.22226654017225236,0.5965713183717009
2026-05-02 15:00:00,25-26,Newcastle United,Brighton and Hove Albion,H,A,0.38631952648955686,0.30818617523763436,0.3054942982728088
2026-05-02 15:00:00,25-26,Wolverhampton Wanderers,Sunderland,D,A,0.5597716869656997,0.24034762390260486,0.1998806891316954
2026-05-02 17:30:00,25-26,Arsenal,Fulham,H,H,0.06997256154874185,0.2046324225133541,0.7253950159379041
2026-05-03 14:00:00,25-26,Bournemouth,Crystal Palace,H,H,0.2204793383531547,0.2649261746651348,0.5145944869817105
2026-05-03 15:30:00,25-26,Manchester United,Liverpool,H,H,0.2570533313866661,0.24707324009000586,0.495873428523328
2026-05-03 19:00:00,25-26,Aston Villa,Tottenham Hotspur,A,H,0.1113304101661822,0.20831696569784391,0.680352624135974
2026-05-04 15:00:00,25-26,Chelsea,Nottingham Forest,A,H,0.2153791007029246,0.2669773244158251,0.5176435748812503
2026-05-04 20:00:00,25-26,Everton,Manchester City,D,A,0.5484641976733159,0.2580368761368773,0.19349892618980682
2026-05-09 12:30:00,25-26,Liverpool,Chelsea,D,H,0.1932066552356955,0.29891270323354624,0.5078806415307583
2026-05-09 15:00:00,25-26,Brighton and Hove Albion,Wolverhampton Wanderers,H,H,0.08867367506772865,0.17583898131536618,0.7354873436169052
2026-05-09 15:00:00,25-26,Fulham,Bournemouth,A,H,0.3450015984336085,0.287392309763054,0.3676060918033375
2026-05-09 15:00:00,25-26,Sunderland,Manchester United,D,A,0.39058201117290103,0.2503914167321852,0.35902657209491373
2026-05-09 17:30:00,25-26,Manchester City,Brentford,H,H,0.07970139514919988,0.21447544411579855,0.7058231607350016
2026-05-10 14:00:00,25-26,Burnley,Aston Villa,D,A,0.733575438871629,0.18029190255749347,0.08613265857087755
2026-05-10 14:00:00,25-26,Crystal Palace,Everton,D,H,0.3026300858794764,0.2500888956582692,0.44728101846225443
2026-05-10 14:00:00,25-26,Nottingham Forest,Newcastle United,D,H,0.26818764378033644,0.23272123812894827,0.4990911180907154
2026-05-10 16:30:00,25-26,West Ham United,Arsenal,A,A,0.6359131298504325,0.2106641617013956,0.15342270844817196
2026-05-11 20:00:00,25-26,Tottenham Hotspur,Leeds United,D,A,0.38395733032013224,0.26507899039556176,0.35096367928430594
2026-05-13 20:00:00,25-26,Manchester City,Crystal Palace,H,H,0.05635795306468193,0.17928968564330208,0.764352361292016
2026-05-15 20:00:00,25-26,Aston Villa,Liverpool,H,H,0.2371698071259665,0.22468973244601603,0.5381404604280174
2026-05-17 12:30:00,25-26,Manchester United,Nottingham Forest,H,H,0.17073910935594452,0.25779040683214005,0.5714704838119155
2026-05-17 15:00:00,25-26,Brentford,Crystal Palace,D,H,0.25975580856380615,0.270193366471177,0.47005082496501693
2026-05-17 15:00:00,25-26,Everton,Sunderland,A,H,0.2504142816037926,0.2588848418463354,0.4907008765498721
2026-05-17 15:00:00,25-26,Leeds United,Brighton and Hove Albion,H,H,0.3537512762212055,0.2155293627108691,0.43071936106792535
2026-05-17 15:00:00,25-26,Wolverhampton Wanderers,Fulham,D,A,0.5454335704425001,0.219573686656106,0.23499274290139396
2026-05-17 17:30:00,25-26,Newcastle United,West Ham United,H,H,0.22212530482871862,0.2794189658865866,0.49845572928469484
2026-05-18 20:00:00,25-26,Arsenal,Burnley,H,H,0.020721543393789003,0.11528825797259286,0.8639901986336183
2026-05-19 19:30:00,25-26,Bournemouth,Manchester City,D,A,0.4175184441270473,0.27243652848221245,0.31004502739074025
2026-05-19 20:15:00,25-26,Chelsea,Tottenham Hotspur,H,H,0.19995093536508907,0.2704061781537183,0.5296428864811926
2026-05-24 16:00:00,25-26,Brighton and Hove Albion,Manchester United,A,H,0.25877522839311545,0.2347207477670586,0.506504023839826
2026-05-24 16:00:00,25-26,Burnley,Wolverhampton Wanderers,D,A,0.48528318728389463,0.243516796714116,0.2712000160019894
2026-05-24 16:00:00,25-26,Crystal Palace,Arsenal,A,A,0.5459800575632676,0.23253934560252887,0.2214805968342036
2026-05-24 16:00:00,25-26,Fulham,Newcastle United,H,A,0.361645108585879,0.2924257968585813,0.34592909455553966
2026-05-24 16:00:00,25-26,Liverpool,Brentford,D,H,0.1797757720953557,0.2801152341290735,0.5401089937755709
2026-05-24 16:00:00,25-26,Manchester City,Aston Villa,A,H,0.07713758690646355,0.1957100400585265,0.7271523730350099
2026-05-24 16:00:00,25-26,Nottingham Forest,Bournemouth,D,A,0.3649901397555156,0.27691535227990227,0.3580945079645821
2026-05-24 16:00:00,25-26,Sunderland,Chelsea,H,H,0.3521071614054359,0.2693105653366843,0.3785822732578797
2026-05-24 16:00:00,25-26,Tottenham Hotspur,Everton,H,A,0.4172208046458263,0.22835609261253167,0.354423102741642
2026-05-24 16:00:00,25-26,West Ham United,Leeds United,H,A,0.3755791710834011,0.26722165900262257,0.3571991699139763
