Features,NumFeatures,AddedFeature,MeanAccuracy,WeightedAccuracy,MeanLogLoss,MeanBrier
EloDiff + AwayElo + XGDDiffLast5 + AwayGDPerGame + AwayPointsLast5,5,AwayPointsLast5,0.5355263157894736,0.5355263157894737,0.9802875223330048,0.5836886833356498
EloDiff + AwayPointsLast5 + XGDDiffLast5 + AwayGDPerGame + AwayElo,5,AwayElo,0.5355263157894736,0.5355263157894737,0.9802875223330063,0.5836886833356507
EloDiff + HomeElo + XGDDiffLast5 + AwayGDPerGame + AwayPointsLast5,5,AwayPointsLast5,0.5335526315789474,0.5335526315789474,0.9803904821303153,0.5837015175794348
EloDiff + AwayPointsLast5 + XGDDiffLast5 + AwayGDPerGame + HomeElo,5,HomeElo,0.5335526315789474,0.5335526315789474,0.9803904821303153,0.5837015175794347
EloDiff + HomeShotsOnTargetAgainstLast5 + XGDDiffLast5 + AwayPointsLast5 + GDPerGameDiff,5,GDPerGameDiff,0.5361842105263157,0.5361842105263158,0.9810640315110736,0.5849230704556221
EloDiff + AwayPointsLast5 + XGDDiffLast5 + HomeShotsOnTargetAgainstLast5 + GDPerGameDiff,5,GDPerGameDiff,0.5361842105263157,0.5361842105263158,0.9810640315110736,0.5849230704556221
EloDiff + AwayPointsLast5 + XGDDiffLast5 + GDPerGameDiff + HomeShotsOnTargetAgainstLast5,5,HomeShotsOnTargetAgainstLast5,0.5361842105263157,0.5361842105263158,0.9810640315110736,0.5849230704556221
EloDiff + AwayPointsLast5 + XGDDiffLast5 + XGDDiff + HomeGoalsLast5,5,HomeGoalsLast5,0.5297297297297298,0.5297297297297298,0.98108585470931,0.5851476870292606
EloDiff + AwayPointsLast5 + XGDDiffLast5 + HomeGoalsLast5 + XGDDiff,5,XGDDiff,0.5297297297297298,0.5297297297297298,0.98108585470931,0.5851476870292607
EloDiff + AwayPointsLast5 + XGDDiffLast5 + HomeShotsAgainstLast5 + GDPerGameDiff,5,GDPerGameDiff,0.5388157894736842,0.5388157894736842,0.9812637975145486,0.5850818168347687
EloDiff + HomeShotsAgainstLast5 + XGDDiffLast5 + AwayPointsLast5 + GDPerGameDiff,5,GDPerGameDiff,0.5388157894736842,0.5388157894736842,0.9812637975145486,0.5850818168347687
EloDiff + AwayPointsLast5 + XGDDiffLast5 + GDPerGameDiff + HomeShotsAgainstLast5,5,HomeShotsAgainstLast5,0.5388157894736842,0.5388157894736842,0.9812637975145486,0.5850818168347687
EloDiff + HomeShotsOnTargetAgainstLast5 + XGDDiffLast5 + AwayPointsLast5 + GoalsPerGameDiff,5,GoalsPerGameDiff,0.5381578947368421,0.5381578947368421,0.9812673553422888,0.5848534394751413
EloDiff + AwayPointsLast5 + XGDDiffLast5 + GoalsPerGameDiff + HomeShotsOnTargetAgainstLast5,5,HomeShotsOnTargetAgainstLast5,0.5381578947368421,0.5381578947368421,0.9812673553422888,0.5848534394751413
EloDiff + AwayPointsLast5 + XGDDiffLast5 + HomeShotsOnTargetAgainstLast5 + GoalsPerGameDiff,5,GoalsPerGameDiff,0.5381578947368421,0.5381578947368421,0.9812673553422888,0.5848534394751413
EloDiff + AwayPointsLast5 + XGDDiffLast5 + XGDDiff + AwayShotsOnTargetLast5,5,AwayShotsOnTargetLast5,0.5317567567567567,0.5317567567567567,0.9813133429151227,0.5855719884024301
EloDiff + AwayPointsLast5 + XGDDiffLast5 + GoalsPerGameDiff + GDPerGameDiff,5,GDPerGameDiff,0.5348684210526315,0.5348684210526315,0.9813427871701679,0.5850590765525073
EloDiff + AwayPointsLast5 + XGDDiffLast5 + GDPerGameDiff + GoalsPerGameDiff,5,GoalsPerGameDiff,0.5348684210526315,0.5348684210526315,0.9813427871701679,0.5850590765525073
EloDiff + AwayPointsLast5 + XGDDiffLast5 + XGDDiff + AwayPPG,5,AwayPPG,0.5297297297297298,0.5297297297297298,0.9813434997239524,0.5855621522305245
EloDiff + AwayElo + XGDDiffLast5 + AwayGDPerGame + HomePPG,5,HomePPG,0.5375,0.5375,0.9813622187465254,0.584299888267821
EloDiff + AwayPointsLast5 + XGDDiffLast5 + GoalsPerGameDiff + XGDDiff,5,XGDDiff,0.5317567567567567,0.5317567567567567,0.9813815027360835,0.5855029504195046
EloDiff + AwayPointsLast5 + XGDDiffLast5 + XGDDiff + GoalsPerGameDiff,5,GoalsPerGameDiff,0.5317567567567567,0.5317567567567567,0.9813815027360835,0.5855029504195046
EloDiff + AwayPointsLast5 + XGDDiffLast5 + GoalsAgainstPerGameDiff + GoalsPerGameDiff,5,GoalsPerGameDiff,0.5335526315789473,0.5335526315789474,0.98140834335861,0.5851049010971814
EloDiff + AwayPointsLast5 + XGDDiffLast5 + GoalsPerGameDiff + GoalsAgainstPerGameDiff,5,GoalsAgainstPerGameDiff,0.5335526315789473,0.5335526315789474,0.98140834335861,0.5851049010971814
EloDiff + AwayPointsLast5 + XGDDiffLast5 + GDPerGameDiff + GoalsAgainstPerGameDiff,5,GoalsAgainstPerGameDiff,0.5342105263157895,0.5342105263157895,0.9814408599758306,0.5851278005718945
EloDiff + AwayPointsLast5 + XGDDiffLast5 + GoalsAgainstPerGameDiff + GDPerGameDiff,5,GDPerGameDiff,0.5342105263157895,0.5342105263157895,0.9814408599758306,0.5851278005718945
EloDiff + AwayPointsLast5 + XGDDiffLast5 + HomeShotsAgainstLast5 + GoalsPerGameDiff,5,GoalsPerGameDiff,0.5401315789473684,0.5401315789473684,0.9814575111578199,0.5850626502272982
EloDiff + AwayPointsLast5 + XGDDiffLast5 + GoalsPerGameDiff + HomeShotsAgainstLast5,5,HomeShotsAgainstLast5,0.5401315789473684,0.5401315789473684,0.9814575111578199,0.5850626502272982
EloDiff + HomeShotsAgainstLast5 + XGDDiffLast5 + AwayPointsLast5 + GoalsPerGameDiff,5,GoalsPerGameDiff,0.5401315789473684,0.5401315789473684,0.98145751115782,0.5850626502272982
EloDiff + HomeShotsOnTargetAgainstLast5 + XGDDiffLast5 + AwayPointsLast5 + PPGDiff,5,PPGDiff,0.5388157894736842,0.5388157894736842,0.9814855520349142,0.5850638093940657
EloDiff + AwayPointsLast5 + XGDDiffLast5 + HomeShotsOnTargetAgainstLast5 + PPGDiff,5,PPGDiff,0.5388157894736842,0.5388157894736842,0.9814855520349142,0.5850638093940657
EloDiff + AwayPointsLast5 + XGDDiffLast5 + PPGDiff + HomeShotsOnTargetAgainstLast5,5,HomeShotsOnTargetAgainstLast5,0.5388157894736842,0.5388157894736842,0.9814855520349142,0.5850638093940657
EloDiff + AwayElo + XGDDiffLast5 + AwayGDPerGame + HomeShotsAgainstLast5,5,HomeShotsAgainstLast5,0.5381578947368421,0.5381578947368421,0.9814889803445788,0.5844100736048267
EloDiff + HomeElo + XGDDiffLast5 + GDPerGameDiff + AwayPointsLast5,5,AwayPointsLast5,0.5375,0.5375,0.9815569237965217,0.5847012942454115
EloDiff + AwayPointsLast5 + XGDDiffLast5 + GDPerGameDiff + HomeElo,5,HomeElo,0.5375,0.5375,0.9815569237965218,0.5847012942454115
EloDiff + HomeElo + XGDDiffLast5 + AwayGDPerGame + HomePPG,5,HomePPG,0.5368421052631579,0.5368421052631579,0.9815646803495008,0.5843601604730759
EloDiff + AwayElo + XGDDiffLast5 + AwayGDPerGame + HomeElo,5,HomeElo,0.5381578947368421,0.5381578947368421,0.9815664632096639,0.5843535120843102
EloDiff + HomeElo + XGDDiffLast5 + AwayGDPerGame + AwayElo,5,AwayElo,0.5381578947368421,0.5381578947368421,0.9815664632096639,0.5843535120843102
EloDiff + AwayElo + XGDDiffLast5 + AwayGDPerGame + HomeShotsOnTargetAgainstLast5,5,HomeShotsOnTargetAgainstLast5,0.5388157894736842,0.5388157894736842,0.9815720972161608,0.5844975593013483
EloDiff + AwayPointsLast5 + XGDDiffLast5 + GDPerGameDiff + AwayPPG,5,AwayPPG,0.5361842105263157,0.5361842105263158,0.9815839923224928,0.5853464570909294
EloDiff + AwayPointsLast5 + XGDDiffLast5 + XGDDiff + HomeGoalsPerGame,5,HomeGoalsPerGame,0.5304054054054054,0.5304054054054054,0.981588000343183,0.585372635166572
EloDiff + AwayPointsLast5 + XGDDiffLast5 + HomeGoalsPerGame + XGDDiff,5,XGDDiff,0.5304054054054054,0.5304054054054054,0.981588000343183,0.585372635166572
EloDiff + AwayPointsLast5 + XGDDiffLast5 + GDPerGameDiff + AwayShotsOnTargetLast5,5,AwayShotsOnTargetLast5,0.5368421052631579,0.5368421052631579,0.9815880641443648,0.5852696259637948
EloDiff + AwayPointsLast5 + XGDDiffLast5 + PPGDiff + XGDDiff,5,XGDDiff,0.5263513513513514,0.5263513513513514,0.9815943058520816,0.5856303156357162
EloDiff + AwayPointsLast5 + XGDDiffLast5 + XGDDiff + PPGDiff,5,PPGDiff,0.5263513513513514,0.5263513513513514,0.9815943058520816,0.5856303156357162
EloDiff + HomeElo + XGDDiffLast5 + AwayGDPerGame + HomeShotsAgainstLast5,5,HomeShotsAgainstLast5,0.5368421052631579,0.5368421052631579,0.9816551323467194,0.5844579145122004
EloDiff + AwayPointsLast5 + XGDDiffLast5 + GDPerGameDiff + ShotDiffLast5,5,ShotDiffLast5,0.5368421052631578,0.5368421052631579,0.9816629931982105,0.5853999948638312
EloDiff + AwayElo + XGDDiffLast5 + AwayGDPerGame + HomePointsLast5,5,HomePointsLast5,0.5361842105263158,0.5361842105263158,0.9816751357741087,0.5843928922867213
EloDiff + AwayElo + XGDDiffLast5 + AwayGDPerGame + GoalsPerGameDiff,5,GoalsPerGameDiff,0.5394736842105263,0.5394736842105263,0.9816891478762393,0.584523032335599
EloDiff + AwayElo + XGDDiffLast5 + GoalsPerGameDiff + AwayGDPerGame,5,AwayGDPerGame,0.5394736842105263,0.5394736842105263,0.9816891478762495,0.5845230323356049
EloDiff + HomeElo + XGDDiffLast5 + GoalsPerGameDiff + AwayPointsLast5,5,AwayPointsLast5,0.5453947368421053,0.5453947368421053,0.9817256032803938,0.5845969171269894
EloDiff + AwayPointsLast5 + XGDDiffLast5 + GoalsPerGameDiff + HomeElo,5,HomeElo,0.5453947368421053,0.5453947368421053,0.9817256032803938,0.5845969171269894
EloDiff + HomeElo + XGDDiffLast5 + AwayGDPerGame + HomeShotsOnTargetAgainstLast5,5,HomeShotsOnTargetAgainstLast5,0.5394736842105263,0.5394736842105263,0.9817325087133459,0.584536259103376
EloDiff + AwayElo + XGDDiffLast5 + GDPerGameDiff + AwayPointsLast5,5,AwayPointsLast5,0.5375,0.5375,0.9817438065534764,0.5848412815883935
EloDiff + AwayPointsLast5 + XGDDiffLast5 + GDPerGameDiff + AwayElo,5,AwayElo,0.5375,0.5375,0.9817438065534765,0.5848412815883937
EloDiff + AwayPointsLast5 + XGDDiffLast5 + HomeGoalsLast5 + GDPerGameDiff,5,GDPerGameDiff,0.5368421052631578,0.5368421052631579,0.9817761141437984,0.5850466019402918
EloDiff + AwayPointsLast5 + XGDDiffLast5 + GDPerGameDiff + HomeGoalsLast5,5,HomeGoalsLast5,0.5368421052631578,0.5368421052631579,0.9817761141437984,0.5850466019402918
EloDiff + AwayPointsLast5 + XGDDiffLast5 + PPGDiff + GoalsPerGameDiff,5,GoalsPerGameDiff,0.5381578947368421,0.5381578947368421,0.981790001463157,0.5851639311791494
EloDiff + AwayPointsLast5 + XGDDiffLast5 + GoalsPerGameDiff + PPGDiff,5,PPGDiff,0.5381578947368421,0.5381578947368421,0.981790001463157,0.5851639311791494
EloDiff + AwayElo + XGDDiffLast5 + GDPerGameDiff + HomeGDPerGame,5,HomeGDPerGame,0.5407894736842105,0.5407894736842105,0.9818199775028347,0.5846415538151339
EloDiff + AwayPointsLast5 + XGDDiffLast5 + GoalsPerGameDiff + AwayGoalsAgainstPerGame,5,AwayGoalsAgainstPerGame,0.5342105263157895,0.5342105263157895,0.9818282129076292,0.5850851677118613
EloDiff + AwayPointsLast5 + XGDDiffLast5 + GoalsPerGameDiff + AwayPPG,5,AwayPPG,0.5335526315789474,0.5335526315789474,0.981839205494174,0.585449641534656
EloDiff + AwayPointsLast5 + XGDDiffLast5 + GoalsPerGameDiff + AwayShotsOnTargetLast5,5,AwayShotsOnTargetLast5,0.5427631578947368,0.5427631578947368,0.9818393819322767,0.5852207219386162
EloDiff + AwayPointsLast5 + XGDDiffLast5 + HomeShotsAgainstLast5 + PPGDiff,5,PPGDiff,0.5361842105263158,0.5361842105263158,0.9818433106137918,0.5853308904679565
EloDiff + AwayPointsLast5 + XGDDiffLast5 + PPGDiff + HomeShotsAgainstLast5,5,HomeShotsAgainstLast5,0.5361842105263158,0.5361842105263158,0.9818433106137918,0.5853308904679564
EloDiff + HomeShotsAgainstLast5 + XGDDiffLast5 + AwayPointsLast5 + PPGDiff,5,PPGDiff,0.5361842105263158,0.5361842105263158,0.9818433106137918,0.5853308904679565
EloDiff + HomeGDPerGame + XGDDiffLast5 + AwayPointsLast5 + GDPerGameDiff,5,GDPerGameDiff,0.5375000000000001,0.5375,0.9818493357504181,0.5854824497304674
EloDiff + AwayPointsLast5 + XGDDiffLast5 + HomeGDPerGame + GDPerGameDiff,5,GDPerGameDiff,0.5375000000000001,0.5375,0.9818493357504181,0.5854824497304674
EloDiff + AwayPointsLast5 + XGDDiffLast5 + GDPerGameDiff + HomeGDPerGame,5,HomeGDPerGame,0.5375000000000001,0.5375,0.9818493357504181,0.5854824497304674
EloDiff + HomeElo + XGDDiffLast5 + AwayGDPerGame + GoalsPerGameDiff,5,GoalsPerGameDiff,0.5388157894736842,0.5388157894736842,0.9818593899153873,0.5845666867509031
EloDiff + HomeElo + XGDDiffLast5 + GoalsPerGameDiff + AwayGDPerGame,5,AwayGDPerGame,0.5388157894736842,0.5388157894736842,0.9818593899153873,0.5845666867509031
EloDiff + AwayPointsLast5 + XGDDiffLast5 + XGDDiff + HomePointsLast5,5,HomePointsLast5,0.5310810810810811,0.5310810810810811,0.9818615765956953,0.5856859163809683
EloDiff + AwayElo + XGDDiffLast5 + AwayGDPerGame + HomeGDPerGame,5,HomeGDPerGame,0.5407894736842105,0.5407894736842105,0.9818661444269183,0.5846549032518166
EloDiff + AwayElo + XGDDiffLast5 + GDPerGameDiff + AwayGDPerGame,5,AwayGDPerGame,0.5407894736842105,0.5407894736842105,0.981875279949711,0.5846762107071309
EloDiff + AwayElo + XGDDiffLast5 + AwayGDPerGame + GDPerGameDiff,5,GDPerGameDiff,0.5407894736842105,0.5407894736842105,0.981875279949711,0.5846762107071309
EloDiff + HomeElo + XGDDiffLast5 + GDPerGameDiff + HomeShotsOnTargetAgainstLast5,5,HomeShotsOnTargetAgainstLast5,0.5414473684210527,0.5414473684210527,0.9818779997856539,0.5848809016781917
EloDiff + AwayPointsLast5 + XGDDiffLast5 + AwayGDPerGame + HomePPG,5,HomePPG,0.5361842105263158,0.5361842105263158,0.981878958416263,0.5854149188323771
EloDiff + AwayPointsLast5 + XGDDiffLast5 + AwayGDPerGame + GDPerGameDiff,5,GDPerGameDiff,0.5375000000000001,0.5375,0.9818824921784125,0.5855196296228299
EloDiff + AwayPointsLast5 + XGDDiffLast5 + GDPerGameDiff + AwayGDPerGame,5,AwayGDPerGame,0.5375000000000001,0.5375,0.9818824921784125,0.5855196296228299
EloDiff + AwayElo + XGDDiffLast5 + AwayGDPerGame + HomeGoalsLast5,5,HomeGoalsLast5,0.5388157894736842,0.5388157894736842,0.9818862635268786,0.5845339201406331
EloDiff + HomeGDPerGame + XGDDiffLast5 + AwayPointsLast5 + AwayGDPerGame,5,AwayGDPerGame,0.5375000000000001,0.5375,0.9818899101438654,0.5855171186561214
EloDiff + AwayPointsLast5 + XGDDiffLast5 + HomeGDPerGame + AwayGDPerGame,5,AwayGDPerGame,0.5375000000000001,0.5375,0.9818899101438656,0.5855171186561215
EloDiff + AwayPointsLast5 + XGDDiffLast5 + AwayGDPerGame + HomeGDPerGame,5,HomeGDPerGame,0.5375000000000001,0.5375,0.9818899101438656,0.5855171186561215
EloDiff + AwayElo + XGDDiffLast5 + GDPerGameDiff + HomeShotsOnTargetAgainstLast5,5,HomeShotsOnTargetAgainstLast5,0.5414473684210527,0.5414473684210527,0.9819062647972325,0.5849434036063708
EloDiff + AwayPointsLast5 + XGDDiffLast5 + GDPerGameDiff + HomeGoalsAgainstLast5,5,HomeGoalsAgainstLast5,0.5368421052631579,0.5368421052631579,0.9819395913473388,0.5853319072746501
EloDiff + AwayPointsLast5 + XGDDiffLast5 + GoalsPerGameDiff + ShotDiffLast5,5,ShotDiffLast5,0.5401315789473684,0.5401315789473684,0.9819432645669183,0.585442709136949
EloDiff + AwayPointsLast5 + XGDDiffLast5 + PPGDiff + AwayShotsOnTargetLast5,5,AwayShotsOnTargetLast5,0.5361842105263158,0.5361842105263158,0.9819447748625781,0.5854314266420171
EloDiff + AwayPointsLast5 + XGDDiffLast5 + GoalsPerGameDiff + HomeGDPerGame,5,HomeGDPerGame,0.5381578947368422,0.5381578947368421,0.981945837204576,0.5852384313227753
EloDiff + HomeGDPerGame + XGDDiffLast5 + AwayPointsLast5 + GoalsPerGameDiff,5,GoalsPerGameDiff,0.5381578947368422,0.5381578947368421,0.981945837204576,0.5852384313227753
EloDiff + AwayPointsLast5 + XGDDiffLast5 + HomeGDPerGame + GoalsPerGameDiff,5,GoalsPerGameDiff,0.5381578947368422,0.5381578947368421,0.981945837204576,0.5852384313227753
EloDiff + AwayPointsLast5 + XGDDiffLast5 + GoalsPerGameDiff + AwayElo,5,AwayElo,0.5460526315789473,0.5460526315789473,0.981957072323888,0.5847697051845449
EloDiff + AwayElo + XGDDiffLast5 + GoalsPerGameDiff + AwayPointsLast5,5,AwayPointsLast5,0.5460526315789473,0.5460526315789473,0.981957072323888,0.5847697051845449
EloDiff + AwayPointsLast5 + XGDDiffLast5 + GoalsPerGameDiff + HomeGoalsLast5,5,HomeGoalsLast5,0.5394736842105263,0.5394736842105263,0.981962004070643,0.5850160380522824
EloDiff + AwayPointsLast5 + XGDDiffLast5 + HomeGoalsLast5 + GoalsPerGameDiff,5,GoalsPerGameDiff,0.5394736842105263,0.5394736842105263,0.981962004070643,0.5850160380522824
EloDiff + HomeElo + XGDDiffLast5 + AwayGDPerGame + HomePointsLast5,5,HomePointsLast5,0.5355263157894737,0.5355263157894737,0.9819712926013446,0.5844998296608951
EloDiff + AwayPointsLast5 + XGDDiffLast5 + AwayGDPerGame + GoalsPerGameDiff,5,GoalsPerGameDiff,0.5335526315789474,0.5335526315789474,0.9819752478315352,0.5854974282629235
EloDiff + AwayPointsLast5 + XGDDiffLast5 + GoalsPerGameDiff + AwayGDPerGame,5,AwayGDPerGame,0.5335526315789474,0.5335526315789474,0.9819752478315353,0.5854974282629235
EloDiff + HomeElo + XGDDiffLast5 + GDPerGameDiff + HomeGDPerGame,5,HomeGDPerGame,0.5407894736842106,0.5407894736842105,0.9819772629032506,0.5846648531209573
EloDiff + AwayPointsLast5 + XGDDiffLast5 + AwayGDPerGame + HomeGoalsLast5,5,HomeGoalsLast5,0.5361842105263158,0.5361842105263158,0.9819830957759972,0.5854537224604957
EloDiff + AwayPointsLast5 + XGDDiffLast5 + HomeGoalsLast5 + AwayGDPerGame,5,AwayGDPerGame,0.5361842105263158,0.5361842105263158,0.9819830957759972,0.5854537224604957
EloDiff + HomeGDPerGame + XGDDiffLast5 + AwayPointsLast5 + PPGDiff,5,PPGDiff,0.5407894736842105,0.5407894736842105,0.9819876366255289,0.5854450052413578
EloDiff + AwayPointsLast5 + XGDDiffLast5 + HomeGDPerGame + PPGDiff,5,PPGDiff,0.5407894736842105,0.5407894736842105,0.9819876366255289,0.5854450052413578
EloDiff + AwayPointsLast5 + XGDDiffLast5 + PPGDiff + HomeGDPerGame,5,HomeGDPerGame,0.5407894736842105,0.5407894736842105,0.9819876366255289,0.5854450052413578
EloDiff + HomeElo + XGDDiffLast5 + GDPerGameDiff + HomeShotsAgainstLast5,5,HomeShotsAgainstLast5,0.5401315789473684,0.5401315789473684,0.9820050996388909,0.5849816809814912
EloDiff + HomeGDPerGame + XGDDiffLast5 + AwayPointsLast5 + XGDDiff,5,XGDDiff,0.5304054054054054,0.5304054054054054,0.9820158294492359,0.585908380331337
EloDiff + AwayPointsLast5 + XGDDiffLast5 + HomeGDPerGame + XGDDiff,5,XGDDiff,0.5304054054054054,0.5304054054054054,0.9820158294492359,0.585908380331337
EloDiff + AwayPointsLast5 + XGDDiffLast5 + XGDDiff + HomeGDPerGame,5,HomeGDPerGame,0.5304054054054054,0.5304054054054054,0.9820158294492359,0.585908380331337
EloDiff + HomeElo + XGDDiffLast5 + AwayGDPerGame + GDPerGameDiff,5,GDPerGameDiff,0.5401315789473684,0.5401315789473684,0.98201723508377,0.5846896409516587
EloDiff + HomeElo + XGDDiffLast5 + GDPerGameDiff + AwayGDPerGame,5,AwayGDPerGame,0.5401315789473684,0.5401315789473684,0.9820172350837701,0.5846896409516587
EloDiff + HomeElo + XGDDiffLast5 + GDPerGameDiff + AwayElo,5,AwayElo,0.5394736842105264,0.5394736842105263,0.9820217377727887,0.5849392934073663
EloDiff + AwayElo + XGDDiffLast5 + GDPerGameDiff + HomeElo,5,HomeElo,0.5394736842105264,0.5394736842105263,0.9820217377727887,0.5849392934073663
EloDiff + HomeElo + XGDDiffLast5 + AwayGDPerGame + HomeGoalsLast5,5,HomeGoalsLast5,0.5388157894736842,0.5388157894736842,0.9820281627955625,0.5845704987256795
EloDiff + AwayPointsLast5 + XGDDiffLast5 + PPGDiff + ShotDiffLast5,5,ShotDiffLast5,0.5368421052631579,0.5368421052631579,0.9820296250038286,0.5855005554941479
EloDiff + HomeElo + XGDDiffLast5 + AwayGDPerGame + HomeGDPerGame,5,HomeGDPerGame,0.5401315789473684,0.5401315789473684,0.9820349036686579,0.5846881933289215
EloDiff + AwayPointsLast5 + XGDDiffLast5 + GDPerGameDiff + XGForDiffLast5,5,XGForDiffLast5,0.5381578947368421,0.5381578947368421,0.9820357427426345,0.5854201996035066
EloDiff + AwayElo + XGDDiffLast5 + GDPerGameDiff + HomeShotsAgainstLast5,5,HomeShotsAgainstLast5,0.5427631578947368,0.5427631578947368,0.9820403462917685,0.5850420312547914
EloDiff + AwayElo + XGDDiffLast5 + GDPerGameDiff + HomePPG,5,HomePPG,0.5427631578947368,0.5427631578947368,0.9820472186651972,0.5850299269012209
EloDiff + HomeElo + XGDDiffLast5 + GoalsPerGameDiff + HomeShotsAgainstLast5,5,HomeShotsAgainstLast5,0.5467105263157895,0.5467105263157894,0.9820478703013054,0.5848398454946071
EloDiff + HomeElo + XGDDiffLast5 + GoalsPerGameDiff + HomeShotsOnTargetAgainstLast5,5,HomeShotsOnTargetAgainstLast5,0.5453947368421053,0.5453947368421053,0.9820665402370081,0.5847692776484938
EloDiff + HomeElo + XGDDiffLast5 + GoalsPerGameDiff + AwayPPG,5,AwayPPG,0.5388157894736842,0.5388157894736842,0.9820772617798735,0.5849020875353249
EloDiff + HomeElo + XGDDiffLast5 + GDPerGameDiff + HomePPG,5,HomePPG,0.5421052631578948,0.5421052631578948,0.9821005234216694,0.5850154057481598
EloDiff + AwayElo + XGDDiffLast5 + GoalsPerGameDiff + HomeElo,5,HomeElo,0.5460526315789473,0.5460526315789473,0.982105882635558,0.58479793051385
EloDiff + HomeElo + XGDDiffLast5 + GoalsPerGameDiff + AwayElo,5,AwayElo,0.5460526315789473,0.5460526315789473,0.9821058826355581,0.5847979305138499
EloDiff + AwayPointsLast5 + XGDDiffLast5 + PPGDiff + GoalDiffLast5,5,GoalDiffLast5,0.5375,0.5375,0.9821125855946118,0.5854087735166051
EloDiff + AwayElo + XGDDiffLast5 + AwayGDPerGame + AwayPPG,5,AwayPPG,0.5368421052631579,0.5368421052631579,0.9821132243171046,0.584556527082627
EloDiff + AwayElo + XGDDiffLast5 + GoalsPerGameDiff + HomeShotsAgainstLast5,5,HomeShotsAgainstLast5,0.5467105263157895,0.5467105263157894,0.9821183097012632,0.5849235493461566
EloDiff + AwayElo + XGDDiffLast5 + AwayGDPerGame + HomeShotsOnTargetLast5,5,HomeShotsOnTargetLast5,0.5361842105263158,0.5361842105263158,0.9821190193786866,0.584747079803694
EloDiff + AwayPointsLast5 + XGDDiffLast5 + XGDDiff + XGForDiffLast5,5,XGForDiffLast5,0.5324324324324324,0.5324324324324324,0.9821221212621123,0.585930303185981
EloDiff + AwayPointsLast5 + XGDDiffLast5 + HomeGoalsPerGame + AwayGDPerGame,5,AwayGDPerGame,0.530921052631579,0.530921052631579,0.9821228082697391,0.5853244597659437
EloDiff + AwayPointsLast5 + XGDDiffLast5 + AwayGDPerGame + HomeGoalsPerGame,5,HomeGoalsPerGame,0.530921052631579,0.530921052631579,0.9821228082697391,0.5853244597659437
EloDiff + AwayPointsLast5 + XGDDiffLast5 + HomeGoalsPerGame + AwayPPG,5,AwayPPG,0.5361842105263158,0.5361842105263158,0.9821302434342378,0.5854351870059694
EloDiff + AwayElo + XGDDiffLast5 + GoalsPerGameDiff + HomeShotsOnTargetAgainstLast5,5,HomeShotsOnTargetAgainstLast5,0.5453947368421053,0.5453947368421053,0.9821381420141888,0.5848567346291189
EloDiff + AwayPointsLast5 + XGDDiffLast5 + GDPerGameDiff + XGAgainstDiffLast5,5,XGAgainstDiffLast5,0.5381578947368421,0.5381578947368421,0.9821427033336584,0.5854937574711734
EloDiff + AwayElo + XGDDiffLast5 + GoalsPerGameDiff + AwayPPG,5,AwayPPG,0.5414473684210527,0.5414473684210527,0.9821684833961166,0.5849823856541752
EloDiff + HomeElo + XGDDiffLast5 + GDPerGameDiff + AwayPPG,5,AwayPPG,0.5361842105263158,0.5361842105263158,0.9821688380691462,0.5850357037036202
EloDiff + AwayElo + XGDDiffLast5 + AwayGDPerGame + ShotDiffLast5,5,ShotDiffLast5,0.5407894736842105,0.5407894736842105,0.982174337478761,0.5848936440840741
EloDiff + HomeElo + XGDDiffLast5 + AwayGDPerGame + AwayPPG,5,AwayPPG,0.5381578947368422,0.5381578947368421,0.982180341952151,0.5845554251863466
EloDiff + AwayPointsLast5 + XGDDiffLast5 + XGDDiff + GDPerGameDiff,5,GDPerGameDiff,0.5297297297297296,0.5297297297297298,0.9821849285726854,0.58604563998405
EloDiff + AwayPointsLast5 + XGDDiffLast5 + GDPerGameDiff + XGDDiff,5,XGDDiff,0.5297297297297296,0.5297297297297298,0.9821849285726854,0.58604563998405
EloDiff + AwayPointsLast5 + XGDDiffLast5 + GoalsPerGameDiff + XGForDiffLast5,5,XGForDiffLast5,0.5388157894736841,0.5388157894736842,0.9821956842175141,0.5853825716558854
EloDiff + AwayPointsLast5 + XGDDiffLast5 + XGDDiff + HomeGoalsAgainstLast5,5,HomeGoalsAgainstLast5,0.5304054054054054,0.5304054054054054,0.9822015957769131,0.5859895186635479
EloDiff + AwayPointsLast5 + XGDDiffLast5 + GoalsPerGameDiff + HomePPG,5,HomePPG,0.5361842105263158,0.5361842105263158,0.9822365701065485,0.5853162862334899
EloDiff + AwayPointsLast5 + XGDDiffLast5 + XGDDiff + XGAgainstDiffLast5,5,XGAgainstDiffLast5,0.5337837837837838,0.5337837837837838,0.9822533082657408,0.586014774988447
EloDiff + AwayElo + XGDDiffLast5 + AwayGDPerGame + GoalsAgainstPerGameDiff,5,GoalsAgainstPerGameDiff,0.5355263157894736,0.5355263157894737,0.9822640459416696,0.5849368966644524
EloDiff + AwayElo + XGDDiffLast5 + AwayGDPerGame + HomeGoalsPerGame,5,HomeGoalsPerGame,0.5401315789473684,0.5401315789473684,0.982269954682816,0.584710095517631
EloDiff + AwayPointsLast5 + XGDDiffLast5 + GDPerGameDiff + HomePPG,5,HomePPG,0.5361842105263157,0.5361842105263158,0.9822821185056893,0.5856975903470977
EloDiff + AwayElo + XGDDiffLast5 + GDPerGameDiff + AwayPPG,5,AwayPPG,0.5368421052631579,0.5368421052631579,0.9822922310897417,0.5851358237162584
EloDiff + AwayPointsLast5 + XGDDiffLast5 + XGDDiff + HomePPG,5,HomePPG,0.529054054054054,0.529054054054054,0.9822951445210826,0.5859165624696003
EloDiff + AwayElo + XGDDiffLast5 + GoalsPerGameDiff + HomePPG,5,HomePPG,0.5440789473684211,0.5440789473684211,0.9823044100855521,0.5849115238497349
EloDiff + AwayPointsLast5 + XGDDiffLast5 + PPGDiff + HomeGoalsAgainstLast5,5,HomeGoalsAgainstLast5,0.5375,0.5375,0.9823059212118925,0.5854883340066024
EloDiff + HomeElo + XGDDiffLast5 + GoalsPerGameDiff + HomePPG,5,HomePPG,0.5440789473684211,0.5440789473684211,0.9823069141530814,0.584853452322436
EloDiff + AwayPointsLast5 + XGDDiffLast5 + GDPerGameDiff + HomePointsLast5,5,HomePointsLast5,0.5368421052631579,0.5368421052631579,0.9823089428839965,0.5855184917670377
EloDiff + AwayPointsLast5 + XGDDiffLast5 + GoalsAgainstPerGameDiff + PPGDiff,5,PPGDiff,0.5361842105263157,0.5361842105263158,0.9823146410346414,0.5856571540431981
EloDiff + AwayPointsLast5 + XGDDiffLast5 + PPGDiff + GoalsAgainstPerGameDiff,5,GoalsAgainstPerGameDiff,0.5361842105263157,0.5361842105263158,0.9823146410346415,0.5856571540431981
EloDiff + AwayPointsLast5 + XGDDiffLast5 + PPGDiff + HomeElo,5,HomeElo,0.5375,0.5375,0.982322199792295,0.5851049313083397
EloDiff + AwayElo + XGDDiffLast5 + AwayGDPerGame + PPGDiff,5,PPGDiff,0.5381578947368422,0.5381578947368421,0.9823278516756775,0.5848049867465378
EloDiff + AwayPointsLast5 + XGDDiffLast5 + GoalsPerGameDiff + XGAgainstDiffLast5,5,XGAgainstDiffLast5,0.5388157894736841,0.5388157894736842,0.9823379742178322,0.585483052173672
EloDiff + AwayElo + XGDDiffLast5 + AwayGDPerGame + AwayShotsOnTargetLast5,5,AwayShotsOnTargetLast5,0.5361842105263158,0.5361842105263158,0.9823418801593549,0.5846810508784164
EloDiff + HomeElo + XGDDiffLast5 + AwayGDPerGame + ShotDiffLast5,5,ShotDiffLast5,0.5407894736842105,0.5407894736842105,0.9823477060609094,0.5849465985974011
EloDiff + AwayPointsLast5 + XGDDiffLast5 + GDPerGameDiff + GoalDiffLast5,5,GoalDiffLast5,0.5355263157894736,0.5355263157894737,0.982354105532483,0.585695306769982
EloDiff + HomeElo + XGDDiffLast5 + AwayGDPerGame + HomeGoalsPerGame,5,HomeGoalsPerGame,0.5407894736842105,0.5407894736842105,0.9823671706538087,0.584741842539994
EloDiff + HomeElo + XGDDiffLast5 + AwayGDPerGame + HomeShotsOnTargetLast5,5,HomeShotsOnTargetLast5,0.5342105263157895,0.5342105263157895,0.9823684832224557,0.58483662366552
EloDiff + AwayPointsLast5 + XGDDiffLast5 + HomeGoalsLast5 + PPGDiff,5,PPGDiff,0.5375,0.5375,0.9823804924409065,0.5853384882127487
EloDiff + AwayPointsLast5 + XGDDiffLast5 + PPGDiff + HomeGoalsLast5,5,HomeGoalsLast5,0.5375,0.5375,0.9823804924409066,0.5853384882127488
EloDiff + HomeElo + XGDDiffLast5 + AwayGDPerGame + GoalsAgainstPerGameDiff,5,GoalsAgainstPerGameDiff,0.5355263157894736,0.5355263157894737,0.9823895301708292,0.5849563579920897
EloDiff + AwayPointsLast5 + XGDDiffLast5 + XGDDiff + GoalDiffLast5,5,GoalDiffLast5,0.5324324324324324,0.5324324324324324,0.9824050012763205,0.5861984368141323
EloDiff + AwayElo + XGDDiffLast5 + GDPerGameDiff + HomePointsLast5,5,HomePointsLast5,0.5381578947368422,0.5381578947368421,0.9824100671896167,0.5849829629184866
EloDiff + AwayPointsLast5 + XGDDiffLast5 + GoalsPerGameDiff + HomeGoalsAgainstLast5,5,HomeGoalsAgainstLast5,0.5381578947368422,0.5381578947368421,0.9824373404645521,0.585493844609819
EloDiff + AwayPointsLast5 + XGDDiffLast5 + GDPerGameDiff + AwayGoalsAgainstPerGame,5,AwayGoalsAgainstPerGame,0.5348684210526315,0.5348684210526315,0.9824444061067985,0.5854349471249842
EloDiff + HomeShotsOnTargetAgainstLast5 + XGDDiffLast5 + AwayPointsLast5 + HomeGDPerGame,5,HomeGDPerGame,0.5388157894736842,0.5388157894736842,0.9824447165495506,0.5853667012695544
EloDiff + AwayPointsLast5 + XGDDiffLast5 + HomeShotsOnTargetAgainstLast5 + HomeGDPerGame,5,HomeGDPerGame,0.5388157894736842,0.5388157894736842,0.9824447165495507,0.5853667012695544
EloDiff + HomeGDPerGame + XGDDiffLast5 + AwayPointsLast5 + HomeShotsOnTargetAgainstLast5,5,HomeShotsOnTargetAgainstLast5,0.5388157894736842,0.5388157894736842,0.9824447165495507,0.5853667012695544
EloDiff + AwayPointsLast5 + XGDDiffLast5 + HomeGDPerGame + HomeShotsOnTargetAgainstLast5,5,HomeShotsOnTargetAgainstLast5,0.5388157894736842,0.5388157894736842,0.9824447165495507,0.5853667012695544
EloDiff + HomeElo + XGDDiffLast5 + GDPerGameDiff + HomePointsLast5,5,HomePointsLast5,0.5388157894736842,0.5388157894736842,0.9824493208274035,0.5849520562380529
EloDiff + AwayPointsLast5 + XGDDiffLast5 + PPGDiff + AwayPPG,5,AwayPPG,0.5355263157894737,0.5355263157894737,0.982451918630653,0.585808392620629
EloDiff + AwayPointsLast5 + XGDDiffLast5 + PPGDiff + HomePPG,5,HomePPG,0.5361842105263158,0.5361842105263158,0.9824550267138968,0.5857898118668997
EloDiff + HomeElo + XGDDiffLast5 + GDPerGameDiff + GoalsPerGameDiff,5,GoalsPerGameDiff,0.5394736842105263,0.5394736842105263,0.9824559518656126,0.5852467717294758
EloDiff + HomeElo + XGDDiffLast5 + GoalsPerGameDiff + GDPerGameDiff,5,GDPerGameDiff,0.5394736842105263,0.5394736842105263,0.9824559518656126,0.5852467717294758
EloDiff + HomeElo + XGDDiffLast5 + GoalsPerGameDiff + XGDDiff,5,XGDDiff,0.5378378378378379,0.5378378378378378,0.9824560818028061,0.5856548443179852
EloDiff + AwayPointsLast5 + XGDDiffLast5 + PPGDiff + AwayGoalsLast5,5,AwayGoalsLast5,0.5375,0.5375,0.9824610610653564,0.5858769208449714
EloDiff + AwayElo + XGDDiffLast5 + GoalsPerGameDiff + HomePointsLast5,5,HomePointsLast5,0.5427631578947368,0.5427631578947368,0.9824667611088598,0.5848469033470711
EloDiff + AwayPointsLast5 + XGDDiffLast5 + PPGDiff + XGForDiffLast5,5,XGForDiffLast5,0.5381578947368421,0.5381578947368421,0.9824742584445958,0.5856305794664154
EloDiff + AwayElo + XGDDiffLast5 + AwayGDPerGame + GoalDiffLast5,5,GoalDiffLast5,0.5361842105263158,0.5361842105263158,0.9824791106877337,0.5849389115663557
EloDiff + AwayPointsLast5 + XGDDiffLast5 + XGDDiff + AwayGoalsLast5,5,AwayGoalsLast5,0.5317567567567567,0.5317567567567567,0.982481929674776,0.5863762969642521
EloDiff + HomeElo + XGDDiffLast5 + AwayGDPerGame + AwayShotsOnTargetLast5,5,AwayShotsOnTargetLast5,0.5381578947368421,0.5381578947368421,0.9824903183138525,0.5847197836084311
EloDiff + HomeElo + XGDDiffLast5 + GoalsPerGameDiff + GoalsAgainstPerGameDiff,5,GoalsAgainstPerGameDiff,0.5381578947368422,0.5381578947368421,0.9824963103899986,0.5852793448845508
EloDiff + HomeElo + XGDDiffLast5 + GoalsPerGameDiff + HomePointsLast5,5,HomePointsLast5,0.5421052631578948,0.5421052631578948,0.9825052678791459,0.5848053792317257
EloDiff + AwayElo + XGDDiffLast5 + GoalsPerGameDiff + AwayGoalsAgainstPerGame,5,AwayGoalsAgainstPerGame,0.5394736842105263,0.5394736842105263,0.9825273553450915,0.5846579543401608
EloDiff + AwayElo + XGDDiffLast5 + GoalsPerGameDiff + GDPerGameDiff,5,GDPerGameDiff,0.5407894736842106,0.5407894736842105,0.9825310200070441,0.5853188581444765
EloDiff + AwayElo + XGDDiffLast5 + GDPerGameDiff + GoalsPerGameDiff,5,GoalsPerGameDiff,0.5407894736842106,0.5407894736842105,0.9825310200070442,0.5853188581444765
EloDiff + HomeGDPerGame + XGDDiffLast5 + AwayPointsLast5 + AwayGoalsAgainstPerGame,5,AwayGoalsAgainstPerGame,0.5328947368421052,0.5328947368421053,0.9825314678206504,0.5853345218402948
EloDiff + AwayPointsLast5 + XGDDiffLast5 + HomeGDPerGame + AwayGoalsAgainstPerGame,5,AwayGoalsAgainstPerGame,0.5328947368421052,0.5328947368421053,0.9825314678206504,0.5853345218402948
EloDiff + AwayPointsLast5 + XGDDiffLast5 + HomeGoalsLast5 + HomeShotsOnTargetAgainstLast5,5,HomeShotsOnTargetAgainstLast5,0.5388157894736842,0.5388157894736842,0.9825350413443004,0.5852335683945853
EloDiff + HomeShotsOnTargetAgainstLast5 + XGDDiffLast5 + AwayPointsLast5 + HomeGoalsLast5,5,HomeGoalsLast5,0.5388157894736842,0.5388157894736842,0.9825350413443004,0.5852335683945853
EloDiff + AwayPointsLast5 + XGDDiffLast5 + HomeShotsOnTargetAgainstLast5 + HomeGoalsLast5,5,HomeGoalsLast5,0.5388157894736842,0.5388157894736842,0.9825350413443004,0.5852335683945853
EloDiff + AwayPointsLast5 + XGDDiffLast5 + GDPerGameDiff + AwayGoalsLast5,5,AwayGoalsLast5,0.5375,0.5375,0.9825417640502228,0.5860600808293555
EloDiff + AwayElo + XGDDiffLast5 + GoalsPerGameDiff + HomeGDPerGame,5,HomeGDPerGame,0.5460526315789475,0.5460526315789473,0.9825420203004092,0.5850117525031748
EloDiff + AwayPointsLast5 + XGDDiffLast5 + GoalsAgainstPerGameDiff + HomeGoalsLast5,5,HomeGoalsLast5,0.5335526315789474,0.5335526315789474,0.9825432065999046,0.5855612320418919
EloDiff + AwayPointsLast5 + XGDDiffLast5 + HomeGoalsLast5 + GoalsAgainstPerGameDiff,5,GoalsAgainstPerGameDiff,0.5335526315789474,0.5335526315789474,0.9825432065999046,0.5855612320418919
EloDiff + AwayPointsLast5 + XGDDiffLast5 + GDPerGameDiff + PPGDiff,5,PPGDiff,0.5355263157894736,0.5355263157894737,0.9825496431928502,0.5857157230895615
EloDiff + AwayPointsLast5 + XGDDiffLast5 + PPGDiff + GDPerGameDiff,5,GDPerGameDiff,0.5355263157894736,0.5355263157894737,0.9825496431928502,0.5857157230895615
EloDiff + AwayElo + XGDDiffLast5 + GoalsPerGameDiff + XGDDiff,5,XGDDiff,0.5391891891891891,0.5391891891891892,0.9825531802848534,0.5857419450846666
EloDiff + AwayPointsLast5 + XGDDiffLast5 + GoalsPerGameDiff + HomePointsLast5,5,HomePointsLast5,0.5414473684210527,0.5414473684210527,0.9825548675892619,0.5854391302875479
EloDiff + HomeElo + XGDDiffLast5 + AwayGDPerGame + PPGDiff,5,PPGDiff,0.5381578947368422,0.5381578947368421,0.9825607136671669,0.5848654769579201
EloDiff + AwayPointsLast5 + XGDDiffLast5 + PPGDiff + AwayElo,5,AwayElo,0.5388157894736842,0.5388157894736842,0.9825616688292841,0.5852800397876581
EloDiff + HomeElo + XGDDiffLast5 + GDPerGameDiff + GoalsAgainstPerGameDiff,5,GoalsAgainstPerGameDiff,0.5375000000000001,0.5375,0.9825657392332774,0.5853168181805768
EloDiff + AwayPointsLast5 + XGDDiffLast5 + HomeGoalsLast5 + AwayPPG,5,AwayPPG,0.5335526315789474,0.5335526315789474,0.9825657872531,0.5858813872754212
EloDiff + HomeElo + XGDDiffLast5 + GoalsPerGameDiff + HomeGDPerGame,5,HomeGDPerGame,0.5460526315789475,0.5460526315789473,0.9825722486959011,0.5849606109542871
EloDiff + AwayPointsLast5 + XGDDiffLast5 + GoalsAgainstPerGameDiff + HomeShotsOnTargetAgainstLast5,5,HomeShotsOnTargetAgainstLast5,0.5348684210526315,0.5348684210526315,0.9825725848062907,0.5857948120732394
EloDiff + HomeShotsOnTargetAgainstLast5 + XGDDiffLast5 + AwayPointsLast5 + GoalsAgainstPerGameDiff,5,GoalsAgainstPerGameDiff,0.5348684210526315,0.5348684210526315,0.9825725848062907,0.5857948120732394
EloDiff + AwayPointsLast5 + XGDDiffLast5 + HomeShotsOnTargetAgainstLast5 + GoalsAgainstPerGameDiff,5,GoalsAgainstPerGameDiff,0.5348684210526315,0.5348684210526315,0.9825725848062907,0.5857948120732394
EloDiff + AwayPointsLast5 + XGDDiffLast5 + GDPerGameDiff + ShotOTDiffLast5,5,ShotOTDiffLast5,0.5355263157894737,0.5355263157894737,0.98258362404009,0.5858638620270729
EloDiff + HomeShotsOnTargetAgainstLast5 + XGDDiffLast5 + AwayPointsLast5 + HomeGoalsPerGame,5,HomeGoalsPerGame,0.5381578947368422,0.5381578947368421,0.9825890758218097,0.5851125475191885
EloDiff + AwayPointsLast5 + XGDDiffLast5 + HomeShotsOnTargetAgainstLast5 + HomeGoalsPerGame,5,HomeGoalsPerGame,0.5381578947368422,0.5381578947368421,0.9825890758218097,0.5851125475191885
EloDiff + AwayPointsLast5 + XGDDiffLast5 + HomeGoalsPerGame + HomeShotsOnTargetAgainstLast5,5,HomeShotsOnTargetAgainstLast5,0.5381578947368422,0.5381578947368421,0.9825890758218097,0.5851125475191884
EloDiff + AwayElo + XGDDiffLast5 + GoalsPerGameDiff + GoalsAgainstPerGameDiff,5,GoalsAgainstPerGameDiff,0.5394736842105263,0.5394736842105263,0.9825929980729399,0.5853656081778053
EloDiff + AwayPointsLast5 + XGDDiffLast5 + HomeGoalsLast5 + AwayShotsOnTargetLast5,5,AwayShotsOnTargetLast5,0.5388157894736842,0.5388157894736842,0.9826002099878207,0.5853910328222266
EloDiff + AwayPointsLast5 + XGDDiffLast5 + HomeShotsAgainstLast5 + AwayGDPerGame,5,AwayGDPerGame,0.5375000000000001,0.5375,0.9826155131656389,0.5861257810822451
EloDiff + AwayPointsLast5 + XGDDiffLast5 + AwayGDPerGame + HomeShotsAgainstLast5,5,HomeShotsAgainstLast5,0.5375000000000001,0.5375,0.9826155131656389,0.5861257810822451
EloDiff + HomeShotsAgainstLast5 + XGDDiffLast5 + AwayPointsLast5 + AwayGDPerGame,5,AwayGDPerGame,0.5375000000000001,0.5375,0.9826155131656389,0.5861257810822451
EloDiff + AwayElo + XGDDiffLast5 + GDPerGameDiff + GoalsAgainstPerGameDiff,5,GoalsAgainstPerGameDiff,0.5394736842105263,0.5394736842105263,0.9826159872420206,0.5853753857211692
EloDiff + AwayPointsLast5 + XGDDiffLast5 + XGDDiff + HomeElo,5,HomeElo,0.5317567567567568,0.5317567567567567,0.9826370381333435,0.5857496382007632
EloDiff + HomeElo + XGDDiffLast5 + GoalsPerGameDiff + AwayGoalsAgainstPerGame,5,AwayGoalsAgainstPerGame,0.5388157894736842,0.5388157894736842,0.9826375495001949,0.5846807767484486
EloDiff + AwayPointsLast5 + XGDDiffLast5 + PPGDiff + XGAgainstDiffLast5,5,XGAgainstDiffLast5,0.5381578947368421,0.5381578947368421,0.9826477473936289,0.5857454819644644
EloDiff + HomeElo + XGDDiffLast5 + GDPerGameDiff + ShotDiffLast5,5,ShotDiffLast5,0.5401315789473685,0.5401315789473684,0.9826591011328912,0.5854591790068123
EloDiff + AwayPointsLast5 + XGDDiffLast5 + PPGDiff + AwayGDPerGame,5,AwayGDPerGame,0.5368421052631579,0.5368421052631579,0.9826674903708947,0.5859905157275382
EloDiff + AwayPointsLast5 + XGDDiffLast5 + AwayGDPerGame + PPGDiff,5,PPGDiff,0.5368421052631579,0.5368421052631579,0.9826674903708947,0.5859905157275382
EloDiff + AwayPointsLast5 + XGDDiffLast5 + HomeGoalsPerGame + AwayShotsOnTargetLast5,5,AwayShotsOnTargetLast5,0.5368421052631579,0.5368421052631579,0.9826749726533128,0.5852353299927299
EloDiff + AwayPointsLast5 + XGDDiffLast5 + HomeShotsAgainstLast5 + HomeGoalsPerGame,5,HomeGoalsPerGame,0.5368421052631579,0.5368421052631579,0.9826759538463384,0.5852975322817262
EloDiff + HomeShotsAgainstLast5 + XGDDiffLast5 + AwayPointsLast5 + HomeGoalsPerGame,5,HomeGoalsPerGame,0.5368421052631579,0.5368421052631579,0.9826759538463385,0.5852975322817262
EloDiff + AwayPointsLast5 + XGDDiffLast5 + HomeGoalsPerGame + HomeShotsAgainstLast5,5,HomeShotsAgainstLast5,0.5368421052631579,0.5368421052631579,0.9826759538463385,0.5852975322817262
EloDiff + AwayPointsLast5 + XGDDiffLast5 + HomeShotsAgainstLast5 + HomeGoalsLast5,5,HomeGoalsLast5,0.5368421052631579,0.5368421052631579,0.9826868879166937,0.5854478221072348
EloDiff + HomeShotsAgainstLast5 + XGDDiffLast5 + AwayPointsLast5 + HomeGoalsLast5,5,HomeGoalsLast5,0.5368421052631579,0.5368421052631579,0.9826868879166937,0.5854478221072348
EloDiff + AwayPointsLast5 + XGDDiffLast5 + HomeGoalsLast5 + HomeShotsAgainstLast5,5,HomeShotsAgainstLast5,0.5368421052631579,0.5368421052631579,0.9826868879166937,0.5854478221072348
EloDiff + AwayElo + XGDDiffLast5 + AwayGDPerGame + XGForDiffLast5,5,XGForDiffLast5,0.5348684210526315,0.5348684210526315,0.9826889686467788,0.585043995338146
EloDiff + HomeShotsOnTargetAgainstLast5 + XGDDiffLast5 + AwayPointsLast5 + HomePPG,5,HomePPG,0.5394736842105263,0.5394736842105263,0.9826956338831883,0.5854830063464208
EloDiff + AwayPointsLast5 + XGDDiffLast5 + HomeShotsOnTargetAgainstLast5 + HomePPG,5,HomePPG,0.5394736842105263,0.5394736842105263,0.9826956338832042,0.5854830063464302
EloDiff + HomeShotsOnTargetAgainstLast5 + XGDDiffLast5 + AwayPointsLast5 + AwayGDPerGame,5,AwayGDPerGame,0.5348684210526315,0.5348684210526315,0.9827082059323163,0.5860955010323704
EloDiff + AwayPointsLast5 + XGDDiffLast5 + HomeShotsOnTargetAgainstLast5 + AwayGDPerGame,5,AwayGDPerGame,0.5348684210526315,0.5348684210526315,0.9827082059323163,0.5860955010323704
EloDiff + AwayPointsLast5 + XGDDiffLast5 + AwayGDPerGame + HomeShotsOnTargetAgainstLast5,5,HomeShotsOnTargetAgainstLast5,0.5348684210526315,0.5348684210526315,0.9827082059323163,0.5860955010323704
EloDiff + AwayPointsLast5 + XGDDiffLast5 + GDPerGameDiff + AwayShotsAgainstLast5,5,AwayShotsAgainstLast5,0.5361842105263158,0.5361842105263158,0.9827120872354126,0.5860209388528237
EloDiff + HomeGDPerGame + XGDDiffLast5 + AwayPointsLast5 + AwayPPG,5,AwayPPG,0.5342105263157895,0.5342105263157895,0.9827214972755356,0.5859668670694291
EloDiff + AwayPointsLast5 + XGDDiffLast5 + HomeGDPerGame + AwayPPG,5,AwayPPG,0.5342105263157895,0.5342105263157895,0.9827214972755356,0.5859668670694291
EloDiff + AwayPointsLast5 + XGDDiffLast5 + XGDDiff + HomeShotsOnTargetAgainstLast5,5,HomeShotsOnTargetAgainstLast5,0.529054054054054,0.529054054054054,0.982727204250592,0.5864485386559652
EloDiff + AwayPointsLast5 + XGDDiffLast5 + HomeShotsOnTargetAgainstLast5 + XGDDiff,5,XGDDiff,0.529054054054054,0.529054054054054,0.9827272042505921,0.5864485386559652
EloDiff + HomeShotsOnTargetAgainstLast5 + XGDDiffLast5 + AwayPointsLast5 + XGDDiff,5,XGDDiff,0.529054054054054,0.529054054054054,0.9827272042505921,0.5864485386559652
EloDiff + HomeElo + XGDDiffLast5 + AwayGDPerGame + GoalDiffLast5,5,GoalDiffLast5,0.5368421052631579,0.5368421052631579,0.9827313963398484,0.5850308698113821
EloDiff + HomeElo + XGDDiffLast5 + GDPerGameDiff + AwayShotsOnTargetLast5,5,AwayShotsOnTargetLast5,0.5388157894736842,0.5388157894736842,0.9827360834001181,0.5851453636166591
EloDiff + AwayElo + XGDDiffLast5 + GDPerGameDiff + ShotDiffLast5,5,ShotDiffLast5,0.5414473684210527,0.5414473684210527,0.9827396763836995,0.5855435399498317
EloDiff + AwayPointsLast5 + XGDDiffLast5 + HomeGoalsPerGame + GoalsAgainstPerGameDiff,5,GoalsAgainstPerGameDiff,0.5289473684210526,0.5289473684210526,0.9827543979321189,0.5855389222289765
EloDiff + AwayPointsLast5 + XGDDiffLast5 + GoalsAgainstPerGameDiff + HomeGoalsPerGame,5,HomeGoalsPerGame,0.5289473684210526,0.5289473684210526,0.9827543979321189,0.5855389222289765
EloDiff + AwayPointsLast5 + XGDDiffLast5 + PPGDiff + ShotOTDiffLast5,5,ShotOTDiffLast5,0.5368421052631579,0.5368421052631579,0.9827624441419224,0.5859194757634913
EloDiff + AwayPointsLast5 + XGDDiffLast5 + GoalsPerGameDiff + XGAgainstDiffPg,5,XGAgainstDiffPg,0.5344594594594594,0.5344594594594595,0.9827798652563824,0.5861121543303037
EloDiff + AwayElo + XGDDiffLast5 + AwayGDPerGame + XGAgainstDiffLast5,5,XGAgainstDiffLast5,0.5342105263157895,0.5342105263157895,0.9827812010798174,0.5851074536283386
EloDiff + HomeGDPerGame + XGDDiffLast5 + AwayPointsLast5 + HomeShotsAgainstLast5,5,HomeShotsAgainstLast5,0.5394736842105263,0.5394736842105263,0.9827815426384616,0.5857167653641239
EloDiff + HomeShotsAgainstLast5 + XGDDiffLast5 + AwayPointsLast5 + HomeGDPerGame,5,HomeGDPerGame,0.5394736842105263,0.5394736842105263,0.9827815426384617,0.5857167653641239
EloDiff + AwayPointsLast5 + XGDDiffLast5 + HomeShotsAgainstLast5 + HomeGDPerGame,5,HomeGDPerGame,0.5394736842105263,0.5394736842105263,0.9827815426384618,0.5857167653641239
EloDiff + AwayPointsLast5 + XGDDiffLast5 + HomeGDPerGame + HomeShotsAgainstLast5,5,HomeShotsAgainstLast5,0.5394736842105263,0.5394736842105263,0.9827815426384618,0.5857167653641239
EloDiff + AwayElo + XGDDiffLast5 + AwayGDPerGame + XGDDiff,5,XGDDiff,0.5310810810810811,0.5310810810810811,0.9827827715204587,0.585730604358125
EloDiff + AwayPointsLast5 + XGDDiffLast5 + AwayGDPerGame + XGDDiff,5,XGDDiff,0.5263513513513514,0.5263513513513514,0.982783899528386,0.5865103609613179
EloDiff + AwayPointsLast5 + XGDDiffLast5 + XGDDiff + AwayGDPerGame,5,AwayGDPerGame,0.5263513513513514,0.5263513513513514,0.982783899528386,0.5865103609613178
EloDiff + AwayPointsLast5 + XGDDiffLast5 + GDPerGameDiff + GoalAgainstDiffLast5,5,GoalAgainstDiffLast5,0.5368421052631578,0.5368421052631579,0.9827894000106244,0.5860773438641614
EloDiff + AwayPointsLast5 + XGDDiffLast5 + HomeGDPerGame + HomePPG,5,HomePPG,0.5375,0.5375,0.9828081807809241,0.5854989800938376
EloDiff + HomeGDPerGame + XGDDiffLast5 + AwayPointsLast5 + HomePPG,5,HomePPG,0.5375,0.5375,0.9828081807809241,0.5854989800938376
EloDiff + HomeElo + XGDDiffLast5 + GoalsPerGameDiff + ShotDiffLast5,5,ShotDiffLast5,0.5440789473684211,0.5440789473684211,0.9828096009654974,0.5853946036702361
EloDiff + AwayPointsLast5 + XGDDiffLast5 + AwayGDPerGame + HomePointsLast5,5,HomePointsLast5,0.5361842105263158,0.5361842105263158,0.9828166026178504,0.5860275055399862
EloDiff + AwayPointsLast5 + XGDDiffLast5 + XGDDiff + ShotDiffLast5,5,ShotDiffLast5,0.5283783783783784,0.5283783783783784,0.9828175894157125,0.5866363843929371
EloDiff + HomeElo + XGDDiffLast5 + AwayGDPerGame + XGForDiffLast5,5,XGForDiffLast5,0.5348684210526315,0.5348684210526315,0.9828253388337511,0.5850733683245697
EloDiff + AwayElo + XGDDiffLast5 + GDPerGameDiff + AwayShotsOnTargetLast5,5,AwayShotsOnTargetLast5,0.5394736842105263,0.5394736842105263,0.9828268496670319,0.5852354276981926
EloDiff + AwayPointsLast5 + XGDDiffLast5 + HomeShotsOnTargetAgainstLast5 + AwayPPG,5,AwayPPG,0.5335526315789474,0.5335526315789474,0.9828345736007273,0.586120281773835
EloDiff + HomeShotsOnTargetAgainstLast5 + XGDDiffLast5 + AwayPointsLast5 + AwayPPG,5,AwayPPG,0.5335526315789474,0.5335526315789474,0.9828345736007273,0.586120281773835
EloDiff + HomeShotsOnTargetAgainstLast5 + XGDDiffLast5 + AwayPointsLast5 + AwayShotsOnTargetLast5,5,AwayShotsOnTargetLast5,0.5394736842105263,0.5394736842105263,0.9828369689078137,0.5857873064236273
EloDiff + AwayPointsLast5 + XGDDiffLast5 + HomeShotsOnTargetAgainstLast5 + AwayShotsOnTargetLast5,5,AwayShotsOnTargetLast5,0.5394736842105263,0.5394736842105263,0.9828369689078137,0.5857873064236273
EloDiff + AwayPointsLast5 + XGDDiffLast5 + XGDDiff + ShotOTDiffLast5,5,ShotOTDiffLast5,0.5337837837837838,0.5337837837837838,0.9828482171325417,0.5863328889427835
EloDiff + AwayPointsLast5 + XGDDiffLast5 + XGDDiff + AwayElo,5,AwayElo,0.5310810810810811,0.5310810810810811,0.9828488996131388,0.5858965157248711
EloDiff + HomeShotsAgainstLast5 + XGDDiffLast5 + AwayPointsLast5 + GoalsAgainstPerGameDiff,5,GoalsAgainstPerGameDiff,0.5355263157894737,0.5355263157894737,0.9828506378586728,0.586025981705266
EloDiff + AwayPointsLast5 + XGDDiffLast5 + HomeShotsAgainstLast5 + GoalsAgainstPerGameDiff,5,GoalsAgainstPerGameDiff,0.5355263157894737,0.5355263157894737,0.9828506378586728,0.586025981705266
EloDiff + AwayPointsLast5 + XGDDiffLast5 + GoalsAgainstPerGameDiff + HomeShotsAgainstLast5,5,HomeShotsAgainstLast5,0.5355263157894737,0.5355263157894737,0.9828506378586728,0.586025981705266
EloDiff + AwayPointsLast5 + XGDDiffLast5 + AwayGDPerGame + GoalsAgainstPerGameDiff,5,GoalsAgainstPerGameDiff,0.5355263157894736,0.5355263157894737,0.9828623580072491,0.586298639879522
EloDiff + AwayPointsLast5 + XGDDiffLast5 + GoalsAgainstPerGameDiff + AwayGDPerGame,5,AwayGDPerGame,0.5355263157894736,0.5355263157894737,0.9828623580072491,0.5862986398795219
EloDiff + AwayPointsLast5 + XGDDiffLast5 + XGDDiff + XGAgainstDiffPg,5,XGAgainstDiffPg,0.5324324324324324,0.5324324324324324,0.9828784218541585,0.5862543596458692
EloDiff + AwayPointsLast5 + XGDDiffLast5 + PPGDiff + AwayShotsAgainstLast5,5,AwayShotsAgainstLast5,0.5375,0.5375,0.9828864124986185,0.5860835963140267
EloDiff + AwayPointsLast5 + XGDDiffLast5 + GoalsPerGameDiff + ShotOTDiffLast5,5,ShotOTDiffLast5,0.5388157894736842,0.5388157894736842,0.982891048423467,0.5858323862737262
EloDiff + AwayElo + XGDDiffLast5 + GoalsPerGameDiff + ShotDiffLast5,5,ShotDiffLast5,0.5447368421052632,0.5447368421052632,0.9828931712793405,0.5854841901923697
EloDiff + AwayPointsLast5 + XGDDiffLast5 + GoalsPerGameDiff + GoalAgainstDiffLast5,5,GoalAgainstDiffLast5,0.5407894736842105,0.5407894736842105,0.9829054770180237,0.5861297913007897
EloDiff + AwayPointsLast5 + XGDDiffLast5 + HomeGDPerGame + GoalDiffLast5,5,GoalDiffLast5,0.5368421052631579,0.5368421052631579,0.9829101430398517,0.5856940580354179
EloDiff + HomeGDPerGame + XGDDiffLast5 + AwayPointsLast5 + GoalDiffLast5,5,GoalDiffLast5,0.5368421052631579,0.5368421052631579,0.9829101430398517,0.5856940580354179
EloDiff + HomeElo + XGDDiffLast5 + AwayGDPerGame + XGDDiff,5,XGDDiff,0.5310810810810811,0.5310810810810811,0.9829160357907022,0.5857673043096682
EloDiff + AwayPointsLast5 + XGDDiffLast5 + HomeShotsOnTargetAgainstLast5 + GoalDiffLast5,5,GoalDiffLast5,0.5394736842105263,0.5394736842105263,0.9829172782525759,0.5858258094062189
EloDiff + HomeShotsOnTargetAgainstLast5 + XGDDiffLast5 + AwayPointsLast5 + GoalDiffLast5,5,GoalDiffLast5,0.5394736842105263,0.5394736842105263,0.9829172782525759,0.585825809406219
EloDiff + HomeElo + XGDDiffLast5 + GoalsPerGameDiff + AwayShotsOnTargetLast5,5,AwayShotsOnTargetLast5,0.5434210526315789,0.5434210526315789,0.9829202791185634,0.58506924816122
EloDiff + HomeElo + XGDDiffLast5 + AwayGDPerGame + XGAgainstDiffLast5,5,XGAgainstDiffLast5,0.5355263157894737,0.5355263157894737,0.982921755584993,0.5851411096870243
EloDiff + AwayPointsLast5 + XGDDiffLast5 + GoalsPerGameDiff + AwayShotsOnTargetAgainstLast5,5,AwayShotsOnTargetAgainstLast5,0.5348684210526317,0.5348684210526315,0.9829235063446302,0.585655010226231
EloDiff + AwayPointsLast5 + XGDDiffLast5 + HomeGoalsLast5 + AwayGoalsAgainstPerGame,5,AwayGoalsAgainstPerGame,0.5361842105263157,0.5361842105263158,0.9829283611477007,0.5853901993168514
EloDiff + AwayPointsLast5 + XGDDiffLast5 + GDPerGameDiff + HomeGoalsPerGame,5,HomeGoalsPerGame,0.5368421052631579,0.5368421052631579,0.9829452650059995,0.5858471427898619
EloDiff + AwayPointsLast5 + XGDDiffLast5 + HomeGoalsPerGame + GDPerGameDiff,5,GDPerGameDiff,0.5368421052631579,0.5368421052631579,0.9829452650059995,0.5858471427898619
EloDiff + AwayElo + XGDDiffLast5 + GoalsPerGameDiff + HomeShotsOnTargetLast5,5,HomeShotsOnTargetLast5,0.5421052631578948,0.5421052631578948,0.9829512622434853,0.5854748836563082
EloDiff + AwayPointsLast5 + XGDDiffLast5 + GoalsAgainstPerGameDiff + GoalDiffLast5,5,GoalDiffLast5,0.5348684210526315,0.5348684210526315,0.9829670750454642,0.5861251878890654
EloDiff + AwayElo + XGDDiffLast5 + GDPerGameDiff + HomeShotsOnTargetLast5,5,HomeShotsOnTargetLast5,0.5348684210526315,0.5348684210526315,0.9829683262686006,0.5856903215278962
EloDiff + HomeShotsAgainstLast5 + XGDDiffLast5 + AwayPointsLast5 + HomeElo,5,HomeElo,0.5453947368421053,0.5453947368421053,0.9829693432547524,0.5852720747836362
EloDiff + AwayPointsLast5 + XGDDiffLast5 + HomeShotsAgainstLast5 + HomeElo,5,HomeElo,0.5453947368421053,0.5453947368421053,0.9829693432547524,0.5852720747836362
EloDiff + HomeElo + XGDDiffLast5 + GDPerGameDiff + HomeGoalsLast5,5,HomeGoalsLast5,0.5381578947368421,0.5381578947368421,0.9829745187698,0.5852289113971345
EloDiff + AwayPointsLast5 + XGDDiffLast5 + HomeShotsOnTargetAgainstLast5 + ShotDiffLast5,5,ShotDiffLast5,0.5414473684210527,0.5414473684210527,0.9829784741280918,0.58594914071356
EloDiff + HomeShotsOnTargetAgainstLast5 + XGDDiffLast5 + AwayPointsLast5 + ShotDiffLast5,5,ShotDiffLast5,0.5414473684210527,0.5414473684210527,0.9829784741280918,0.58594914071356
EloDiff + AwayPointsLast5 + XGDDiffLast5 + XGDDiff + AwayShotsOnTargetAgainstLast5,5,AwayShotsOnTargetAgainstLast5,0.5317567567567567,0.5317567567567567,0.9829799873847872,0.5865399591679685
EloDiff + AwayPointsLast5 + XGDDiffLast5 + GDPerGameDiff + AwayShotsOnTargetAgainstLast5,5,AwayShotsOnTargetAgainstLast5,0.5342105263157895,0.5342105263157895,0.9829874574604482,0.5858177563540068
EloDiff + HomeElo + XGDDiffLast5 + GoalsPerGameDiff + PPGDiff,5,PPGDiff,0.5427631578947368,0.5427631578947368,0.982987858990578,0.5853885070826692
EloDiff + AwayPointsLast5 + XGDDiffLast5 + XGDDiff + XGForDiffPg,5,XGForDiffPg,0.5317567567567567,0.5317567567567567,0.9829925375093316,0.5863253254980157
EloDiff + AwayPointsLast5 + XGDDiffLast5 + XGDDiff + GoalsAgainstPerGameDiff,5,GoalsAgainstPerGameDiff,0.5310810810810811,0.5310810810810811,0.9829951556846268,0.586427858306739
EloDiff + AwayPointsLast5 + XGDDiffLast5 + GoalsAgainstPerGameDiff + XGDDiff,5,XGDDiff,0.5310810810810811,0.5310810810810811,0.9829951556846268,0.586427858306739
EloDiff + AwayPointsLast5 + XGDDiffLast5 + GoalsAgainstPerGameDiff + HomeGDPerGame,5,HomeGDPerGame,0.5342105263157895,0.5342105263157895,0.982995567958068,0.5859308472054119
EloDiff + HomeGDPerGame + XGDDiffLast5 + AwayPointsLast5 + GoalsAgainstPerGameDiff,5,GoalsAgainstPerGameDiff,0.5342105263157895,0.5342105263157895,0.982995567958068,0.5859308472054119
EloDiff + AwayPointsLast5 + XGDDiffLast5 + HomeGDPerGame + GoalsAgainstPerGameDiff,5,GoalsAgainstPerGameDiff,0.5342105263157895,0.5342105263157895,0.982995567958068,0.5859308472054119
EloDiff + AwayPointsLast5 + XGDDiffLast5 + GoalsPerGameDiff + AwayShotsAgainstLast5,5,AwayShotsAgainstLast5,0.5427631578947368,0.5427631578947368,0.9829996620098248,0.5861119403830354
EloDiff + HomeElo + XGDDiffLast5 + GoalsPerGameDiff + HomeShotsOnTargetLast5,5,HomeShotsOnTargetLast5,0.5421052631578948,0.5421052631578948,0.9830024334942762,0.5854513604334738
EloDiff + HomeShotsAgainstLast5 + XGDDiffLast5 + AwayPointsLast5 + AwayPPG,5,AwayPPG,0.531578947368421,0.531578947368421,0.9830040543157585,0.5863297610750448
EloDiff + AwayPointsLast5 + XGDDiffLast5 + HomeShotsAgainstLast5 + AwayPPG,5,AwayPPG,0.531578947368421,0.531578947368421,0.9830040543157585,0.5863297610750448
EloDiff + AwayElo + XGDDiffLast5 + AwayGDPerGame + ShotOTDiffLast5,5,ShotOTDiffLast5,0.5355263157894736,0.5355263157894737,0.9830050751439966,0.5852109283200443
EloDiff + AwayPointsLast5 + XGDDiffLast5 + HomeShotsOnTargetAgainstLast5 + HomeElo,5,HomeElo,0.5414473684210526,0.5414473684210527,0.9830134597779632,0.5851999346705157
EloDiff + HomeShotsOnTargetAgainstLast5 + XGDDiffLast5 + AwayPointsLast5 + HomeElo,5,HomeElo,0.5414473684210526,0.5414473684210527,0.9830134597779632,0.5851999346705157
EloDiff + HomeGDPerGame + XGDDiffLast5 + AwayPointsLast5 + AwayShotsOnTargetLast5,5,AwayShotsOnTargetLast5,0.5427631578947368,0.5427631578947368,0.9830170067282611,0.5856964227894851
EloDiff + AwayPointsLast5 + XGDDiffLast5 + HomeGDPerGame + AwayShotsOnTargetLast5,5,AwayShotsOnTargetLast5,0.5427631578947368,0.5427631578947368,0.9830170067282613,0.5856964227894851
EloDiff + AwayPointsLast5 + XGDDiffLast5 + HomeShotsAgainstLast5 + HomePPG,5,HomePPG,0.5388157894736841,0.5388157894736842,0.983020663642751,0.5857860796544128
EloDiff + HomeShotsAgainstLast5 + XGDDiffLast5 + AwayPointsLast5 + HomePPG,5,HomePPG,0.5388157894736841,0.5388157894736842,0.983020663642751,0.5857860796544128
EloDiff + AwayPointsLast5 + XGDDiffLast5 + GoalsAgainstPerGameDiff + AwayPPG,5,AwayPPG,0.5355263157894736,0.5355263157894737,0.9830289657016713,0.5863855391731135
EloDiff + AwayElo + XGDDiffLast5 + GoalsPerGameDiff + AwayShotsOnTargetLast5,5,AwayShotsOnTargetLast5,0.5434210526315789,0.5434210526315789,0.9830296261208143,0.5851797366503908
EloDiff + HomeElo + XGDDiffLast5 + GDPerGameDiff + HomeShotsOnTargetLast5,5,HomeShotsOnTargetLast5,0.5335526315789474,0.5335526315789474,0.9830330846348647,0.585684738651221
EloDiff + AwayElo + XGDDiffLast5 + GDPerGameDiff + HomeGoalsLast5,5,HomeGoalsLast5,0.5388157894736842,0.5388157894736842,0.9830582086671158,0.5853114568506088
EloDiff + AwayPointsLast5 + XGDDiffLast5 + AwayGDPerGame + AwayPPG,5,AwayPPG,0.5335526315789474,0.5335526315789474,0.9830589983736968,0.5861821152677477
EloDiff + AwayElo + XGDDiffLast5 + GoalsPerGameDiff + PPGDiff,5,PPGDiff,0.5434210526315789,0.5434210526315789,0.9830742044080176,0.5854708640251531
EloDiff + AwayPointsLast5 + XGDDiffLast5 + PPGDiff + HomePointsLast5,5,HomePointsLast5,0.5381578947368421,0.5381578947368421,0.9830924493609892,0.5859793108011906
EloDiff + HomeElo + XGDDiffLast5 + GDPerGameDiff + HomeGoalsAgainstLast5,5,HomeGoalsAgainstLast5,0.5381578947368422,0.5381578947368421,0.9830963233153829,0.585435830411156
EloDiff + AwayPointsLast5 + XGDDiffLast5 + GoalsAgainstPerGameDiff + ShotDiffLast5,5,ShotDiffLast5,0.5361842105263158,0.5361842105263158,0.9830992042709835,0.5862458765646483
EloDiff + HomeElo + XGDDiffLast5 + GoalsPerGameDiff + HomeGoalsLast5,5,HomeGoalsLast5,0.5453947368421053,0.5453947368421053,0.9831041118313402,0.5851548374293811
EloDiff + AwayPointsLast5 + XGDDiffLast5 + PPGDiff + AwayGoalsAgainstPerGame,5,AwayGoalsAgainstPerGame,0.5368421052631579,0.5368421052631579,0.983104342631308,0.5857129442359904
EloDiff + AwayPointsLast5 + XGDDiffLast5 + GoalsPerGameDiff + HomeGoalsPerGame,5,HomeGoalsPerGame,0.5381578947368422,0.5381578947368421,0.9831115459272077,0.5857765766437992
EloDiff + AwayPointsLast5 + XGDDiffLast5 + HomeGoalsPerGame + GoalsPerGameDiff,5,GoalsPerGameDiff,0.5381578947368422,0.5381578947368421,0.9831115459272077,0.5857765766437992
EloDiff + AwayPointsLast5 + XGDDiffLast5 + HomeGoalsLast5 + ShotDiffLast5,5,ShotDiffLast5,0.5381578947368421,0.5381578947368421,0.9831140986594596,0.5857489336779577
EloDiff + HomeGDPerGame + XGDDiffLast5 + AwayPointsLast5 + ShotDiffLast5,5,ShotDiffLast5,0.5394736842105263,0.5394736842105263,0.9831154380888961,0.5858980638712046
EloDiff + AwayPointsLast5 + XGDDiffLast5 + HomeGDPerGame + ShotDiffLast5,5,ShotDiffLast5,0.5394736842105263,0.5394736842105263,0.9831154380888961,0.5858980638712046
EloDiff + AwayPointsLast5 + XGDDiffLast5 + GoalsPerGameDiff + AwayGoalsLast5,5,AwayGoalsLast5,0.5394736842105263,0.5394736842105263,0.9831194834153358,0.5862513712181268
EloDiff + AwayElo + XGDDiffLast5 + GDPerGameDiff + HomeGoalsAgainstLast5,5,HomeGoalsAgainstLast5,0.5388157894736842,0.5388157894736842,0.9831299999385719,0.5854949037139285
EloDiff + AwayPointsLast5 + XGDDiffLast5 + GoalsAgainstPerGameDiff + HomeGoalsAgainstLast5,5,HomeGoalsAgainstLast5,0.5322368421052631,0.5322368421052631,0.983140465830904,0.5860564471772219
EloDiff + HomeShotsAgainstLast5 + XGDDiffLast5 + AwayPointsLast5 + AwayShotsOnTargetLast5,5,AwayShotsOnTargetLast5,0.5434210526315789,0.5434210526315789,0.9831406447438924,0.5860880780189441
EloDiff + AwayPointsLast5 + XGDDiffLast5 + HomeShotsAgainstLast5 + AwayShotsOnTargetLast5,5,AwayShotsOnTargetLast5,0.5434210526315789,0.5434210526315789,0.9831406447438925,0.5860880780189442
EloDiff + AwayPointsLast5 + XGDDiffLast5 + PPGDiff + XGAgainstDiffPg,5,XGAgainstDiffPg,0.5324324324324324,0.5324324324324324,0.9831556697493951,0.5864674336745388
EloDiff + AwayElo + XGDDiffLast5 + GoalsPerGameDiff + HomeGoalsLast5,5,HomeGoalsLast5,0.5460526315789473,0.5460526315789473,0.9831658377352406,0.585237958400809
EloDiff + AwayPointsLast5 + XGDDiffLast5 + GoalsAgainstPerGameDiff + AwayShotsOnTargetLast5,5,AwayShotsOnTargetLast5,0.5328947368421053,0.5328947368421053,0.983167110693036,0.5861968497611919
EloDiff + AwayPointsLast5 + XGDDiffLast5 + AwayGDPerGame + AwayShotsOnTargetLast5,5,AwayShotsOnTargetLast5,0.5322368421052631,0.5322368421052631,0.9831766075266979,0.5863468657738962
EloDiff + AwayElo + XGDDiffLast5 + GDPerGameDiff + AwayShotsAgainstLast5,5,AwayShotsAgainstLast5,0.5368421052631579,0.5368421052631579,0.9831863925775092,0.5855140223332653
EloDiff + HomeElo + XGDDiffLast5 + AwayGDPerGame + ShotOTDiffLast5,5,ShotOTDiffLast5,0.5361842105263158,0.5361842105263158,0.9831885843187775,0.5852704352337758
EloDiff + AwayPointsLast5 + XGDDiffLast5 + HomeShotsAgainstLast5 + GoalDiffLast5,5,GoalDiffLast5,0.5388157894736842,0.5388157894736842,0.9832004348308503,0.586088918744776
EloDiff + HomeShotsAgainstLast5 + XGDDiffLast5 + AwayPointsLast5 + GoalDiffLast5,5,GoalDiffLast5,0.5388157894736842,0.5388157894736842,0.9832004348308503,0.586088918744776
EloDiff + AwayPointsLast5 + XGDDiffLast5 + AwayGDPerGame + ShotDiffLast5,5,ShotDiffLast5,0.5355263157894736,0.5355263157894737,0.9832044638640804,0.5865547620231044
EloDiff + AwayPointsLast5 + XGDDiffLast5 + PPGDiff + AwayShotsOnTargetAgainstLast5,5,AwayShotsOnTargetAgainstLast5,0.5381578947368421,0.5381578947368421,0.9832051938687553,0.5858989082786995
EloDiff + AwayElo + XGDDiffLast5 + GoalsPerGameDiff + AwayShotsAgainstLast5,5,AwayShotsAgainstLast5,0.5434210526315789,0.5434210526315789,0.9832191690592993,0.5854057144738738
EloDiff + AwayPointsLast5 + XGDDiffLast5 + HomeGoalsLast5 + HomeGDPerGame,5,HomeGDPerGame,0.5388157894736842,0.5388157894736842,0.9832197308242405,0.5854324621644494
EloDiff + HomeGDPerGame + XGDDiffLast5 + AwayPointsLast5 + HomeGoalsLast5,5,HomeGoalsLast5,0.5388157894736842,0.5388157894736842,0.9832197308242405,0.5854324621644494
EloDiff + AwayPointsLast5 + XGDDiffLast5 + HomeGDPerGame + HomeGoalsLast5,5,HomeGoalsLast5,0.5388157894736842,0.5388157894736842,0.9832197308242405,0.5854324621644494
EloDiff + AwayPointsLast5 + XGDDiffLast5 + GoalsAgainstPerGameDiff + HomePPG,5,HomePPG,0.5361842105263158,0.5361842105263158,0.9832205121016541,0.586107716487107
EloDiff + HomeElo + XGDDiffLast5 + GDPerGameDiff + GoalDiffLast5,5,GoalDiffLast5,0.5421052631578948,0.5421052631578948,0.9832230926874714,0.5856749082436037
EloDiff + HomeShotsAgainstLast5 + XGDDiffLast5 + AwayPointsLast5 + AwayElo,5,AwayElo,0.5434210526315789,0.5434210526315789,0.9832254772249502,0.5854687122135143
EloDiff + AwayPointsLast5 + XGDDiffLast5 + HomeShotsAgainstLast5 + AwayElo,5,AwayElo,0.5434210526315789,0.5434210526315789,0.9832254772249502,0.5854687122135142
EloDiff + AwayPointsLast5 + XGDDiffLast5 + HomeGoalsPerGame + ShotDiffLast5,5,ShotDiffLast5,0.5381578947368422,0.5381578947368421,0.9832255110005956,0.5856939107967758
EloDiff + AwayElo + XGDDiffLast5 + AwayGDPerGame + HomeGoalsAgainstLast5,5,HomeGoalsAgainstLast5,0.5348684210526315,0.5348684210526315,0.9832302910019335,0.5854158883514561
EloDiff + AwayPointsLast5 + XGDDiffLast5 + XGDDiff + HomeShotsOnTargetLast5,5,HomeShotsOnTargetLast5,0.5344594594594594,0.5344594594594595,0.9832332083080624,0.5869290564882161
EloDiff + HomeShotsOnTargetAgainstLast5 + XGDDiffLast5 + AwayPointsLast5 + HomeShotsAgainstLast5,5,HomeShotsAgainstLast5,0.5381578947368421,0.5381578947368421,0.9832352125388688,0.5860703531030363
EloDiff + AwayPointsLast5 + XGDDiffLast5 + HomeShotsOnTargetAgainstLast5 + HomeShotsAgainstLast5,5,HomeShotsAgainstLast5,0.5381578947368421,0.5381578947368421,0.9832352125388688,0.5860703531030363
EloDiff + HomeShotsAgainstLast5 + XGDDiffLast5 + AwayPointsLast5 + HomeShotsOnTargetAgainstLast5,5,HomeShotsOnTargetAgainstLast5,0.5381578947368421,0.5381578947368421,0.9832352125388688,0.5860703531030365
EloDiff + AwayPointsLast5 + XGDDiffLast5 + HomeShotsAgainstLast5 + HomeShotsOnTargetAgainstLast5,5,HomeShotsOnTargetAgainstLast5,0.5381578947368421,0.5381578947368421,0.9832352125388688,0.5860703531030363
EloDiff + AwayPointsLast5 + XGDDiffLast5 + HomeShotsAgainstLast5 + ShotDiffLast5,5,ShotDiffLast5,0.5401315789473684,0.5401315789473684,0.9832579368539258,0.5862157542220532
EloDiff + HomeShotsAgainstLast5 + XGDDiffLast5 + AwayPointsLast5 + ShotDiffLast5,5,ShotDiffLast5,0.5401315789473684,0.5401315789473684,0.9832579368539259,0.5862157542220532
EloDiff + AwayPointsLast5 + XGDDiffLast5 + GoalsAgainstPerGameDiff + HomeElo,5,HomeElo,0.5388157894736842,0.5388157894736842,0.9832597259932254,0.5856750207845114
EloDiff + HomeElo + XGDDiffLast5 + GDPerGameDiff + AwayShotsAgainstLast5,5,AwayShotsAgainstLast5,0.5375,0.5375,0.9832720810675077,0.5855114115228448
EloDiff + AwayPointsLast5 + XGDDiffLast5 + HomeShotsOnTargetAgainstLast5 + AwayElo,5,AwayElo,0.5407894736842105,0.5407894736842105,0.9832744681164081,0.5854022665001517
EloDiff + HomeShotsOnTargetAgainstLast5 + XGDDiffLast5 + AwayPointsLast5 + AwayElo,5,AwayElo,0.5407894736842105,0.5407894736842105,0.9832744681164081,0.5854022665001516
EloDiff + HomeElo + XGDDiffLast5 + GDPerGameDiff + XGForDiffLast5,5,XGForDiffLast5,0.5421052631578948,0.5421052631578948,0.9832876564636488,0.5856759694451245
EloDiff + AwayPointsLast5 + XGDDiffLast5 + HomeShotsOnTargetAgainstLast5 + AwayGoalsAgainstPerGame,5,AwayGoalsAgainstPerGame,0.5342105263157895,0.5342105263157895,0.9832896886215228,0.5859823317450346
EloDiff + HomeShotsOnTargetAgainstLast5 + XGDDiffLast5 + AwayPointsLast5 + AwayGoalsAgainstPerGame,5,AwayGoalsAgainstPerGame,0.5342105263157895,0.5342105263157895,0.9832896886215228,0.5859823317450346
EloDiff + AwayElo + XGDDiffLast5 + GDPerGameDiff + GoalDiffLast5,5,GoalDiffLast5,0.5421052631578946,0.5421052631578948,0.9832963043043714,0.5857570125018285
EloDiff + HomeElo + XGDDiffLast5 + GoalsPerGameDiff + XGForDiffLast5,5,XGForDiffLast5,0.549342105263158,0.5493421052631579,0.9833157013002987,0.5855532410455749
EloDiff + HomeElo + XGDDiffLast5 + GoalsPerGameDiff + AwayShotsAgainstLast5,5,AwayShotsAgainstLast5,0.5414473684210526,0.5414473684210527,0.9833200737443103,0.5854087735738556
EloDiff + AwayPointsLast5 + XGDDiffLast5 + PPGDiff + HomeGoalsPerGame,5,HomeGoalsPerGame,0.5342105263157895,0.5342105263157895,0.9833223453658937,0.5859741166485795
EloDiff + AwayPointsLast5 + XGDDiffLast5 + HomeGoalsPerGame + PPGDiff,5,PPGDiff,0.5342105263157895,0.5342105263157895,0.9833223453658937,0.5859741166485795
EloDiff + AwayPointsLast5 + XGDDiffLast5 + GDPerGameDiff + XGAgainstDiffPg,5,XGAgainstDiffPg,0.5317567567567568,0.5317567567567567,0.9833277294621408,0.5867265289045884
EloDiff + AwayPointsLast5 + XGDDiffLast5 + XGDDiff + GoalAgainstDiffLast5,5,GoalAgainstDiffLast5,0.5304054054054054,0.5304054054054054,0.9833369210119296,0.5870842755849529
EloDiff + HomeShotsOnTargetAgainstLast5 + XGDDiffLast5 + AwayPointsLast5 + HomeGoalsAgainstLast5,5,HomeGoalsAgainstLast5,0.5394736842105263,0.5394736842105263,0.9833406653726771,0.5859097900677713
EloDiff + AwayPointsLast5 + XGDDiffLast5 + HomeShotsOnTargetAgainstLast5 + HomeGoalsAgainstLast5,5,HomeGoalsAgainstLast5,0.5394736842105263,0.5394736842105263,0.9833406653726771,0.5859097900677713
EloDiff + HomeShotsAgainstLast5 + XGDDiffLast5 + AwayPointsLast5 + AwayGoalsAgainstPerGame,5,AwayGoalsAgainstPerGame,0.5355263157894737,0.5355263157894737,0.9833461355095399,0.5860141868091604
EloDiff + AwayPointsLast5 + XGDDiffLast5 + HomeShotsAgainstLast5 + AwayGoalsAgainstPerGame,5,AwayGoalsAgainstPerGame,0.5355263157894737,0.5355263157894737,0.9833461355095399,0.5860141868091604
EloDiff + HomeGDPerGame + XGDDiffLast5 + AwayPointsLast5 + HomeElo,5,HomeElo,0.5427631578947368,0.5427631578947368,0.9833526377746912,0.5853374598773653
EloDiff + AwayPointsLast5 + XGDDiffLast5 + HomeGDPerGame + HomeElo,5,HomeElo,0.5427631578947368,0.5427631578947368,0.9833526377746912,0.5853374598773653
EloDiff + AwayElo + XGDDiffLast5 + AwayGDPerGame + GoalAgainstDiffLast5,5,GoalAgainstDiffLast5,0.5348684210526315,0.5348684210526315,0.9833788751298094,0.5856241097413029
EloDiff + AwayElo + XGDDiffLast5 + GDPerGameDiff + XGForDiffLast5,5,XGForDiffLast5,0.5427631578947368,0.5427631578947368,0.9833806866077754,0.5857703330163344
EloDiff + HomeShotsOnTargetAgainstLast5 + XGDDiffLast5 + AwayPointsLast5 + HomePointsLast5,5,HomePointsLast5,0.5394736842105263,0.5394736842105263,0.9833823005841746,0.5858975899354737
EloDiff + AwayPointsLast5 + XGDDiffLast5 + HomeShotsOnTargetAgainstLast5 + HomePointsLast5,5,HomePointsLast5,0.5394736842105263,0.5394736842105263,0.9833823005841746,0.5858975899354737
EloDiff + AwayPointsLast5 + XGDDiffLast5 + HomeGoalsPerGame + AwayGoalsLast5,5,AwayGoalsLast5,0.5355263157894737,0.5355263157894737,0.9833964139173912,0.5858542605559904
EloDiff + AwayPointsLast5 + XGDDiffLast5 + GoalsPerGameDiff + GoalDiffLast5,5,GoalDiffLast5,0.5401315789473684,0.5401315789473684,0.9833969668843872,0.5861816759279728
EloDiff + HomeElo + XGDDiffLast5 + GDPerGameDiff + XGAgainstDiffLast5,5,XGAgainstDiffLast5,0.5421052631578948,0.5421052631578948,0.9834005554562153,0.5857511992600729
EloDiff + HomeElo + XGDDiffLast5 + AwayGDPerGame + HomeGoalsAgainstLast5,5,HomeGoalsAgainstLast5,0.5342105263157895,0.5342105263157895,0.9834093724435746,0.5854644802048021
EloDiff + AwayPointsLast5 + XGDDiffLast5 + HomeGoalsLast5 + XGForDiffLast5,5,XGForDiffLast5,0.5388157894736842,0.5388157894736842,0.9834149960687337,0.5857663251744123
EloDiff + AwayPointsLast5 + XGDDiffLast5 + HomeGoalsLast5 + HomeGoalsPerGame,5,HomeGoalsPerGame,0.5368421052631579,0.5368421052631579,0.9834152143610766,0.585468567880666
EloDiff + AwayPointsLast5 + XGDDiffLast5 + HomeGoalsPerGame + HomeGoalsLast5,5,HomeGoalsLast5,0.5368421052631579,0.5368421052631579,0.9834152143610767,0.585468567880666
EloDiff + AwayPointsLast5 + XGDDiffLast5 + AwayGDPerGame + GoalDiffLast5,5,GoalDiffLast5,0.5348684210526315,0.5348684210526315,0.9834224197039266,0.5865371776224803
EloDiff + HomeGDPerGame + XGDDiffLast5 + AwayPointsLast5 + AwayShotsAgainstLast5,5,AwayShotsAgainstLast5,0.5394736842105262,0.5394736842105263,0.9834288797353263,0.5861402649677803
EloDiff + AwayPointsLast5 + XGDDiffLast5 + HomeGDPerGame + AwayShotsAgainstLast5,5,AwayShotsAgainstLast5,0.5394736842105262,0.5394736842105263,0.9834288797353263,0.5861402649677803
EloDiff + AwayElo + XGDDiffLast5 + GoalsPerGameDiff + XGForDiffLast5,5,XGForDiffLast5,0.5473684210526315,0.5473684210526316,0.9834344876603847,0.5856645801451021
EloDiff + AwayPointsLast5 + XGDDiffLast5 + GDPerGameDiff + HomeShotsOnTargetLast5,5,HomeShotsOnTargetLast5,0.5296052631578947,0.5296052631578947,0.9834427834059059,0.5867275807096586
EloDiff + HomeElo + XGDDiffLast5 + GDPerGameDiff + XGDDiff,5,XGDDiff,0.5385135135135135,0.5385135135135135,0.9834483503231104,0.5862203287892925
EloDiff + AwayPointsLast5 + XGDDiffLast5 + AwayGDPerGame + XGForDiffLast5,5,XGForDiffLast5,0.5355263157894737,0.5355263157894737,0.9834521465292729,0.586477127405083
EloDiff + HomeElo + XGDDiffLast5 + GoalsPerGameDiff + XGAgainstDiffLast5,5,XGAgainstDiffLast5,0.5486842105263159,0.5486842105263158,0.9834569338337948,0.5856503289471382
EloDiff + AwayPointsLast5 + XGDDiffLast5 + HomeGoalsLast5 + HomeElo,5,HomeElo,0.544078947368421,0.5440789473684211,0.9834751646870402,0.5852904262692946
EloDiff + AwayPointsLast5 + XGDDiffLast5 + HomeGoalsPerGame + XGAgainstDiffPg,5,XGAgainstDiffPg,0.5385135135135135,0.5385135135135135,0.9834770269553986,0.5861453578399918
EloDiff + AwayPointsLast5 + XGDDiffLast5 + GoalsAgainstPerGameDiff + AwayElo,5,AwayElo,0.5381578947368422,0.5381578947368421,0.9834772474926043,0.5858421293708802
EloDiff + HomeElo + XGDDiffLast5 + AwayGDPerGame + GoalAgainstDiffLast5,5,GoalAgainstDiffLast5,0.5355263157894736,0.5355263157894737,0.9834839638321266,0.5856324899146446
EloDiff + HomeGDPerGame + XGDDiffLast5 + AwayPointsLast5 + XGForDiffLast5,5,XGForDiffLast5,0.5401315789473684,0.5401315789473684,0.9834888499276653,0.5859613356007334
EloDiff + AwayPointsLast5 + XGDDiffLast5 + HomeGDPerGame + XGForDiffLast5,5,XGForDiffLast5,0.5401315789473684,0.5401315789473684,0.9834888499276653,0.5859613356007334
EloDiff + AwayPointsLast5 + XGDDiffLast5 + GoalsAgainstPerGameDiff + XGForDiffLast5,5,XGForDiffLast5,0.5348684210526315,0.5348684210526315,0.9834945692829975,0.5862867419609364
EloDiff + AwayPointsLast5 + XGDDiffLast5 + HomeGoalsLast5 + XGAgainstDiffLast5,5,XGAgainstDiffLast5,0.5375,0.5375,0.9834955316341176,0.5858347080572832
EloDiff + AwayElo + XGDDiffLast5 + GDPerGameDiff + XGAgainstDiffLast5,5,XGAgainstDiffLast5,0.5421052631578948,0.5421052631578948,0.9835056403611803,0.5858498544722663
EloDiff + AwayElo + XGDDiffLast5 + GDPerGameDiff + XGDDiff,5,XGDDiff,0.5405405405405406,0.5405405405405406,0.983512925414615,0.5862843650390639
EloDiff + AwayPointsLast5 + XGDDiffLast5 + AwayGDPerGame + XGAgainstDiffLast5,5,XGAgainstDiffLast5,0.5361842105263158,0.5361842105263158,0.9835381022820124,0.5865385783957369
EloDiff + AwayPointsLast5 + XGDDiffLast5 + HomeGDPerGame + AwayElo,5,AwayElo,0.5421052631578946,0.5421052631578948,0.9835396550251916,0.5855105114771516
EloDiff + HomeGDPerGame + XGDDiffLast5 + AwayPointsLast5 + AwayElo,5,AwayElo,0.5421052631578946,0.5421052631578948,0.9835396550251916,0.5855105114771515
EloDiff + AwayElo + XGDDiffLast5 + AwayGDPerGame + AwayShotsAgainstLast5,5,AwayShotsAgainstLast5,0.5381578947368422,0.5381578947368421,0.9835412780770716,0.5852683596651969
EloDiff + AwayPointsLast5 + XGDDiffLast5 + HomeGoalsPerGame + AwayGoalsAgainstPerGame,5,AwayGoalsAgainstPerGame,0.5335526315789474,0.5335526315789474,0.9835576366475394,0.5856201247290591
EloDiff + AwayElo + XGDDiffLast5 + GoalsPerGameDiff + XGAgainstDiffLast5,5,XGAgainstDiffLast5,0.5486842105263159,0.5486842105263158,0.9835853612632048,0.5857672548827964
EloDiff + AwayPointsLast5 + XGDDiffLast5 + GoalsAgainstPerGameDiff + XGAgainstDiffLast5,5,XGAgainstDiffLast5,0.5342105263157895,0.5342105263157895,0.9835933529392312,0.5863524517021257
EloDiff + AwayPointsLast5 + XGDDiffLast5 + HomeGDPerGame + ShotOTDiffLast5,5,ShotOTDiffLast5,0.5401315789473684,0.5401315789473684,0.9836037502210587,0.5860798712602605
EloDiff + HomeGDPerGame + XGDDiffLast5 + AwayPointsLast5 + ShotOTDiffLast5,5,ShotOTDiffLast5,0.5401315789473684,0.5401315789473684,0.9836037502210587,0.5860798712602606
EloDiff + AwayElo + XGDDiffLast5 + GDPerGameDiff + AwayGoalsAgainstPerGame,5,AwayGoalsAgainstPerGame,0.5328947368421052,0.5328947368421053,0.9836057009823115,0.5853457497147516
EloDiff + AwayPointsLast5 + XGDDiffLast5 + HomeGoalsLast5 + XGAgainstDiffPg,5,XGAgainstDiffPg,0.5344594594594594,0.5344594594594595,0.9836099354313754,0.5864030980227144
EloDiff + AwayPointsLast5 + XGDDiffLast5 + GoalsPerGameDiff + HomeShotsOnTargetLast5,5,HomeShotsOnTargetLast5,0.5355263157894736,0.5355263157894737,0.9836123519997347,0.5866599457372486
EloDiff + HomeElo + XGDDiffLast5 + GDPerGameDiff + PPGDiff,5,PPGDiff,0.5407894736842106,0.5407894736842105,0.9836212906013926,0.5858439560519735
EloDiff + AwayPointsLast5 + XGDDiffLast5 + HomeGDPerGame + XGAgainstDiffLast5,5,XGAgainstDiffLast5,0.5388157894736842,0.5388157894736842,0.983632421228996,0.5860543220193596
EloDiff + HomeGDPerGame + XGDDiffLast5 + AwayPointsLast5 + XGAgainstDiffLast5,5,XGAgainstDiffLast5,0.5388157894736842,0.5388157894736842,0.983632421228996,0.5860543220193596
EloDiff + AwayPointsLast5 + XGDDiffLast5 + HomeGoalsPerGame + HomeGoalsAgainstLast5,5,HomeGoalsAgainstLast5,0.5368421052631579,0.5368421052631579,0.9836403008742949,0.585741104125244
EloDiff + AwayPointsLast5 + XGDDiffLast5 + HomeGoalsLast5 + GoalDiffLast5,5,GoalDiffLast5,0.5401315789473684,0.5401315789473684,0.9836433259558267,0.586139924567368
EloDiff + AwayPointsLast5 + XGDDiffLast5 + HomeShotsOnTargetAgainstLast5 + XGForDiffLast5,5,XGForDiffLast5,0.5388157894736842,0.5388157894736842,0.9836442078650746,0.5861865951665775
EloDiff + HomeShotsOnTargetAgainstLast5 + XGDDiffLast5 + AwayPointsLast5 + XGForDiffLast5,5,XGForDiffLast5,0.5388157894736842,0.5388157894736842,0.9836442078650756,0.5861865951665781
EloDiff + AwayPointsLast5 + XGDDiffLast5 + HomeGoalsLast5 + HomeGoalsAgainstLast5,5,HomeGoalsAgainstLast5,0.5381578947368422,0.5381578947368421,0.9836772101301793,0.585863727495209
EloDiff + AwayElo + XGDDiffLast5 + GDPerGameDiff + PPGDiff,5,PPGDiff,0.5414473684210527,0.5414473684210527,0.9836796245834164,0.5859177435515323
EloDiff + AwayPointsLast5 + XGDDiffLast5 + HomeGDPerGame + HomeGoalsAgainstLast5,5,HomeGoalsAgainstLast5,0.5388157894736842,0.5388157894736842,0.9836813156192205,0.5859273463748147
EloDiff + HomeGDPerGame + XGDDiffLast5 + AwayPointsLast5 + HomeGoalsAgainstLast5,5,HomeGoalsAgainstLast5,0.5388157894736842,0.5388157894736842,0.9836813156192205,0.5859273463748147
EloDiff + AwayPointsLast5 + XGDDiffLast5 + GoalsPerGameDiff + AwayGoalsAgainstLast5,5,AwayGoalsAgainstLast5,0.5401315789473684,0.5401315789473684,0.9836947974656327,0.5864962714831705
EloDiff + AwayPointsLast5 + XGDDiffLast5 + HomeGoalsLast5 + AwayGoalsLast5,5,AwayGoalsLast5,0.5401315789473684,0.5401315789473684,0.9836949354460508,0.5861811818095592
EloDiff + AwayPointsLast5 + XGDDiffLast5 + HomeGoalsLast5 + AwayElo,5,AwayElo,0.5447368421052632,0.5447368421052632,0.9837166180965511,0.5854848963907217
EloDiff + AwayPointsLast5 + XGDDiffLast5 + HomeGoalsLast5 + ShotOTDiffLast5,5,ShotOTDiffLast5,0.5388157894736842,0.5388157894736842,0.9837255931243153,0.5859480852439145
EloDiff + HomeElo + XGDDiffLast5 + GDPerGameDiff + AwayGoalsAgainstPerGame,5,AwayGoalsAgainstPerGame,0.5322368421052631,0.5322368421052631,0.9837350124240676,0.5853712154540214
EloDiff + HomeElo + XGDDiffLast5 + GoalsPerGameDiff + AwayShotsOnTargetAgainstLast5,5,AwayShotsOnTargetAgainstLast5,0.544078947368421,0.5440789473684211,0.9837418541452136,0.5854026949665658
EloDiff + AwayPointsLast5 + XGDDiffLast5 + HomeGoalsPerGame + XGForDiffLast5,5,XGForDiffLast5,0.5328947368421053,0.5328947368421053,0.9837524364263724,0.5858946642119608
EloDiff + AwayPointsLast5 + XGDDiffLast5 + GoalsAgainstPerGameDiff + ShotOTDiffLast5,5,ShotOTDiffLast5,0.5375000000000001,0.5375,0.9837574976585599,0.5864651472351978
EloDiff + AwayElo + XGDDiffLast5 + GoalsPerGameDiff + AwayShotsOnTargetAgainstLast5,5,AwayShotsOnTargetAgainstLast5,0.5434210526315789,0.5434210526315789,0.9837654506464915,0.5854617204615691
EloDiff + AwayPointsLast5 + XGDDiffLast5 + HomeShotsOnTargetAgainstLast5 + AwayGoalsLast5,5,AwayGoalsLast5,0.5381578947368422,0.5381578947368421,0.9837698744112118,0.5864969740731824
EloDiff + HomeShotsOnTargetAgainstLast5 + XGDDiffLast5 + AwayPointsLast5 + AwayGoalsLast5,5,AwayGoalsLast5,0.5381578947368422,0.5381578947368421,0.9837698744112118,0.5864969740731824
EloDiff + HomeShotsOnTargetAgainstLast5 + XGDDiffLast5 + AwayPointsLast5 + ShotOTDiffLast5,5,ShotOTDiffLast5,0.5388157894736842,0.5388157894736842,0.9837711725850522,0.5862131832094645
EloDiff + AwayPointsLast5 + XGDDiffLast5 + HomeShotsOnTargetAgainstLast5 + ShotOTDiffLast5,5,ShotOTDiffLast5,0.5388157894736842,0.5388157894736842,0.9837711725850522,0.5862131832094645
EloDiff + AwayPointsLast5 + XGDDiffLast5 + HomeShotsOnTargetAgainstLast5 + XGAgainstDiffLast5,5,XGAgainstDiffLast5,0.5375,0.5375,0.983776108961868,0.5862782903600618
EloDiff + HomeShotsOnTargetAgainstLast5 + XGDDiffLast5 + AwayPointsLast5 + XGAgainstDiffLast5,5,XGAgainstDiffLast5,0.5375,0.5375,0.983776108961868,0.5862782903600618
EloDiff + HomeElo + XGDDiffLast5 + GoalsPerGameDiff + HomeGoalsAgainstLast5,5,HomeGoalsAgainstLast5,0.5453947368421053,0.5453947368421053,0.9837846955323432,0.5856938924155446
EloDiff + AwayPointsLast5 + XGDDiffLast5 + HomeShotsAgainstLast5 + XGForDiffLast5,5,XGForDiffLast5,0.5394736842105263,0.5394736842105263,0.983785107969692,0.586413704003923
EloDiff + HomeShotsAgainstLast5 + XGDDiffLast5 + AwayPointsLast5 + XGForDiffLast5,5,XGForDiffLast5,0.5394736842105263,0.5394736842105263,0.9837851079696935,0.5864137040039239
EloDiff + AwayPointsLast5 + XGDDiffLast5 + AwayGDPerGame + ShotOTDiffLast5,5,ShotOTDiffLast5,0.5348684210526315,0.5348684210526315,0.983807102908268,0.5867262234291157
EloDiff + AwayPointsLast5 + XGDDiffLast5 + HomeGoalsPerGame + XGAgainstDiffLast5,5,XGAgainstDiffLast5,0.5322368421052632,0.5322368421052631,0.9838137353684601,0.5859395196073517
EloDiff + AwayPointsLast5 + XGDDiffLast5 + HomeGoalsPerGame + HomeElo,5,HomeElo,0.5434210526315789,0.5434210526315789,0.9838207028687276,0.585557843079488
EloDiff + HomeElo + XGDDiffLast5 + AwayGDPerGame + AwayShotsAgainstLast5,5,AwayShotsAgainstLast5,0.5361842105263157,0.5361842105263158,0.9838275877523408,0.585359637697279
EloDiff + HomeElo + XGDDiffLast5 + GDPerGameDiff + ShotOTDiffLast5,5,ShotOTDiffLast5,0.5388157894736842,0.5388157894736842,0.9838309136942105,0.5860791783388524
EloDiff + AwayElo + XGDDiffLast5 + GoalsPerGameDiff + HomeGoalsAgainstLast5,5,HomeGoalsAgainstLast5,0.5467105263157894,0.5467105263157894,0.9838455486335803,0.5857769729070336
EloDiff + AwayPointsLast5 + XGDDiffLast5 + HomeGoalsLast5 + HomePPG,5,HomePPG,0.5361842105263158,0.5361842105263158,0.9838600743359046,0.5858679210175065
EloDiff + AwayPointsLast5 + XGDDiffLast5 + HomeShotsAgainstLast5 + ShotOTDiffLast5,5,ShotOTDiffLast5,0.5407894736842106,0.5407894736842105,0.9838664832853716,0.5863843441878269
EloDiff + HomeShotsAgainstLast5 + XGDDiffLast5 + AwayPointsLast5 + ShotOTDiffLast5,5,ShotOTDiffLast5,0.5407894736842106,0.5407894736842105,0.9838664832853716,0.5863843441878269
EloDiff + HomeGDPerGame + XGDDiffLast5 + AwayPointsLast5 + HomePointsLast5,5,HomePointsLast5,0.5381578947368422,0.5381578947368421,0.9838702159826094,0.5860312943210907
EloDiff + AwayPointsLast5 + XGDDiffLast5 + HomeGDPerGame + HomePointsLast5,5,HomePointsLast5,0.5381578947368422,0.5381578947368421,0.9838702159826094,0.5860312943210907
EloDiff + HomeShotsOnTargetAgainstLast5 + XGDDiffLast5 + AwayPointsLast5 + AwayShotsOnTargetAgainstLast5,5,AwayShotsOnTargetAgainstLast5,0.5394736842105263,0.5394736842105263,0.9838731384430566,0.5861769840314717
EloDiff + AwayPointsLast5 + XGDDiffLast5 + HomeShotsOnTargetAgainstLast5 + AwayShotsOnTargetAgainstLast5,5,AwayShotsOnTargetAgainstLast5,0.5394736842105263,0.5394736842105263,0.9838731384430566,0.5861769840314718
EloDiff + AwayElo + XGDDiffLast5 + AwayGDPerGame + AwayGoalsLast5,5,AwayGoalsLast5,0.5328947368421052,0.5328947368421053,0.9838874536550963,0.586126115474189
EloDiff + AwayElo + XGDDiffLast5 + GDPerGameDiff + ShotOTDiffLast5,5,ShotOTDiffLast5,0.5388157894736842,0.5388157894736842,0.9838994664325202,0.5861544284925893
EloDiff + AwayPointsLast5 + XGDDiffLast5 + HomeGDPerGame + AwayShotsOnTargetAgainstLast5,5,AwayShotsOnTargetAgainstLast5,0.5375,0.5375,0.9839007622020588,0.5860449364888309
EloDiff + HomeGDPerGame + XGDDiffLast5 + AwayPointsLast5 + AwayShotsOnTargetAgainstLast5,5,AwayShotsOnTargetAgainstLast5,0.5375,0.5375,0.9839007622020588,0.5860449364888309
EloDiff + AwayPointsLast5 + XGDDiffLast5 + PPGDiff + HomeShotsOnTargetLast5,5,HomeShotsOnTargetLast5,0.5309210526315788,0.530921052631579,0.9839335160287839,0.5869959199814088
EloDiff + AwayPointsLast5 + XGDDiffLast5 + HomeShotsAgainstLast5 + HomePointsLast5,5,HomePointsLast5,0.5421052631578946,0.5421052631578948,0.9839451814802156,0.5863615171725731
EloDiff + HomeShotsAgainstLast5 + XGDDiffLast5 + AwayPointsLast5 + HomePointsLast5,5,HomePointsLast5,0.5421052631578946,0.5421052631578948,0.9839451814802157,0.5863615171725731
EloDiff + AwayPointsLast5 + XGDDiffLast5 + HomeShotsAgainstLast5 + XGAgainstDiffLast5,5,XGAgainstDiffLast5,0.5394736842105263,0.5394736842105263,0.9839477044682947,0.5865238874951143
EloDiff + HomeShotsAgainstLast5 + XGDDiffLast5 + AwayPointsLast5 + XGAgainstDiffLast5,5,XGAgainstDiffLast5,0.5394736842105263,0.5394736842105263,0.9839477044682949,0.5865238874951143
EloDiff + HomeElo + XGDDiffLast5 + AwayGDPerGame + AwayGoalsLast5,5,AwayGoalsLast5,0.5322368421052632,0.5322368421052631,0.983965815895858,0.5861296317863312
EloDiff + AwayElo + XGDDiffLast5 + AwayGDPerGame + AwayGoalsAgainstPerGame,5,AwayGoalsAgainstPerGame,0.5368421052631579,0.5368421052631579,0.9839725949516016,0.5853003708455785
EloDiff + AwayPointsLast5 + XGDDiffLast5 + GDPerGameDiff + AwayGoalsAgainstLast5,5,AwayGoalsAgainstLast5,0.5361842105263157,0.5361842105263158,0.9839744257012513,0.586728990623
EloDiff + HomeElo + XGDDiffLast5 + GoalsPerGameDiff + ShotOTDiffLast5,5,ShotOTDiffLast5,0.5447368421052632,0.5447368421052632,0.9839767189167499,0.5859291429019208
EloDiff + HomeElo + XGDDiffLast5 + GoalsPerGameDiff + GoalDiffLast5,5,GoalDiffLast5,0.5473684210526316,0.5473684210526316,0.9839983764078788,0.5858937328315532
EloDiff + AwayPointsLast5 + XGDDiffLast5 + AwayGDPerGame + HomeShotsOnTargetLast5,5,HomeShotsOnTargetLast5,0.5315789473684212,0.531578947368421,0.9840052964236063,0.587020598832309
EloDiff + AwayPointsLast5 + XGDDiffLast5 + XGDDiff + AwayGoalsAgainstPerGame,5,AwayGoalsAgainstPerGame,0.5304054054054054,0.5304054054054054,0.9840140475811348,0.5871557283278542
EloDiff + AwayPointsLast5 + XGDDiffLast5 + HomeShotsAgainstLast5 + AwayGoalsLast5,5,AwayGoalsLast5,0.5388157894736842,0.5388157894736842,0.9840302285914999,0.5867441871773765
EloDiff + HomeShotsAgainstLast5 + XGDDiffLast5 + AwayPointsLast5 + AwayGoalsLast5,5,AwayGoalsLast5,0.5388157894736842,0.5388157894736842,0.9840302285914999,0.5867441871773764
EloDiff + AwayPointsLast5 + XGDDiffLast5 + HomeGoalsLast5 + HomePointsLast5,5,HomePointsLast5,0.5414473684210527,0.5414473684210527,0.984036728258218,0.5861136259270971
EloDiff + AwayPointsLast5 + XGDDiffLast5 + AwayGDPerGame + GoalAgainstDiffLast5,5,GoalAgainstDiffLast5,0.5375,0.5375,0.9840370903890956,0.5871356604449961
EloDiff + HomeElo + XGDDiffLast5 + GDPerGameDiff + GoalAgainstDiffLast5,5,GoalAgainstDiffLast5,0.5401315789473684,0.5401315789473684,0.9840413464013817,0.5862472395036755
EloDiff + AwayElo + XGDDiffLast5 + GoalsPerGameDiff + ShotOTDiffLast5,5,ShotOTDiffLast5,0.5453947368421053,0.5453947368421053,0.9840717437164366,0.5860250152230997
EloDiff + AwayElo + XGDDiffLast5 + GDPerGameDiff + AwayShotsOnTargetAgainstLast5,5,AwayShotsOnTargetAgainstLast5,0.5434210526315789,0.5434210526315789,0.9840720133487258,0.5858603167040418
EloDiff + AwayPointsLast5 + XGDDiffLast5 + HomeGoalsPerGame + AwayElo,5,AwayElo,0.5421052631578948,0.5421052631578948,0.9840721186292624,0.5857375249660242
EloDiff + HomeElo + XGDDiffLast5 + GDPerGameDiff + AwayShotsOnTargetAgainstLast5,5,AwayShotsOnTargetAgainstLast5,0.5427631578947368,0.5427631578947368,0.984080933598077,0.5858201493506477
EloDiff + HomeElo + XGDDiffLast5 + GoalsPerGameDiff + XGAgainstDiffPg,5,XGAgainstDiffPg,0.5452702702702703,0.5452702702702703,0.9840952768400706,0.586413884001729
EloDiff + AwayElo + XGDDiffLast5 + GoalsPerGameDiff + GoalDiffLast5,5,GoalDiffLast5,0.5467105263157895,0.5467105263157894,0.9841035953100898,0.5859934814855228
EloDiff + HomeElo + XGDDiffLast5 + AwayGDPerGame + AwayGoalsAgainstPerGame,5,AwayGoalsAgainstPerGame,0.5381578947368421,0.5381578947368421,0.9841134340327384,0.5853377510808917
EloDiff + AwayElo + XGDDiffLast5 + GDPerGameDiff + GoalAgainstDiffLast5,5,GoalAgainstDiffLast5,0.5407894736842106,0.5407894736842105,0.9841294437988917,0.5863398644982306
EloDiff + HomeShotsAgainstLast5 + XGDDiffLast5 + AwayPointsLast5 + HomeGoalsAgainstLast5,5,HomeGoalsAgainstLast5,0.5388157894736842,0.5388157894736842,0.984135441106984,0.5864936385230446
EloDiff + AwayPointsLast5 + XGDDiffLast5 + HomeShotsAgainstLast5 + HomeGoalsAgainstLast5,5,HomeGoalsAgainstLast5,0.5388157894736842,0.5388157894736842,0.984135441106984,0.5864936385230446
EloDiff + AwayPointsLast5 + XGDDiffLast5 + HomeGDPerGame + AwayGoalsLast5,5,AwayGoalsLast5,0.5368421052631579,0.5368421052631579,0.9841394844454112,0.5865603062508569
EloDiff + HomeGDPerGame + XGDDiffLast5 + AwayPointsLast5 + AwayGoalsLast5,5,AwayGoalsLast5,0.5368421052631579,0.5368421052631579,0.9841394844454113,0.5865603062508569
EloDiff + HomeElo + XGDDiffLast5 + GDPerGameDiff + HomeGoalsPerGame,5,HomeGoalsPerGame,0.5355263157894737,0.5355263157894737,0.9841501830077642,0.5859016887356923
EloDiff + HomeElo + XGDDiffLast5 + GDPerGameDiff + AwayGoalsLast5,5,AwayGoalsLast5,0.5401315789473684,0.5401315789473684,0.9841528960132218,0.5864804536876544
EloDiff + AwayPointsLast5 + XGDDiffLast5 + GoalsAgainstPerGameDiff + HomePointsLast5,5,HomePointsLast5,0.5381578947368422,0.5381578947368421,0.9841621832588103,0.5867114775478111
EloDiff + AwayPointsLast5 + XGDDiffLast5 + GoalsAgainstPerGameDiff + AwayGoalsLast5,5,AwayGoalsLast5,0.5361842105263157,0.5361842105263158,0.9841770690449116,0.5870263509583205
EloDiff + AwayPointsLast5 + XGDDiffLast5 + PPGDiff + GoalAgainstDiffLast5,5,GoalAgainstDiffLast5,0.5394736842105263,0.5394736842105263,0.9841830043009633,0.586869074958889
EloDiff + AwayElo + XGDDiffLast5 + GoalsPerGameDiff + XGAgainstDiffPg,5,XGAgainstDiffPg,0.5445945945945946,0.5445945945945946,0.9842143971010837,0.5865250799050046
EloDiff + AwayElo + XGDDiffLast5 + AwayGDPerGame + AwayGoalsAgainstLast5,5,AwayGoalsAgainstLast5,0.5348684210526315,0.5348684210526315,0.9842206751357014,0.5859201085849294
EloDiff + HomeShotsAgainstLast5 + XGDDiffLast5 + AwayPointsLast5 + AwayShotsOnTargetAgainstLast5,5,AwayShotsOnTargetAgainstLast5,0.5355263157894736,0.5355263157894737,0.9842247972531553,0.5863504404571983
EloDiff + AwayPointsLast5 + XGDDiffLast5 + HomeShotsAgainstLast5 + AwayShotsOnTargetAgainstLast5,5,AwayShotsOnTargetAgainstLast5,0.5355263157894736,0.5355263157894737,0.9842247972531553,0.5863504404571983
EloDiff + AwayPointsLast5 + XGDDiffLast5 + HomeGoalsLast5 + GoalAgainstDiffLast5,5,GoalAgainstDiffLast5,0.5361842105263158,0.5361842105263158,0.9842525588633697,0.586550159649195
EloDiff + AwayPointsLast5 + XGDDiffLast5 + HomeGoalsLast5 + AwayShotsAgainstLast5,5,AwayShotsAgainstLast5,0.5407894736842106,0.5407894736842105,0.9842547275266371,0.5863561282392037
EloDiff + AwayPointsLast5 + XGDDiffLast5 + HomeGDPerGame + HomeShotsOnTargetLast5,5,HomeShotsOnTargetLast5,0.5328947368421053,0.5328947368421053,0.9842663052528611,0.5867643421347302
EloDiff + HomeGDPerGame + XGDDiffLast5 + AwayPointsLast5 + HomeShotsOnTargetLast5,5,HomeShotsOnTargetLast5,0.5328947368421053,0.5328947368421053,0.9842663052528611,0.5867643421347302
EloDiff + AwayElo + XGDDiffLast5 + AwayGDPerGame + AwayShotsOnTargetAgainstLast5,5,AwayShotsOnTargetAgainstLast5,0.5348684210526315,0.5348684210526315,0.984267583746889,0.5856292778288373
EloDiff + AwayPointsLast5 + XGDDiffLast5 + GoalsAgainstPerGameDiff + AwayGoalsAgainstPerGame,5,AwayGoalsAgainstPerGame,0.5361842105263158,0.5361842105263158,0.984272058123737,0.586378708954143
EloDiff + HomeElo + XGDDiffLast5 + GoalsPerGameDiff + GoalAgainstDiffLast5,5,GoalAgainstDiffLast5,0.5453947368421053,0.5453947368421053,0.9842847084127733,0.5863777098462438
EloDiff + AwayPointsLast5 + XGDDiffLast5 + HomeGoalsPerGame + ShotOTDiffLast5,5,ShotOTDiffLast5,0.5355263157894736,0.5355263157894737,0.9843031168680872,0.5862882647746475
EloDiff + AwayElo + XGDDiffLast5 + GDPerGameDiff + HomeGoalsPerGame,5,HomeGoalsPerGame,0.5368421052631579,0.5368421052631579,0.984320018399363,0.5859960061653094
EloDiff + AwayPointsLast5 + XGDDiffLast5 + PPGDiff + XGForDiffPg,5,XGForDiffPg,0.5324324324324324,0.5324324324324324,0.9843482051091139,0.5871069070091847
EloDiff + AwayPointsLast5 + XGDDiffLast5 + HomeGoalsPerGame + GoalAgainstDiffLast5,5,GoalAgainstDiffLast5,0.531578947368421,0.531578947368421,0.9843484059832117,0.586483484057667
EloDiff + AwayPointsLast5 + XGDDiffLast5 + HomeGoalsPerGame + GoalDiffLast5,5,GoalDiffLast5,0.5361842105263158,0.5361842105263158,0.9843514364556185,0.5864364674654919
EloDiff + AwayPointsLast5 + XGDDiffLast5 + HomeGDPerGame + XGAgainstDiffPg,5,XGAgainstDiffPg,0.5358108108108108,0.5358108108108108,0.9843546580443783,0.5869720496432899
EloDiff + HomeGDPerGame + XGDDiffLast5 + AwayPointsLast5 + XGAgainstDiffPg,5,XGAgainstDiffPg,0.5358108108108108,0.5358108108108108,0.9843546580443783,0.5869720496432899
EloDiff + AwayPointsLast5 + XGDDiffLast5 + GoalsAgainstPerGameDiff + AwayShotsAgainstLast5,5,AwayShotsAgainstLast5,0.5342105263157895,0.5342105263157895,0.9843717492347933,0.5869968708503901
EloDiff + AwayPointsLast5 + XGDDiffLast5 + HomeGoalsLast5 + AwayShotsOnTargetAgainstLast5,5,AwayShotsOnTargetAgainstLast5,0.5342105263157895,0.5342105263157895,0.9843875354630669,0.5861162020737507
EloDiff + AwayElo + XGDDiffLast5 + GDPerGameDiff + AwayGoalsLast5,5,AwayGoalsLast5,0.5427631578947368,0.5427631578947368,0.9843935912490169,0.5866500712710041
EloDiff + AwayElo + XGDDiffLast5 + GoalsPerGameDiff + GoalAgainstDiffLast5,5,GoalAgainstDiffLast5,0.5447368421052632,0.5447368421052632,0.9843990276515158,0.5864829478449438
EloDiff + AwayElo + XGDDiffLast5 + AwayGDPerGame + XGAgainstDiffPg,5,XGAgainstDiffPg,0.5364864864864866,0.5364864864864864,0.9844068126213856,0.5864352235693102
EloDiff + HomeElo + XGDDiffLast5 + GoalsPerGameDiff + HomeGoalsPerGame,5,HomeGoalsPerGame,0.542763157894737,0.5427631578947368,0.984413809519091,0.5860281555954129
EloDiff + AwayPointsLast5 + XGDDiffLast5 + AwayGDPerGame + HomeGoalsAgainstLast5,5,HomeGoalsAgainstLast5,0.5388157894736841,0.5388157894736842,0.9844158786958299,0.5870917564008226
EloDiff + HomeShotsAgainstLast5 + XGDDiffLast5 + AwayPointsLast5 + GoalAgainstDiffLast5,5,GoalAgainstDiffLast5,0.5388157894736842,0.5388157894736842,0.9844427247493688,0.587038327023565
EloDiff + AwayPointsLast5 + XGDDiffLast5 + HomeShotsAgainstLast5 + GoalAgainstDiffLast5,5,GoalAgainstDiffLast5,0.5388157894736842,0.5388157894736842,0.9844427247493688,0.587038327023565
EloDiff + AwayPointsLast5 + XGDDiffLast5 + HomeGoalsLast5 + HomeShotsOnTargetLast5,5,HomeShotsOnTargetLast5,0.5355263157894736,0.5355263157894737,0.9844448942077402,0.5867347616392303
EloDiff + HomeElo + XGDDiffLast5 + AwayGDPerGame + AwayGoalsAgainstLast5,5,AwayGoalsAgainstLast5,0.5342105263157895,0.5342105263157895,0.9844492922481161,0.5859939905196558
EloDiff + AwayElo + XGDDiffLast5 + GoalsPerGameDiff + AwayGoalsAgainstLast5,5,AwayGoalsAgainstLast5,0.5434210526315789,0.5434210526315789,0.9844504381826562,0.5862694593437168
EloDiff + AwayPointsLast5 + XGDDiffLast5 + HomeGoalsPerGame + AwayShotsOnTargetAgainstLast5,5,AwayShotsOnTargetAgainstLast5,0.5355263157894737,0.5355263157894737,0.9844518356481664,0.5860711100989949
EloDiff + HomeElo + XGDDiffLast5 + AwayGDPerGame + AwayShotsOnTargetAgainstLast5,5,AwayShotsOnTargetAgainstLast5,0.5342105263157895,0.5342105263157895,0.9844728819995977,0.5856946619060703
EloDiff + HomeShotsOnTargetAgainstLast5 + XGDDiffLast5 + AwayPointsLast5 + GoalAgainstDiffLast5,5,GoalAgainstDiffLast5,0.5355263157894736,0.5355263157894737,0.9844801234878747,0.5869950427860979
EloDiff + AwayPointsLast5 + XGDDiffLast5 + HomeShotsOnTargetAgainstLast5 + GoalAgainstDiffLast5,5,GoalAgainstDiffLast5,0.5355263157894736,0.5355263157894737,0.9844801234878748,0.5869950427860979
EloDiff + AwayPointsLast5 + XGDDiffLast5 + HomeGoalsPerGame + HomePointsLast5,5,HomePointsLast5,0.5388157894736842,0.5388157894736842,0.9844925124616186,0.5861702432197136
EloDiff + HomeElo + XGDDiffLast5 + GoalsPerGameDiff + AwayGoalsAgainstLast5,5,AwayGoalsAgainstLast5,0.5427631578947368,0.5427631578947368,0.9845358554302378,0.5862644875125838
EloDiff + AwayPointsLast5 + XGDDiffLast5 + AwayGDPerGame + AwayGoalsAgainstPerGame,5,AwayGoalsAgainstPerGame,0.5342105263157895,0.5342105263157895,0.9845682894347143,0.5867824525163973
EloDiff + AwayPointsLast5 + XGDDiffLast5 + HomeGoalsPerGame + AwayShotsAgainstLast5,5,AwayShotsAgainstLast5,0.5407894736842105,0.5407894736842105,0.9845741926351487,0.5864916297626118
EloDiff + AwayPointsLast5 + XGDDiffLast5 + GDPerGameDiff + XGForDiffPg,5,XGForDiffPg,0.529054054054054,0.529054054054054,0.9845776804053374,0.5872154680021006
EloDiff + HomeElo + XGDDiffLast5 + AwayGDPerGame + XGAgainstDiffPg,5,XGAgainstDiffPg,0.5364864864864866,0.5364864864864864,0.9846013231626547,0.5864944390124811
EloDiff + AwayElo + XGDDiffLast5 + GoalsPerGameDiff + HomeGoalsPerGame,5,HomeGoalsPerGame,0.542763157894737,0.5427631578947368,0.9846016202238779,0.5861505868055659
EloDiff + AwayElo + XGDDiffLast5 + GDPerGameDiff + AwayGoalsAgainstLast5,5,AwayGoalsAgainstLast5,0.5401315789473684,0.5401315789473684,0.9846478364536155,0.5865427872647926
EloDiff + AwayPointsLast5 + XGDDiffLast5 + PPGDiff + AwayGoalsAgainstLast5,5,AwayGoalsAgainstLast5,0.5368421052631579,0.5368421052631579,0.9846484538385708,0.5871009877933031
EloDiff + HomeElo + XGDDiffLast5 + GoalsPerGameDiff + AwayGoalsLast5,5,AwayGoalsLast5,0.5414473684210527,0.5414473684210527,0.9846526551273553,0.5865889154707666
EloDiff + AwayPointsLast5 + XGDDiffLast5 + HomeGoalsLast5 + XGForDiffPg,5,XGForDiffPg,0.5351351351351351,0.5351351351351351,0.9846727716444728,0.5870939190157708
EloDiff + HomeElo + XGDDiffLast5 + GDPerGameDiff + AwayGoalsAgainstLast5,5,AwayGoalsAgainstLast5,0.5388157894736841,0.5388157894736842,0.9847354112318594,0.586546566277382
EloDiff + HomeShotsOnTargetAgainstLast5 + XGDDiffLast5 + AwayPointsLast5 + AwayShotsAgainstLast5,5,AwayShotsAgainstLast5,0.5401315789473684,0.5401315789473684,0.9847687337347528,0.5869940409057743
EloDiff + AwayPointsLast5 + XGDDiffLast5 + HomeShotsOnTargetAgainstLast5 + AwayShotsAgainstLast5,5,AwayShotsAgainstLast5,0.5401315789473684,0.5401315789473684,0.9847687337347528,0.5869940409057743
EloDiff + AwayPointsLast5 + XGDDiffLast5 + GoalsAgainstPerGameDiff + HomeShotsOnTargetLast5,5,HomeShotsOnTargetLast5,0.5322368421052631,0.5322368421052631,0.9847726677634578,0.587441781302064
EloDiff + AwayPointsLast5 + XGDDiffLast5 + HomeGDPerGame + AwayGoalsAgainstLast5,5,AwayGoalsAgainstLast5,0.5388157894736842,0.5388157894736842,0.9847855712285543,0.5869885541219142
EloDiff + HomeGDPerGame + XGDDiffLast5 + AwayPointsLast5 + AwayGoalsAgainstLast5,5,AwayGoalsAgainstLast5,0.5388157894736842,0.5388157894736842,0.9847855712285543,0.5869885541219142
EloDiff + AwayPointsLast5 + XGDDiffLast5 + GoalsAgainstPerGameDiff + AwayShotsOnTargetAgainstLast5,5,AwayShotsOnTargetAgainstLast5,0.5342105263157895,0.5342105263157895,0.9848080617558943,0.5868432718926861
EloDiff + AwayPointsLast5 + XGDDiffLast5 + HomeShotsOnTargetAgainstLast5 + HomeShotsOnTargetLast5,5,HomeShotsOnTargetLast5,0.5361842105263158,0.5361842105263158,0.984820975479674,0.5872126582510978
EloDiff + HomeShotsOnTargetAgainstLast5 + XGDDiffLast5 + AwayPointsLast5 + HomeShotsOnTargetLast5,5,HomeShotsOnTargetLast5,0.5361842105263158,0.5361842105263158,0.984820975479674,0.5872126582510978
EloDiff + HomeElo + XGDDiffLast5 + GDPerGameDiff + XGAgainstDiffPg,5,XGAgainstDiffPg,0.5391891891891892,0.5391891891891892,0.9848994337895141,0.5871084771203917
EloDiff + AwayElo + XGDDiffLast5 + GoalsPerGameDiff + AwayGoalsLast5,5,AwayGoalsLast5,0.542763157894737,0.5427631578947368,0.9849698042570668,0.5867969269717102
EloDiff + AwayElo + XGDDiffLast5 + GDPerGameDiff + XGAgainstDiffPg,5,XGAgainstDiffPg,0.5398648648648648,0.5398648648648648,0.9849922314089128,0.5872027261242481
EloDiff + AwayPointsLast5 + XGDDiffLast5 + GoalsAgainstPerGameDiff + GoalAgainstDiffLast5,5,GoalAgainstDiffLast5,0.5355263157894736,0.5355263157894737,0.9849957071428042,0.5873020693503975
EloDiff + AwayPointsLast5 + XGDDiffLast5 + GoalsPerGameDiff + XGForDiffPg,5,XGForDiffPg,0.5317567567567567,0.5317567567567567,0.9850043683323788,0.5873199810661877
EloDiff + AwayPointsLast5 + XGDDiffLast5 + HomeGDPerGame + HomeGoalsPerGame,5,HomeGoalsPerGame,0.5361842105263157,0.5361842105263158,0.9850271870982261,0.5860811560005574
EloDiff + HomeGDPerGame + XGDDiffLast5 + AwayPointsLast5 + HomeGoalsPerGame,5,HomeGoalsPerGame,0.5361842105263157,0.5361842105263158,0.9850271870982261,0.5860811560005574
EloDiff + AwayPointsLast5 + XGDDiffLast5 + HomeGoalsPerGame + HomeGDPerGame,5,HomeGDPerGame,0.5361842105263157,0.5361842105263158,0.9850271870982261,0.5860811560005574
EloDiff + AwayPointsLast5 + XGDDiffLast5 + AwayGDPerGame + AwayShotsAgainstLast5,5,AwayShotsAgainstLast5,0.5361842105263157,0.5361842105263158,0.9851031828198427,0.5875266330881259
EloDiff + AwayPointsLast5 + XGDDiffLast5 + HomeShotsAgainstLast5 + HomeShotsOnTargetLast5,5,HomeShotsOnTargetLast5,0.5342105263157895,0.5342105263157895,0.9851550834872536,0.5875408298358366
EloDiff + HomeShotsAgainstLast5 + XGDDiffLast5 + AwayPointsLast5 + HomeShotsOnTargetLast5,5,HomeShotsOnTargetLast5,0.5342105263157895,0.5342105263157895,0.9851550834872536,0.5875408298358364
EloDiff + AwayPointsLast5 + XGDDiffLast5 + HomeGoalsLast5 + AwayGoalsAgainstLast5,5,AwayGoalsAgainstLast5,0.5355263157894737,0.5355263157894737,0.9851615239614067,0.5870031910349613
EloDiff + AwayPointsLast5 + XGDDiffLast5 + AwayGDPerGame + XGForDiffPg,5,XGForDiffPg,0.5344594594594594,0.5344594594594595,0.9851809508259222,0.5877634820162215
EloDiff + HomeGDPerGame + XGDDiffLast5 + AwayPointsLast5 + GoalAgainstDiffLast5,5,GoalAgainstDiffLast5,0.5368421052631579,0.5368421052631579,0.9852022658499195,0.5872281017899754
EloDiff + AwayPointsLast5 + XGDDiffLast5 + HomeGDPerGame + GoalAgainstDiffLast5,5,GoalAgainstDiffLast5,0.5368421052631579,0.5368421052631579,0.9852022658499195,0.5872281017899754
EloDiff + AwayPointsLast5 + XGDDiffLast5 + HomeGoalsPerGame + XGForDiffPg,5,XGForDiffPg,0.5344594594594594,0.5344594594594595,0.9852053460652619,0.5873387394028983
EloDiff + AwayElo + XGDDiffLast5 + AwayGDPerGame + XGForDiffPg,5,XGForDiffPg,0.5344594594594595,0.5344594594594595,0.985223869127662,0.5870773781715362
EloDiff + AwayPointsLast5 + XGDDiffLast5 + AwayGDPerGame + AwayGoalsAgainstLast5,5,AwayGoalsAgainstLast5,0.5348684210526315,0.5348684210526315,0.9852260183437576,0.5876946955937856
EloDiff + AwayPointsLast5 + XGDDiffLast5 + HomeGoalsPerGame + AwayGoalsAgainstLast5,5,AwayGoalsAgainstLast5,0.5348684210526317,0.5348684210526315,0.9852500093724006,0.5870014848570646
EloDiff + AwayPointsLast5 + XGDDiffLast5 + AwayGDPerGame + AwayGoalsLast5,5,AwayGoalsLast5,0.5328947368421053,0.5328947368421053,0.9852576522846268,0.5878954384120003
EloDiff + HomeElo + XGDDiffLast5 + AwayGDPerGame + XGForDiffPg,5,XGForDiffPg,0.5351351351351351,0.5351351351351351,0.9852892200524215,0.5870743802058935
EloDiff + AwayPointsLast5 + XGDDiffLast5 + HomeGDPerGame + XGForDiffPg,5,XGForDiffPg,0.5337837837837838,0.5337837837837838,0.9853417811268291,0.5876409457670078
EloDiff + HomeGDPerGame + XGDDiffLast5 + AwayPointsLast5 + XGForDiffPg,5,XGForDiffPg,0.5337837837837838,0.5337837837837838,0.9853417811268291,0.587640945767008
EloDiff + AwayPointsLast5 + XGDDiffLast5 + GoalsAgainstPerGameDiff + XGForDiffPg,5,XGForDiffPg,0.5351351351351351,0.5351351351351351,0.985452827042528,0.5879298499525344
EloDiff + AwayPointsLast5 + XGDDiffLast5 + AwayGDPerGame + XGAgainstDiffPg,5,XGAgainstDiffPg,0.5297297297297296,0.5297297297297298,0.9854800367060064,0.5882263683576548
EloDiff + HomeShotsOnTargetAgainstLast5 + XGDDiffLast5 + AwayPointsLast5 + AwayGoalsAgainstLast5,5,AwayGoalsAgainstLast5,0.5375,0.5375,0.9854872970150959,0.5875946680096487
EloDiff + AwayPointsLast5 + XGDDiffLast5 + HomeShotsOnTargetAgainstLast5 + AwayGoalsAgainstLast5,5,AwayGoalsAgainstLast5,0.5375,0.5375,0.9854872970150959,0.5875946680096487
EloDiff + HomeShotsAgainstLast5 + XGDDiffLast5 + AwayPointsLast5 + AwayShotsAgainstLast5,5,AwayShotsAgainstLast5,0.5375,0.5375,0.985497562808896,0.5873766177690511
EloDiff + AwayPointsLast5 + XGDDiffLast5 + HomeShotsAgainstLast5 + AwayShotsAgainstLast5,5,AwayShotsAgainstLast5,0.5375,0.5375,0.985497562808896,0.5873766177690511
EloDiff + HomeShotsOnTargetAgainstLast5 + XGDDiffLast5 + AwayPointsLast5 + XGAgainstDiffPg,5,XGAgainstDiffPg,0.5337837837837839,0.5337837837837838,0.9855661624002454,0.5880028076465942
EloDiff + AwayPointsLast5 + XGDDiffLast5 + HomeShotsOnTargetAgainstLast5 + XGAgainstDiffPg,5,XGAgainstDiffPg,0.5337837837837839,0.5337837837837838,0.9855661624002454,0.5880028076465942
EloDiff + AwayPointsLast5 + XGDDiffLast5 + GoalsAgainstPerGameDiff + XGAgainstDiffPg,5,XGAgainstDiffPg,0.533108108108108,0.5331081081081082,0.9856350746975089,0.5880104165973993
EloDiff + AwayPointsLast5 + XGDDiffLast5 + HomeShotsAgainstLast5 + AwayGoalsAgainstLast5,5,AwayGoalsAgainstLast5,0.5361842105263158,0.5361842105263158,0.9857018291079613,0.5876006387975719
EloDiff + HomeShotsAgainstLast5 + XGDDiffLast5 + AwayPointsLast5 + AwayGoalsAgainstLast5,5,AwayGoalsAgainstLast5,0.5361842105263158,0.5361842105263158,0.9857018291079616,0.5876006387975719
EloDiff + AwayPointsLast5 + XGDDiffLast5 + AwayGDPerGame + AwayShotsOnTargetAgainstLast5,5,AwayShotsOnTargetAgainstLast5,0.5348684210526315,0.5348684210526315,0.9857168394834959,0.5876316977211357
EloDiff + HomeShotsOnTargetAgainstLast5 + XGDDiffLast5 + AwayPointsLast5 + XGForDiffPg,5,XGForDiffPg,0.5371621621621621,0.5371621621621622,0.9857974664421557,0.5880985826109468
EloDiff + AwayPointsLast5 + XGDDiffLast5 + HomeShotsOnTargetAgainstLast5 + XGForDiffPg,5,XGForDiffPg,0.5371621621621621,0.5371621621621622,0.9857974664421557,0.5880985826109468
EloDiff + HomeShotsAgainstLast5 + XGDDiffLast5 + AwayPointsLast5 + XGDDiff,5,XGDDiff,0.527027027027027,0.527027027027027,0.9859266416442101,0.5884430581320849
EloDiff + AwayPointsLast5 + XGDDiffLast5 + XGDDiff + HomeShotsAgainstLast5,5,HomeShotsAgainstLast5,0.527027027027027,0.527027027027027,0.9859266416442101,0.588443058132085
EloDiff + AwayPointsLast5 + XGDDiffLast5 + HomeShotsAgainstLast5 + XGDDiff,5,XGDDiff,0.527027027027027,0.527027027027027,0.9859266416442101,0.588443058132085
EloDiff + AwayPointsLast5 + XGDDiffLast5 + GoalsAgainstPerGameDiff + AwayGoalsAgainstLast5,5,AwayGoalsAgainstLast5,0.5368421052631579,0.5368421052631579,0.9860405783821731,0.5879133526157299
EloDiff + AwayPointsLast5 + XGDDiffLast5 + HomeGoalsPerGame + HomePPG,5,HomePPG,0.5388157894736842,0.5388157894736842,0.9861831110892832,0.586908294262312
EloDiff + HomeElo + XGDDiffLast5 + GDPerGameDiff + XGForDiffPg,5,XGForDiffPg,0.5344594594594594,0.5344594594594595,0.986185269568873,0.5877035003220799
EloDiff + HomeElo + XGDDiffLast5 + GoalsPerGameDiff + XGForDiffPg,5,XGForDiffPg,0.5358108108108108,0.5358108108108108,0.9862145004400082,0.5875930883986267
EloDiff + AwayElo + XGDDiffLast5 + GDPerGameDiff + XGForDiffPg,5,XGForDiffPg,0.5351351351351351,0.5351351351351351,0.9862773616696144,0.5877866474472035
EloDiff + AwayElo + XGDDiffLast5 + GoalsPerGameDiff + XGForDiffPg,5,XGForDiffPg,0.5358108108108108,0.5358108108108108,0.9862931106000187,0.5876639108010119
EloDiff + AwayPointsLast5 + XGDDiffLast5 + XGDDiff + AwayGoalsAgainstLast5,5,AwayGoalsAgainstLast5,0.5310810810810811,0.5310810810810811,0.9864374313139788,0.5887923090959626
EloDiff + AwayPointsLast5 + XGDDiffLast5 + HomeGoalsPerGame + HomeShotsOnTargetLast5,5,HomeShotsOnTargetLast5,0.5335526315789474,0.5335526315789474,0.9865466937083774,0.5876971230868854
EloDiff + AwayPointsLast5 + XGDDiffLast5 + XGDDiff + AwayShotsAgainstLast5,5,AwayShotsAgainstLast5,0.5351351351351351,0.5351351351351351,0.9873118062573432,0.5893938579858016
EloDiff + HomeShotsAgainstLast5 + XGDDiffLast5 + AwayPointsLast5 + XGAgainstDiffPg,5,XGAgainstDiffPg,0.5304054054054055,0.5304054054054054,0.9884150087059773,0.5897777031215465
EloDiff + AwayPointsLast5 + XGDDiffLast5 + HomeShotsAgainstLast5 + XGAgainstDiffPg,5,XGAgainstDiffPg,0.5304054054054055,0.5304054054054054,0.9884150087059773,0.5897777031215465
EloDiff + HomeShotsAgainstLast5 + XGDDiffLast5 + AwayPointsLast5 + XGForDiffPg,5,XGForDiffPg,0.5337837837837838,0.5337837837837838,0.9886171034094686,0.5897974743180897
EloDiff + AwayPointsLast5 + XGDDiffLast5 + HomeShotsAgainstLast5 + XGForDiffPg,5,XGForDiffPg,0.5337837837837838,0.5337837837837838,0.9886171034094686,0.5897974743180897
